# Community_BERN5_ID	Community_Name	community_Synonyme	Naturalness level	use_type_Text	EUNIS_Code	Natura2000	Sources_plots	account_plots
1	Zosteretum marinae BORG ex VAN GOOR 1921		(semi-)aquatic community	unusable	MA3322	1110v, 1160v	Harmsen 1936 p. 852ff	25
2	Zosteretum noltii HARMSEN 1936		(semi-)aquatic community	unusable	MA3326	1110v, 1140v, 1160v	Harmsen 1936 p. 852ff (also: Dircksen 1968 p. 186; Westhoff 1969 p. 47 and Schaminée et al. 2010 p. 84; Beudin et al. 2021 Tab. V! p.23)	59
3	Ruppietum maritimae HOCQUETTE 1927	Ruppieto-Zannichellietum FROEDE 1949	(semi-)aquatic community	unusable	MA3322	1110v, *1150v, 1160v	Fukarek 1961 (also: Jeckel 1977 p. 243; Schubert 2001 p. 4; Beudin et al. 2021 Tab. V p.21)	92
4	Spartinetum townsendii CORILLON 1953		(semi-)aquatic community	unusable	MA3322	1110	Westhoff et Den Held 1969 p. 100 (also Dircksen 1968 p. 188; Schaminée et al. 2010 p. 269)	46
5	Eleocharitetum parvulae LIBBERT 1940	Eleocharitetum parvulae (Libbert 1940) Gillner 1960	(semi-)aquatic community	unusable	MA2281	1110v, *1150v	Gillner 1960 p. 1-198 (also: Beudin et al. 2021 Tab. V p.21)	32
6	Salicornietum herbacae TÜXEN 1937	Salicornietum europaeae CHRIST 1955	(semi-)aquatic community	unusable	MA2252	1310	Tüxen 1937, p. 46 (also Todor 1948 tab. 20 p. 104; Braun-Blanquet et Tüxen 1951 Tab. 24 and p. 272; Dircksen 1968 p. 189; Géhu et Franck 1982 Tab. 47bis, p. 248; Westhoff 1969 p. 70 and Schaminée et al. 2010 p. 271; Schubert 2001 p. 231)	218
7	Lemno minoris-Spirodeletum polyrrhiza W. KOCH 1954		(semi-)aquatic community	unusable	C1.3	3150v	Passarge 1964 Table 3b (also: Soó 1964b p. 131; Lienebecker 1971 Tab. 1a p. 70; Hilbig 1971c Tab. 1/1 + p. 7; Böcker 1978 Tab. 1/1-3 p. 46; Pott 1980 Tab. 4 + p. 27; Brullo et al. 1994 tab. 2; Pujol et al. 2023 p. 86; Chytry et al. 2011 tab. 2/4 p.77+54; 	614
8	Salvinio-Spirodeletum polyrrhiza W. KOCH 1954		(semi-)aquatic community	unusable	C1.3	3150v	Passarge 1964 Table 3c (also: Soó 1964b p. 131; Chytry et al. 2011 tab. 2/7 p.77+64; Fariselli et al. 2024 Tab. 02.7	32
9	Lemnetum minoris OBERDORFER 1957	included in Lemna minor-Ass.	(semi-)aquatic community	unusable	C1.3	3150v	Passarge 1964 Table 3a (also: Linhard 1964 Tab. Ie; Pujol et al. 2023 p. 86; Chytry et al. 2011 tab. 2/2 p. 77+49; Quesada et al. 2011 p. 139; Donita et al. 2005 p. 67; Fariselli et al. 2024 Tab. 0.2.1A-D)	366
10	Lemnetum gibbae W. KOCH 1954	Lemnetum gibbae (W. Koch 1954) Miyawaki et J. Tx. 1960; Wolffio-Lemnetum gibbae BENNAMA 1943	(semi-)aquatic community	unusable	C1.3	3150	Passarge 1964 Table 3d (also: Hilbig 1971c Tab. 1/5 + p. 10; Böcker 1978 Tab. 1/4-6 p. 46; Pott 1980 Tab. 5 + p. 27; Scoppola 1982 Tab. 13/7 p. 61; Pujol et al. 2023 p. 86; Chytry et al. 2011 tab. 2/5 p. 77+57; Schubert 2001 p. 255; Fariselli et al. 2024 	499
12	Lemnetum trisulca KELHOFER 1915	Lemnetum trisulcae R. Knapp et Stoffers 1962	(semi-)aquatic community	unusable	C1.3	3150v	Knapp et Stoffers 1962 p. 90ff (also: Hilbig 1971c Tab. 1/2 + p. 7; Pott 1980 Tab. 3 + p. 25; Scoppola 1982 tab. 15b p. 63; Brullo et al. 1994 tab. 4; Pujol et al. 2023 p. 87; Chytry et al. 2011 tab. 2/1 p. 77+47; Fariselli et al. 2024 Tab. 02.8)	254
13	Wolffietum arrhiza MIYAWAKI et J. TÜXEN 1960		(semi-)aquatic community	unusable	C1.3	3150	Miyawaki et Tüxen 1960 p. 127ff (also: Soó 1964b p. 131; Brullo et al. 1994 tab.1; Passarge 1996 Tab. 5a p. 11; Pujol et al. 2023 p. 87; Chytry et al. 2011 tab. 2/6 p. 77+61; Fariselli et al. 2024 Tab. 02.4)	38
14	Spirodelo-Salvinietum natantis SLAVNIC 1956		(semi-)aquatic community	unusable	C1.3	3150v	Oberdorfer 1998 Vol I Table 15/5B (also Hilbig 1971c Tab. 1/3 + p. 7; Reichhoff et Schnelle 1977 Tab. I/2 rel. 6-11 + p. 429; Chytry et al. 2011 tab. 2/7 p.77+64; Schubert 2001 p. 256, Donita et al. 2005 p. 68)	78
15	Lemno minoris-Salvinietum natantis KORNECK 1959	included in  Spirodelo-Salvinietum natantis Slavnic 1956	(semi-)aquatic community	unusable	C1.3	3150v	Passarge 1996 Tab. 7a,b	33
16	Riccietum fluitantis SLAVNIC 1956		(semi-)aquatic community	unusable	C1.2	3150v	Passarge 1964 Table 3e-f (also: Pott 1980 Tab. 1/5-31 + p. 23; Scoppola 1982 Tab. 13/2; Pujol et al. 2023 p. 88; Chytry et al. 2011 tab. 2/7 p.77+69; Schubert 2001 p. 257; Donita et al. 2005 p. 68)	168
17	Riccietum rhenanae KNAPP et STOFFERS 1962	Riccietum fluitantis Slavnic 1956	(semi-)aquatic community	unusable	C1.3	3150v	Oberdorfer 1998 Vol I Table 15/4 (also Chytry et al. 2011 tab. 2/10 p. 77+72)	63
18	Ricciocarpetum natantis SEGAL 1963	Ricciocarpetum natantis Tx. 1974	(semi-)aquatic community	unusable	C1.1	3150v	Scoppola 1982 tab. 13/1 p. 61 (also: Pott 1980 Tab. 2 p. 24; Pujol et al. 2023 p. 88; Chytry et al. 2011 tab. 2/11 p. 72+74; Schubert 2001 p. 257)	97
19	Stratiotetum aloides NOWINSKI 1930	Stratiotetum aloidis Miljan 1933	(semi-)aquatic community	unusable	C1.3	3150v	Passarge 1964 Table 4e (also: Tüxen 1974 Tab. 1 + p. 41; Chytry et al. 2011 tab. 2/15 p. 77+89; Westhoff 1969 p. 55 and Schaminée et al. 2010 p. 103; Schubert 2001 p. 259)	309
20	Hydrocharo-Stratiotetum WESTHOFF et al. 1946		(semi-)aquatic community	unusable	C1.3	3150v	Oberdorfer 1998 Vol I Table 15/6B (also Soó 1964b p. 132; Linhard 1964 Tab. Id; Pott 1980 Tab. 11 p. 58)	47
21	Lemno-Hydrocharitetum morsus-ranae OBERDORFER 1957	Hydrocharitetum morsus-ranae van Langendonck 1935	(semi-)aquatic community	unusable	C1.2	3150v	Passarge 1964 Table 4f (also: Hilbig 1971c Tab. 2/8 + p. 11; Passarge 1996 Tab. 13h p.35; Pujol et al. 2023 p. 89; Chytry et al. 2011 tab. 2/14 p. 77+87; Donita et al. 2005 p. 69)	85
22	Lemno-Utricarietum vulgaris SOÓ 1938		(semi-)aquatic community	unusable	C1.2	3150v	Passarge 1964 Table 4a-c (also: Hilbig 1971c Tab. 2/1 + p. 11; Reichhoff et Schnelle 1977 Tab. I/4 rel. 15,16 + p. 429; Chytry 2011 tab. 2/11 p.72+80; Schubert 2001 p. 260; Donita et al. 2005 p. 69)	73
23	Aldrovandetum vesiculatae BORHIDI et J. KOMLODI 1959		(semi-)aquatic community	unusable	C1.3	3150v	Oberdorfer 1998 Vol I Table 15/9 (also Soó 1964b p. 132)	13
24	Lemno-Utricarietum australis TH. MÜLLER et GÖRS 1960		(semi-)aquatic community	unusable	C1.1	3150v	Oberdorfer 1998 Vol I Table 15/8 Ba (also: Hilbig 1971c Tab. 2/3 + p. 11; Köck 1983 Tab. 4 p. 157; Brullo et al. 1994 tab. 13; Pujol et al. 2023 p. 88; Chytry et al. 2011 tab. 2/12 p. 72+83; Schubert 2001 p. 261; Fariselli et al. 2024 Tab. 03.13A-B)	154
25	Ceratophylletum demersi SOÓ 1928	Ceratophyllum demersum-Ass.	(semi-)aquatic community	unusable	C1.3	3150v	Passarge 1996 tab. 12c-d p. 32 (also: Weisser 1970 Tab. 15/29-54 + p. 60; Hilbig 1971c Tab. 2/10 + p. 12; Reichhoff et Schnelle 1977 Tab. II/6 rel. 19-24 + p. 431; Barbagallo et al. 1979 tab. 5; Oberdorfer 1998 Vol I Table 19/14 a; Pujol et al. 2023 p. 89	311
26	Ceratophylletum submersi SOÓ 1928	Ceratophyllum submersum-Gesellschaft	(semi-)aquatic community	unusable	C1.3	3150v	Passarge 1996 tab. 12g-k  p. 32 (also: Reichhoff et Schnelle 1977 Tab. II/7 rel. 25-31 + p. 434; Chytry et al. 2011 tab. 2/17 p. 77+96; Schubert 2001 p. 262; Donita et al. 2005 p. 71; Fariselli et al. 2024 Tab.03.14)	79
27	Potamogetonetum lucentis HUECK 1931		(semi-)aquatic community	unusable	C1.3	3150pp	Passarge 1964 Table 9a-c (also Linhard 1964 Tab. I/a; Hilbig 1971c Tab. 3/2 + p. 16; Lienenbecker 1971 Tab. 18a + p. 110; Reichhoff et Schnelle 1977 Tab. II/2 rel. 4-10 + p. 430; Pott 1980 Tab. 8/18-28,51-71 + p. 41; Oberdorfer 1998 Vol I Table 19/11a-b; 	285
28	Potamogetonetum perfoliati W. KOCH 1926	Potamogeton perfoliatus-Gesellschaft	(semi-)aquatic community	unusable	C1.3	3150pp, 3260v	Passarge 1964 Table 9d-f (also Hilbig 1971c Tab. 3/3 + p. 17; Brullo et al. 1994 tab. 7; Oberdorfer 1998 Vol I Table 19/9a-b; Chytry et al. 2011 tab. 475 p.147+152; Schubert 2001 p. 266; Donita et al. 2005 p. 71)	73
29	Potamogetonetum praelongi MILJAN 1933	Potamogetonetum praelongi Sauer 1937	(semi-)aquatic community	unusable	C1.3	3150pp	 Passarge 1994 Tab. 16a-d (also: Chytry et al. 2011 tab. 4/12 p. 147+175)	37
30	Potamogetonetum colorati ALLORGE 1922		(semi-)aquatic community	unusable	C1.3	3150pp	Oberdorfer 1998 Vol I Table 21a-c (also: Pujol et al. 2023 p. 96)	49
31	Potamogetonetum alpini PODBIELKOWSKI 1967	Potametum tenuifolii Kiprijanova et Lascinskij 2000	(semi-)aquatic community	unusable	C1.4	3150pp, 3260v	Oberdorfer 1998 Vol I Table 19/6a-b  (also: Chytry et al. 2011 tab. 4/9 p. 147+165; Schubert 2001 p. 267)	49
32	Potamogetonetum nitentis W. KOCH 1926		(semi-)aquatic community	unusable	C1.3	3150	Passarge 1964 Table10c-d (also Oberdorfer 1998 Vol I Table 19/7a-c)	36
33	Potamogetonetum graminei W. KOCH 1926	Potamogeton gramineus-Gesellschaft	(semi-)aquatic community	unusable	C1.4	3150pp	Passarge 1964 Table10e-g (also: Hilbig 1971c Tab. 3/5 + p. 17; Lienenbecker 1971 Tab. 18b + p. 110; Pott 1980 Tab. 6 p. 36; Chytry et al. 2011 tab. 4/2 p.147+138; Schubert 2001 p. 268; Donita et al. 2005 p. 70)	238
34	Potamogetonetum filiformis W. KOCH 1928		(semi-)aquatic community	unusable	C1.1	3150pp	Passarge 1996, tab. 25i p. 142 (also: Oberdorfer 1998 Vol I Table 19/6a-b)	25
35	Potamogetonetum mucronati SAUER 1937	Potamogeton friesii-Ass.	(semi-)aquatic community	unusable	C1.3	3150	Chytry et al. 2011 tab. 4/23 p. 147+208 (also Schubert 2001 p. 268)	2
36	Potamogetonetum trichoides FREITAG, SCHWIL et MARKUS  1958		(semi-)aquatic community	unusable	C1.2	3150pp	Passarge 1996 Tab. 20k p. 57 (also: Hilbig 1971c Tab. 3/4 + p. 17; Tüxen 1974 Tab. 2 + p. 44; Schubert 2001 p. 268; Pujol et al. 2023 p. 93; Chytry et al. 2011 tab. 4/15 p.147+184)	78
37	Potamogetonetum acutifolii PODBIELKOWSKI 1967	Potamogeton acutifolius-Ass.	(semi-)aquatic community	unusable	C1.3	3150pp	Passarge 1996 Tab. 20f p. 57 (also: ; Schubert 2001 p. 269; Chytry et al. 2011 tab. 4/22 p. 147+205)	29
38	Potamogetonetum obtusifolii SAUER 1937	Potamogeton obtusifolius-Ass.	(semi-)aquatic community	unusable	C1.4	3150pp	Carstensen 1955 Tab. 4 (also: ; Schubert 2001 p. 270; Pujol et al. 2023 p. 93; Chytry et al. 2011 tab. 4/19 p. 147+196)	52
39	Potamogetonetum pectinati CARSTENSEN 1955	Potamogeton pectinatus-Ass.	(semi-)aquatic community	unusable	C1.3	1110v, 3150pp	Carstensen 1955 Tab. 3 (also: Hilbig 1971c Tab. 3/6 + p. 21; Reichhoff et Schnelle 1977 Tab. II/1 rel. 1,2 + p. 430; Pott 1980 Tab. 16/67-94 + p. 80; Oberdorfer 1998 Vol I Table 19/12a-b; Schubert 2001 p. 270; Chytry et al. 2011 tab. 4/20 p. 147+199; Fari	280
40	Zannichellietum palustris BAUMANN 1911	Potamogetono-Zannichellietum palustris W. Koch 1926	(semi-)aquatic community	unusable	C1.3	*1150v, 1160v, 3150pp	Lang 1967, tab. 16 p. 554 (also Hilbig 1971c Tab. 3/8 + p. 21; Pott 1980 Tab. 9/6-17 + p. 45; Oberdorfer 1998 Vol I Table 19/10; Schubert 2001 p. 271; Pujol et al. 2023 p. 94; Chytry et al. 2011 tab. 4/14 p. 147+180; Donita et al. 2005 p. 77; Fariselli et	107
41	Potamogetonetum natantis SOÓ 1927	Polygono-Potametum natantis Soó 1964	(semi-)aquatic community	unusable	C1.3	3150	Chytry et al. 2011 tab. 4/1 p. 147+135 (also Soó 1964b p. 135; Beudin et al. 2021 Tab. IV p. 19; Donita et al. 2005 p. 71; Fariselli et al. 2024 Tab. 03.9)	720
42	Najadetum minoris UBRICZY 1948		(semi-)aquatic community	unusable	C1.3	3150v	Ubrizsy 1961 p. 192 (also: ; Schubert 2001 p. 271; Soó 1964b p. 137; Pujol et al. 2023 p. 95; Chytry et al. 2011 tab. 4/17 p. 147+190; Fariselli et al. 2024 Tab. 03.12A-B)	46
43	Najadetum marinae FUKAREK 1961		(semi-)aquatic community	unusable	C1.2	*1150v, 1160v, 3150pp	Fukarek 1961 tab. 27 p. 162 (also: Passarge 1964 Table10a-b (also: Weisser 1970 Tab. 15/1-7 + p. 59; Reichhoff et Schnelle 1977 Tab. II/4 rel.16 + p. 431; Pujol et al. 2023 p. 94; Chytry et al. 2011 tab. 4/16 p. 147+186)	36
44	Najadetum intermediae W. KOCH 1926	Najadetum intermediae Lang 1973	(semi-)aquatic community	unusable	C1.1	3150pp	Oberdorfer 1998 Vol I Table 19/8a-b	22
45	Elodeetum canadensis PIGNAttI 1953		(semi-)aquatic community	unusable	C1.3	3150pp	Pignatti 1953 p. 65ff (also: Passarge 1964 Table5e-f; Soó 1964b p. 133; Hilbig 1971c Tab. 3/9 + p. 21; Chytry et al. 2011 tab. 4/6 p. 147+155; Schubert 2001 p. 272; Donita et al. 2005 p. 71)	238
46	Ranunculo circinati-Myriophylletum spicati TOMASZEWICZ 1969	Ranunculo circinati-Myriophylletum spicati (Com. 1969) Passarge 1982; Ranunculetum circinati SAUER 1937	(semi-)aquatic community	unusable	C1.3	3150v	Sauer 1937 Tab. 5-1, 5-2, 5-5, 6-I, 6-II (also: Passarge 1982 Tab. 3 p. 19, 1996 Tab. 26b p. 74; Schubert 2001 p. 273; Chytry et al. 2011 tab. 5/6 p. 222+233; Fariselli et al. 2024 Tab. 03.4A-E)	117
47	Potamogetono pectinati-Myriophylletum spicati RIVAS GODAY 1964		(semi-)aquatic community	unusable	C1.3	3150	Chytry et al. 2011 tab. 4/7 p. 147+159 (also: Minissale et al. 2007 table 25; Vukotic et al. 2022 App.6 p. 81	101
48	Ranunculetum baudotii BRAUN-BLANQUET et al. 1952	Ranunculetum baudotii Hocquette 1927	(semi-)aquatic community	unusable	MB546	*1150v, 1160v, 3150pp	Braun-Blanquet et al. 1952 p. 79 (also: Passarge 1996 tab. 15h, p. 40; Chytry et al. 2011 tab. 5/8 p. 222+238; Westhoff 1969 p. 57 and Schaminée et al. 2010 p. 96; Beudin et al. 2021 Tab. IV p. 19; Donita et al. 2005 p. 71)	286
49	Myriophyllo-Nupharetum lutaea HUECK 1931	Nymphaeo-Nupharetum luteae NOWINSKI 1927 incl. Myriophylletum verticillatae SOÓ 1927, Nymphaeetum albo-luteae Nowinski 1928	(semi-)aquatic community	unusable	C1.2	3150v	Passarge 1964 Table7a-b (also Linhard 1964 Tab. Ib; Pott 1980 Tab. 10/54-64 + p. 51; Oberdorfer 1998 Vol I Table 20/19a-c, Tüxen 1937 p.48; Soó 1964b p. 136; Reichhoff et Schnelle 1977 Tab. II/8 rel. 32-35 + p. 434; Pujol et al. 2023 p. 91; Chytry et al. 	908
52	Potamogetono-Nupharetum TH. MÜLLER et GÖRS 1960		(semi-)aquatic community	unusable	C1.3	3150v	Passarge 1964 Table7c (also Dierßen 1973b Tab. 5a + p. 23; Tüxen 1974 Tab. 3 + p. 46)	23
53	Nymphaeetum candidae MILJAN 1933	Potamogetono-Nymphaeetum candidae Hejný 1948 nom. invalid.	(semi-)aquatic community	unusable	C1.1	3150v	Passarge 1996 Tab. 33a-b p.94 (also: Chytry et al. 2011 tab. 3/3 p.117+114)	27
54	Nymphaeetum albo-minoris VOLLMAR 1947	included in Myriophyllo-Nupharetum Koch 1926	(semi-)aquatic community	unusable	C1.1	3150v	Passarge 1964 Table7e (also Oberdorfer 1998 Vol I Table 20/20a-c; Chytry et al. 2011 tab. 3/2 p. 117+111; Schubert 2001 p. 276; Donita et al. 2005 p. 71; Fariselli et al. 2024 Tab. 03.8A-C)	55
55	Nupharetum pumilae OBERDORFER 1957	Nupharetum pumilae Oberd. 1957 ex Th. Müller et Görs 1960	(semi-)aquatic community	unusable	C1.1	3150v	Oberdorfer 1998 Vol I Table 20/21a-c (also: Chytry et al. 2011 tab. 3/4 p. 117+118)	31
56	Polygono-Potamogetonetum natantis SOÓ 1964	Potamogetono-Polygonetum natantis KNAPP et STOFFERS 1962; Polygonetum amphibii DOLL 1980	(semi-)aquatic community	unusable	C1.1	3150v	Passarge 1996 Tab. 20f p. 57 (also: Köck 1983 Tab. 6 + p. 160; Schubert 2001 p. 276; Pujol et al. 2023 p. 92; Chytry et al. 2011 tab. 3/7 p. 117+127)	170
57	Potamogetonetum crispi SOÓ 1927		(semi-)aquatic community	unusable	C1.3	3150	Chytry et al. 2011 tab. 4/18 p. 147+193 (also Soó 1964b p. 134; Weisser 1970 Tab. 15/63-65 + p. 60)	134
58	Potamogetonetum pusilli SOÓ 1927		(semi-)aquatic community	unusable	C1.3	3150	Chytry et al. 2011 tab. 4/21 p. 147+202 (also Quesada et al. 2011 p. 144)	69
59	Trapetum natantis TH. MÜLLER et GÖRS 1960	Trapetum natantis Kárpáti 1963	(semi-)aquatic community	unusable	C1.3	3150v	Oberdorfer 1998 Vol I Table 20/18a-b (also Passarge 1996. tab. 32b, p. 91; Philippi 1980 p. 76; Schubert 2001 p. 277; Pujol et al. 2023 p. 93; Chytry et al. 2011 tab. 3/5 p. 117+121; Donita et al. 2005 p. 71; Fariselli et al. 2024 Tab. 03.6)	93
60	Nymphoidetum peltatae ALLORGE 1922	Nymphoidetum peltatae Bellot 1951 nom. mutat. propos.	(semi-)aquatic community	unusable	C1.3	3150v	Oberdorfer 1998 Vol I Table 20/17a-c (also Schubert 2001 p. 277; Soó 1964b p. 136; Pott 1980 Tab. 12/12-22 + p. 60; Pujol et al. 2023 p. 92; Westhoff 1969 p. 51 and Schaminée et al. 2010 p. 102; Donita et al. 2005 p. 71; Fariselli et al. 2024 Tab. 03.7A-D	292
61	Ranunculetum aquatilis SAUER 1947	Ranunculetum aquatilis Géhu 1961	(semi-)aquatic community	unusable	C1.2	3150v, 3260v	Passarge 1964 Table 5a-b (also Lienenbecker 1971 Tab. 19a + p. 111; Pott 1980 Tab. 15/15-35 + p. 70; Schubert 2001 p. 278; Pujol et al. 2023 p. 97; Chytry et al. 2011 tab. 5/4 p. 222+226; Bergmeier et Papaioannou 2008 Tab. 1/4-7 p. 294; Donita et al. 2005	142
62	Ranunculetum peltati SAUER 1947	Ranunculetum peltati (Segal 1965) Weber-Oldecop 1969	(semi-)aquatic community	unusable	C1.3	3150v, 3260v	Oberdorfer 1998 Vol I Table 22 b, c (also: Pujol et al. 2023 p. 97)	11
63	Ranunculo-Hottonietum palustris R. TÜXEN 1937 ex ROLL 1940	Hottonietum palustris Sauer 1947; Callitricho-Hottonietum (Tüxen 1937) Segal 1965	(semi-)aquatic community	unusable	C1.2	3150v	Tüxen 1937 p. 49 (also: Roll 1940 tab. 1; Passarge 1964, Table 5 c-d; Linhard 1964 Tab. Ic; Pott 1980 Tab. 14 + p. 67; Oberdorfer 1998 Table 20/15a; Soó 1964b p. 133; Pujol et al. 2023 p. 97; Chytry et al. 2011 tab. 5/9 p. 222+241; Schubert 2001 p. 280; D	163
64	Callitricho hamutae-Ranunculetum fluitantis OBERDORFER 1957		(semi-)aquatic community	unusable	C1.2	3260v	Oberdorfer  1998 Vol I Table 18/4Bb (also: Hilbig 1971c Tab. 5/1 + p. 28; Pujol et al. 2023 p. 100; Chytry et al. 2011 tab. 5/3 p. 222+219; Schubert 2001 p. 282)	101
65	Callitricho hamutae-Myriophylletum alterniflori WEBER 1967		(semi-)aquatic community	unusable	Q52216	3260v	Oberdorfer 1998 Vol I Table 18/4Aa, 4Ab (also Brullo et al. 1994 tab. 9; Chytry et al. 2011 tab. 5/2 p.222+215)	71
66	Potamogetono perfoliati-Ranunculetum fluitantis W. KOCH 1926		(semi-)aquatic community	unusable	C1.3	3260v	Passarge 1964, Table 8a-f (also Soó 1964b p. 133; Oberdorfer 98, Table 18/1Ab; Schubert 2001 p. 281)	45
67	Ranunculo penicillati-Sietum erecti-submersi TH. MÜLLER 1962	Beruletum erectae Roll 1938	(semi-)aquatic community	unusable	Q521	3260v	Oberdorfer 1998 Vol I Table 18/2B (also: Pujol et al. 2023 p. 120; Chytry et al. 2011 tab. 11/6 p.496+505; Schubert 2001 p. 282)	154
68	Sparganio emersi-Ranunculetum fluitantis JOUANNE 1927	Ranunculetum fluitantis Allorge 1921	(semi-)aquatic community	unusable	C1.3	3260	Hilbig 1971c Tab. 5/4 + p. 28 (also: Pott 1980 Tab. 16/15-42+ p. 74; Chytry et al. 2011 tab. 5/1 p. 222+211	107
69	Veronico beccabungo-Callitrichetum stagnalis OBERDORFER 1957		(semi-)aquatic community	unusable	Q24111	3260v	Oberdorfer 1998 Vol I Table 18/5	11
70	Callitricho-Potamogetonetum berchtoldii PASSARGE 1982		(semi-)aquatic community	unusable	C1.3	3260v	Passarge 1982 Tab. 2 p. 18 (also: Passarge 1996, Tab. 24e-f,i-k p. 69; Schubert 2001 p. 283; Beudin et al. 2021 Tab. IV p. 19)	233
71	Sparganio emersi-Potamogetonetum interrupti WEBER 1976		(semi-)aquatic community	unusable	Q5141	3260v	Hilbig 1971c Tab. 5/5 p. 27	25
72	Ranunculetum trichophylli SOÓ 1927		(semi-)aquatic community	unusable	C1.2	3260	Braun-Blanquet, Roussine & Nègre 1952 tab. p. 78  (also: Chytry et al. 2011 tab. 5/1 p. 222+211; Passarge 1996 tab. 29i p. 84;  Wattez 1968 tab. 20)	39
73	Sphagno-Utricularietum ochroleucae SCHUMACHER 1937	Sphagno-Utricularietum stygiae Oberd. ex Th. Müller et Görs	(semi-)aquatic community	unusable	Q2512	3160v	Pietsch 1963 Tab. XXI +. p. 65 (also Oberdorfer 1998, Table 58/3; Schubert 2001 p. 287; Chytry et al. 2011 tab. 7/9 p.277+302)	40
74	Sphagno-Utricularietum minoris FIJALKOWSKI 1960		(semi-)aquatic community	unusable	Q2512	3160v	Passarge 1996 tab. 9f-k, p. 24 (also: Pujol et al. 2023 p. 102)	41
75	Sphagnetum cuspidato-obesi R. TÜXEN et V. HÜBSCHMANN 1958	included in Eriophorum angustifolium-Sphagnum fallax / cuspidatum-Ass.	(semi-)aquatic community	unusable	Q11111	3160v	Passarge 1964, Table 12f-g (also Oberdorfer 1998 Vol I Table 58/4; Lienenbecker 1971 Tab. 29a + p. 135; Dierßen 1973b Tab. 6Ac + p. 27; Schubert 2001 p. 286)	41
76	Drepanocladetum fluitantis OBERDORFER 1937	Carici rostratae--Drepanocladetum fluitantis Hadač et Váňa 1967	(semi-)aquatic community	unusable	Q2511	3160v	Chytry et al. 2011 tab. 15/11 p. 678+700 (also: Soó 1964b p. 150; Pott 1992, p. 81)	9
77	Utricularietum intermedio-minoris PIETSCH 1965	incl. Utriculario minoris-Aldovandetum vesiculosae PIETSCH 1975	(semi-)aquatic community	unusable	Q2512	3160v	Passarge 1964, Table 12d-e (also Oberdorfer 1998 Vol I Table 58/2b; Schubert 2001 p. 285)	32
78	Utriculario minoris-Aldovandetum vesiculosae PIETSCH 1975		(semi-)aquatic community	unusable	Q2512	3160v	Passarge 1996 tab. 9e, p. 24	5
79	Sphagno-Sparganietum angustifolii R. TÜXEN 1937		(semi-)aquatic community	unusable	Q11111	3160v	Tüxen 1937 p. 43	7
80	Scorpidio-Utricularietum minoris TH. MÜLLER et GÖRS 1960		(semi-)aquatic community	unusable	Q2511	3160v	Braun 1970 p. 118 (also: Oberdorfer 1998 Vol I Table 58/2a; Chytry et al. 2011 tab. 7/10 p. 277+306)	58
81	Sparganietum minimi SCHAAF 1925	Sparganio minimi-Utricularietum intermediae Tüxen 1937	(semi-)aquatic community	unusable	Q514	3160v	Pietsch 1963 Tab. XX + p. 65 (also: Oberdorfer 1998 Vol I Table 58/1; Passarge 1964, Table 12b-c; Tüxen 1937 p.45; Braun 1970 p. 118; Dierßen 1973b Tab. 7b + p. 29; Pott 1982 Tab. 6/1,4 p. 42; Köck 1983 Tab. 11/10-12 + p. 170; Chytry et al. 2011 tab. 7/8 	80
82	Sparganietum simplicis TÜXEN 1953		(semi-)aquatic community	unusable	Q514	3150	Passarge 1964, Table 14a-b	37
83	Hippuridetum vulgaris PASSARGE 1955	included in Hippuris vulgaris-Ass.; Eleocharito palustris-Hippuridetum vulgaris H. Passarge 1964	(semi-)aquatic community	unusable	Q5149	3150	Passarge 1964, Table 14c-f (also Westhoff 1969 p. 130 and Schaminée et al. 2010 p. 130; Schubert 2001 p. 315; Bergmeier et Papaioannou 2008 Tab. 1/9-11 p. 294)	121
84	Glycerietum plicatae OBERDORFER 1957	Glycerietum plicatae Kulczynski 1928	(semi-)aquatic community	unusable	Q5151	3150	Passarge 1964, Table 15a-b (also: Soó 1964b p. 143; Tüxen et Dierschke 1968 Tab. 1 p. 229; Hilbig 1971b Tab. 4/9 + p. 282; Ulmmann 1972 p. 37; Fink 1977 p. 102; Böcker 1978 Tab. 2 p. 49; Pott 1980 Tab. 25/104-124 + p. 125, Pujol et al. 2023 p. 118; Chytry	164
85	Glycerietum fluitantis (EGGLER 1933) WILZEK 1935	Glycerietum fluitantis Eggler 1933	(semi-)aquatic community	unusable	Q5151	3150	Eggler 1933 p. 156f (also: Passarge 1964, Table 15c-d; Krisch 1967 Tab. IV/177-179 + p. 399; Lienebecker 1971 Tab. 22b + p. 115; Shelyag-Sosonko et al. 1987 tab. 20 p. 165, Pujol et al. 2023 p. 118; Chytry et al. 2011 tab. 11/4 p. 496+499; Donita et al. 2	348
86	Leersietum oryzoides (EGGLER 1933) KRAUSE 1955	Leersietum oryzoidis Eggler 1933	(semi-)aquatic community	unusable	Q5152	3150	Eggler 1933 p. 157f (also: Passarge 1964, Table 16f-h; Soó 1964b p. 143; Pujol et al. 2023 p. 119; Chytry et al. 2011 tab. 11/8 p. 496+511; Schubert 2001 p. 316)	92
87	Oenantho aquaticae-Rorippetum amphibiae LOHMEYER 1950		(semi-)aquatic community	unusable	Q5146	3150	Passarge 1964, Table 16a-e (also: Hilbig 1971b Tab. 3/10 + p. 276; Lienebecker 1971 Tab. 21c + p. 115; Schnelle 1979 Tab. 1/10,11 + p. 143; Philippi 1980 Tab. 4 + p. 80; Pott 1980 Tab. 22 + p. 105; Pujol et al. 2023 p. 139; Chytry et al. 2011 tab. 10/2 p.	280
88	Glycerietum maximae HUECK 1931		(semi-)aquatic community	unusable	Q5151	3150	Hueck 1931 Tab. 4/1-5,12-16 p. 123 (also: Passarge 1964, Table 17a-e; Soó 1964b p. 139; Linhard 1964 Tab. III; Krisch 1967 Tab. IV/170-176 + p. 398; Hilbig 1971b Tab. 3/4 + p. 267; Tüxen 1974 Tab. 6 + p. 52; Böcker 1978 Tab. 4 p. 54; Schnelle 1979 Tab. 1/	956
89	Isoeto-Lobelietum R. TÜXEN 1937		(semi-)aquatic community	unusable	Q52212	3110v	Tüxen 1937 p. 43 (also Altehage 1960 Tab. I+II; Dierßen 1973b Tab. 9b + p. 31)	27
90	Myriophyllo-Littorelletum JESCHKE 1959		(semi-)aquatic community	unusable	Q52211	3110	Passarge 1964, Table 11a-b	48
91	Samolo-Littorelletum WESTHAGEN 1943	Littorello-Echinodoretum R.TX. et PRSG. 1942	(semi-)aquatic community	unusable	Q52211	1150	Westhoff 1969 p. 61 and Schaminée et al. 2010 p. 124	19
92	Eleocharito ovatae-Caricetum bohemicae KLIKA 1935 em. PIETSCH 1963	Caricetum cyperoidis Eggler 1933	(semi-)aquatic community	unusable	Q52211	3130	Pietsch et Müller-Stoll 1974 Tab. 1 + p. 60 (also Täuber et Petersen 2000 Tab. 1/1 + p. 17; Schubert 2001 p. 342)	96
93	Littorello-Eleocharitetum acicularis JOUANNE 1925	Eleocharitetum acicularis W. KOCH 1926 em. Oberdorfer 1957	(semi-)aquatic community	unusable	Q52211	3130v	Pietsch 1963 Tab. XVI+XVII + p. 55 (also: Passarge 1964, Table 11c-d; Chytry et al. 2011 tab. 7/3 p. 277+282; Pietsch 1968 Tab. 1,1a + p. 58; Schubert 2001 p. 290; Donita et al. 2005 p. 76)	122
94	Eleocharitetum acicularis W. KOCH 1926	included in Littorello-Eleocharitetum acicularis Jouanne 1925	(semi-)aquatic community	unusable	Q5222	3130v	Tüxen 1937 p. 46 (also Braun-Blanquet et Tüxen 1951 Tab. 16 and p. 261; Pott 1982 Tab. 1 + p. 34; Oberdorfer 1998 Vol I Table 57/4a-c ; Chytry et al. 2011 tab. 7/5 p. 277+289)	215
95	Pilularietum globuliferae TH. MÜLLER et GÖRS 1960		(semi-)aquatic community	unusable	Q52233	3130v	Oberdorfer 1998 Vol I Table 57/7 (also: Lienebecker 1971 Tab. 20b + p. 112; Dierßen 1973b Tab. 11c + p. 33; Pott 1982 Tab. 2/4-10 + p. 36; Pujol et al. 2023 p. 136; Chytry et al. 2011 tab. 7/6 p.277+293; Schubert 2001 p. 292)	88
96	Eleocharitetum multicaulis ALLORGE 1922	Eleocharitetum multicaulis (Allorge 1922) Tx. 1937	(semi-)aquatic community	unusable	Q52231	3130v	 Tüxen 1937 p. 44 (also Althage 1956 Tab. 1; Pietsch 1963 Tab. XVIII + p. 60; Passarge 1964, Table 11e-f; Braun-Blanquet et Tüxen 1951 Tab. 16 and p. 261; Pietsch 1968 Tab. 2 + p. 60; Schoof-van Pelt et Westhoff 1969 Tab. 1/I; Lienenbecker 1971 Tab, 20a +	99
97	Glycerio fluitantis-Oenanthetum aquaticae HEJNI 1948		(semi-)aquatic community	unusable	Q5146	3150	Chytry et al. 2011 tab. 10/1 p. 457+444	117
98	Scirpetum fluitantis ALLORGE 1922	Isolepidetum fluitantis Allorge 1922	(semi-)aquatic community	unusable	Q52235	3130v	Allorge 1922 Tab. VII p. 617 (also: Pott 1982 Tab. 5 p. 41; Schubert 2001 p. 292)	25
99	Eleocharitetum palustris SAVIC 1926		(semi-)aquatic community	unusable	Q63	3150	Hilbig 1971b Tab. 4/4 + p. 277 (also: Köck 1983 Tab. 10 + p. 168; Chytry et al. 2011 tab. 10/6 p. 457+465; Schubert 2001 p. 314; Bergmeier et Papaioannou 2008 Tab. 1/3 p. 294; Donita et al. 2005 p. 285; Fariselli et al. 2024 Tab. 09.12A-C)	262
100	Littorello-Apietum inundati FRÖDE 1958	Apio-Littorelletum FRÖDE 1950	(semi-)aquatic community	unusable	Q52236	3130v	Passarge 1964, Table 11g-h	7
101	Junco tenageiae-Radioletum PIETSCH 1961	Elatino alsinastri-Juncetum tenageiae Libbert 1932 	(semi-)aquatic community	unusable	Q62 	3160	Pietsch 1963 Tab. XIII + p. II/35 (also Pietsch et Müller-Stoll 1974 Tab. 8 + p. 75; Täuber et Petersen 2000 Tab. 1/10 + p. 25)	107
102	Deschampsietum rhenanae OBERDORFER 1957	Deschampsietum rhenanae Oberd. 1957 ex Th. Müller et Görs 1960	(semi-)aquatic community	unusable	Q52236	3130v	Oberdorfer 1998 Vol I Table 57/1	28
103	Chrysosplenio alternifoliae-Cardaminetum amarae MAAS 1959		(semi-)aquatic community	unusable	Q2412	*7220v	Oberdorfer 1998 Vol I Table 61/5a-b (also: Soó 1964b p. 153; Pujol et al. 2023 p. 130; Chytry et al. 2011 tab. 13/2 p. 593+587; Fink 1977 p. 100; Schubert 2001 p. 294; Donita et al. 2005 p. 314)	277
104	Chrysosplenietum oppositifolii SCHLÜTER 1966	Chrysosplenietum oppositifoliae Oberd. et Philippi in Oberd. 1957	(semi-)aquatic community	unusable	Q2412	*7220v	Oberdorfer 1998 Vol I Table 61/4a-d (also: Chytry et al. 2011 tab. 13/3 p. 593+589)	115
105	Carici remotae-Cardaminetum flexuosae OBERDORFER 1957	included in Cardamine amara-Ass.; Caricetum remotae SCHWICK. 1944	(semi-)aquatic community	unusable	Q2412	*7220v	Oberdorfer 1957 in Foucault 1995 tab. 21/A-B, p. 63 (also: Chytry et al. 2011 tab. 13/1 p. 593+584; Schubert 2001 p. 295)	65
106	Pellio epiphyllae-Chrysosplenietum oppositifolii MAAS 1959		(semi-)aquatic community	unusable	Q2412	7220	Westhoff et Den Held 1969 p. 192 (also Schaminée et al. 2010 p. 128)	19
107	Philonotidi fontanae-Montietum rivularis BRAUN-BLANQUET 1915	Montietum rivularis BR.-BL. 1915; Stellario alsines-Montietum HINTERLANG 1992	(semi-)aquatic community	unusable	Q24111	*7220v	Tüxen et Oberdorfer 1958 Tab. 31B,C p.90 (also: Oberdorfer 1998 Vol I Table 60/3a-b; Chytry eta la. 2011 tab. 13/5 p. 593+600; Schubert 2001 p. 296)	52
108	Chrysosplenio oppositifoliae-Cardaminetum raphanifolia (BRAUN-BLANQUET 1967) LOIDI 1982 		(semi-)aquatic community	unusable	Q2412	7220	Loidi et al. 1982 Tab. 1 p. 66+67 (also: Rivas-Martinez et al. 1984 Tab. 56 p. 185	8
109	Chrysosplenio oppositifolii-Cardaminetum amarae (BRAUN-BLANQUET 1926) MAAS 1959	Cardaminetum amarae BRAUN-BLANQUET 1926	(semi-)aquatic community	unusable	Q2412	7220	Libbert 1945 p. 198 (also: Tüxen 1937 p. 42; Stallner 1974 Tab.3 + p. 64; Sebald 1975 Tab. 3/1-10, 15-26 + p. 305; Schubert 2001 p. 294)	58
110	Bryo schleicheri-Montietum BRAUN-BLANQUET 1925	Bryo-Philonotidetum seritae LUQ 1926	(semi-)aquatic community	unusable	Q24111	*7220v	Tüxen et Oberdorfer 1958 Tab. 31A p. 89 (also Soó 1964b p. 153; Oberdorfer 1998 Vol I Table 60/2a-c)	49
112	Scapanietum paludosae K. MÜLLER 1938		(semi-)aquatic community	unusable	Q24114	*7220v	Oberdorfer 1998 Vol I Table 60/1	10
113	Scapanietum undulatuae SCHWICKERATH 1944		(semi-)aquatic community	unusable	Q24114	*7220v	Papchenkov et al. 2008 Tab. 4/5 (also: Privitera 1990 tab. 6; Pott 1992, p. 169)	10
114	Mniobryetum wahlenbergii-ludwigii GEISSLER 1976		(semi-)aquatic community	unusable	Q24113	*7220v	Geissler 1976 Tab. 8 (also: Pott 1992, p. 170)	14
115	Ranunculetum hederacei LIBBERT 1940	Ranunculetum hederacei (Tx. et Diémont 1936) Libbert 1940	(semi-)aquatic community	unusable	Q2412	3150v	Schubert 2001 p. 279	6
116	Pinguiculo vulgaris-Cratoneuretum filicinae OBERDORFER 1957	Cratoneuretum commutati GAMS 1927  	(semi-)aquatic community	unusable	Q2596	*7220v	Braun 1970 p. 116 (also: Oberdorfer 1998 Vol I, Table 62/6a-b; Schubert 2001 p. 297; Chytry et al. 2011 tab. 14/2 p. 642+627)	114
117	Cratoneuro fallacis-Brachythecietum rivularis GIACOMINI 1939	Brachythecio rivularis-Cratoneuretum Dierßen 1973	(semi-)aquatic community	unusable	Q2596	3150	Dierßen 1973a Tab. 1a + p. 23 (also: Chytry et al. 2011 tab. 13/4 p. 593+596)	32
118	Cratoneuro-Arabidetum jaquinii W. KOCH 1928		(semi-)aquatic community	unusable	Q2596	*7220v	Oberdorfer 1998 Vol I Table 62/8a  (also Pott 1992, p. 172)	52
119	Cochleario alpinae-Cratoneuretum commutati OBERDORFER 1957	Cratoneuretum commutati Aichinger 1933 nom. illegit.	(semi-)aquatic community	unusable	Q2596	*7220v	Oberdorfer 1998 Vol I Table 62/7	17
120	Cratoneuro filicini-Cardaminetum amarae MAAS 1959	included in: Chrysosplenietum oppositifoliae Oberd. et Philippi in Oberd. 1957	(semi-)aquatic community	unusable	Q2412	*7220v	Maas 1959 Tab. 11/4,8 (also: Sebald 1975 Tab. 1 + p. 199; Schubert 2001 p. 297; Chemeris 2004 Tab. 19/Cc)	32
121	Eucladietum verticillati  ALLORGE 1922		(semi-)aquatic community	unusable	Q416	*7220v	Philippi 1965 Tab. 6/1,2 (also: Braun 1970 p. 114)	13
122	Catoscopietum nigriti LANGER 1958		(semi-)aquatic community	unusable	Q416	*7220v	Braun 1970 p. 116	3
123	Nitelletum capillaris  CORILLON 1957		(semi-)aquatic community	unusable	C1.141, C1.21, C1.25	3160	Corrilon 1957 p. 373 (also: Pott 1992, p. 46)	5
124	Nitelletum gracilis CORILLON 1957		(semi-)aquatic community	unusable	C1.141, C1.21, C1.25	3150	Corrilon 1957 p. 381 (also: Pott 1992, p. 47; Pujol et al. 2023 p. 81; Donita et al. 2005 p. 66)	6
125	Nitelletum translucentis CORILLON  1957		(semi-)aquatic community	unusable	C1.141, C1.21, C1.25	3150	Corrilon 1957 p. 380 (also: Pott 1992, p. 47)	10
126	Nitelletum flexilis CORILLON 1957	Nitelletum opacae CORILLON 1957	(semi-)aquatic community	unusable	C1.141, C1.21, C1.25	3150	Corrilon 1957 p. 385 (also: Oberdorfer 1998 Vol I Table 16/1; Pujol et al. 2023 p. 82; Chytry et al. 2011 tab. 6/1 p. 256+251; Fariselli et al. 2024 Tab. 01.3)	37
127	Charetum braunii CORILLON 1957		(semi-)aquatic community	unusable	C1.141, C1.21, C1.25	3160	Corrilon 1957 p. 383 (also: Oberdorfer 1998 Vol I Table 16/2; Pujol et al. 2023 p. 81; Chytry et al. 2011 tab. 6/2 p. 256+253)	14
128	Nitello-Vaucherietum dichotomae KRAUSCH 1964		(semi-)aquatic community	unusable	C1.141, C1.21, C1.25	3150	Oberdorfer 1998 Vol I Table 16/3	6
129	Nitelletum syncarpo-tenuissimae  KRAUSE 1969	inclusive Nitelletum mucronatae TOMASZEWICZ 1979	(semi-)aquatic community	unusable	C1.141, C1.21, C1.25	3150	Corrilon 1957 p. 384 (also: Oberdorfer 1998 Vol I Table 16/4; Pujol et al. 2023 p. 83)	12
130	Tolypelletum proliferae KRAUSE 1969	Tolypelletum proliferae Guerlesquin 1961	(semi-)aquatic community	unusable	C1.141, C1.21, C1.25	3160	Beug et Pott 1992 Tab.3 p.86 (also: Pott 1992, p. 48)	4
131	Charetum asperae CORILLON   1957		(semi-)aquatic community	unusable	C1.141, C1.21, C1.25	3140v	Corrilon 1957 p. 390 (also: Oberdorfer 1998 Vol I Table 16/6a; Pujol et al. 2023 p. 83)	15
132	Charo-Tolypelletum glomeratae CORILLON 1957		(semi-)aquatic community	unusable	C1.141, C1.21, C1.25	3140v	Corrilon 1957 p. 374f (also: Oberdorfer 1998 Vol I Table 16/5; Chytry et al. 2011 tab. 6/6 p. 256+265)	15
133	Charetum hispidae CORILLON 1957	Magnocharetum hispidae Corillion 1957	(semi-)aquatic community	unusable	C1.141, C1.21, C1.25	3140v	Corrilon 1957 p. 387 (also: Oberdorfer 1998 Vol I Table 16/8; Chytry et al. 2011 tab. 6/4 p. 256+260; Fariselli et al. 2024 Tab. 01.1)	23
134	Nitellopsidetum obtusae SAUER 1961	Nitellopsidetum obtusae Sauer ex Dambska 1961	(semi-)aquatic community	unusable	C1.141, C1.21, C1.25	3140v,	Oberdorfer 1998 Vol I Table 16/11	7
135	Charetum strigosae MELZER 1976		(semi-)aquatic community	unusable	C1.141, C1.21, C1.25	3140v	Oberdorfer 1998 Vol I Table 16/7	3
136	Charetum tomentosae CORILLON 1957		(semi-)aquatic community	unusable	C1.141, C1.21, C1.25	*1150v, 3140v	Oberdorfer 1998 Vol I Table 16/10	5
137	Charetum vulgaris CORILLON 1957		(semi-)aquatic community	unusable	C1.141, C1.21, C1.25	3140pp	Corrilon 1957 p. 389 (also: Reichhoff et Schnelle 1977 Tab. II/4 rel. 16 + p. 431; Oberdorfer 1998 Vol I Table 16/13; Pujol et al. 2023 p. 84; Chytry et al. 2011 tab. 6/5 p. 256+262Quesada et al. 2011 p. 138; Fariselli et al. 2024 Tab. 01.2)	62
138	Charo-Tolypelletum intricatae CORILLON 1957	Tolypello intricatae-Charetum Krause 1969	(semi-)aquatic community	unusable	C1.141, C1.21, C1.25	3140pp	Oberdorfer 1998 Vol I Table 16/12 (also: Chytry et al. 2011 tab. 6/7 p. 256+166)	16
139	Charetum canescentis CORILLON 1957	Charetum balticae KORNAS 1959	(semi-)aquatic community	unusable	C1.141, C1.21, C1.25	1110v, *1150v	Corrilon 1957 p. 391 (also: Pott 1992, p. 52)	5
140	Charetum fragilis CORILLON 1957	Charetum globularis Zutshi 1975	(semi-)aquatic community	unusable	C1.141	3150	Chytry et al. 2011 tab. 6/3 p. 256+258 (also Quesada et al. 2011 p. 136)	13
141	Scirpetum lacustris SCHMALE 1939	Schoenoplectetum lacustris (Allorge 1922) Chouard 1924	(semi-)aquatic community	unusable	Q512	*1150v; 1340	Oberdorfer 1998 Vol I Table24/1 (also: Soó 1964b p. 139; Hilbig 1971b Tab. 2/1 + p. 263; Schnelle 1979 Tab. 1/5,6 + p. 143; Pujol et al. 2023 p. 138; Chytry et al. 2011 tb. 9/1 p. 429+394; Westhoff 1969 p. 135 and Schaminée et al. 2010 p. 139; Schubert 20	299
142	Typhetum angustifoliae PIGNATTI 1953	Typhetum angustifoliae (Allorge 1922) Pignatti 1953	(semi-)aquatic community	unusable	Q5132	3150	Oberdorfer 1998 Vol I Table 24/2c (also: Soó 1964b p. 139; Hilbig 1971b Tab. 1/2-5 + p. 257; Köck 1983 Tab. 7/1,2 + p. 161; Chytry et al. 2011 tab. 9/2 p. 429+398; Schubert 2001 p. 303; Donita et al. 2005 p. 287; Oprea et Sirbu 2009 tab. 3 p.76; Fariselli	393
143	Typhetum latifoliae NOWINSKI 1930	Typhetum latifoliae (Soó 1927) Nowinski 1930	(semi-)aquatic community	unusable	Q5131	3150	Oberdorfer 1998 Vol I Table 24/3a (also: Soó 1964b p. 139; Hilbig 1971b Tab. 1/2-5 + p. 257; Dierßen 1973b Tab. 12b + p. 35;  Schnelle 1979 Tab. 1/3,4 + p. 142; Köck 1983 Tab. 7/3,4 + p. 163; Pujol et al. 2023 p.138; Chytry et al. 2011 tab. 9/3 p. 429+401	693
144	Arabido-Cratoneuretum W. KOCH 1928		(semi-)aquatic community	unusable	Q2596	7220	Oberdorfer 1998 Vol I/Table 62/8a (also: Höpflinger 1957 Tab. 9)	58
145	Cladietum marisci ALLORGE 1922		(semi-)aquatic community	unusable	Q43	7210	Braun 1970 p. 119 (also: Linhard 1964 Tab. VII; Hilbig 1971b Tab. 3/11 + p. 276; Lienenbecker 1971 Tab. 21b + p. 115; Pott 1980 Tab. 31 + p. 132; Oberdorfer 1998 Vol I Table 27/6b; Passarge 1996 Tab. 112k p. 164; Soó 1964b p. 143; Pujol et al. 2023 p. 142	119
146	Sparganietum erecti ROLL 1939		(semi-)aquatic community	unusable	Q5143	3150	Oberdorfer 1998 Vol I Table 28/7c (also: Schnelle 1979 Tab. 1/9 + p. 143; Brullo et al. 1994 tab. 16; Schubert 2001 p. 309; Donita et al. 2005 p. 286; Fariselli et al. 2024 Tab. 09.11A-F)	152
147	Glycerio-Sparganietum neglecti BRAUN-BLANQUET 1925		(semi-)aquatic community	unusable	Q5142	3150	Oberdorfer 1998 Vol I, Table 28/7b (also: Lohmeyer 1953 p. 73; Soó 1964b p. 142; Hilbig 1971b Tab. 4/6 + p. 277; Pott 1980 Tab. 19 + p. 101; Chytry et al. 2011 tab. 9/6 p. 429+413; Schubert 2001 p. 318; Vukotic et al. 2022 App.4 p. 77)	459
148	Scirpetum maritimi TÜXEN 1937	Bolboschoenetum maritimi Van Langendonck 1931	(semi-)aquatic community	unusable	Q512	1150	Tüxen 1937 p. 50 (also Todor 1948 tab. 13 p. 83; Tüxen et Oberdorfer 1958 p. 91; Passarge 1964 Tab. 18h,i; Braun-Blanquet 1967 Tab. 11; Krisch 1967 Vol. 2 Tab. VI/232-235 + p. 54; Wolf 1979 Tab. 1 p. 16; Pott 1980 Tab. 21 p. 104;  Oberdorfer 1998 Vol I, T	350
149	Acoretum calami KNAPP et STOFFERS 1976	Acoretum calami Schulz 1941	(semi-)aquatic community	unusable	Q51	3150	Oberdorfer 1998 Vol I, Table 31/10a (also: Hilbig 1971b Tab. 3/1 + p. 266; Pott 1980 Tab. 20/11-40 + p. 102; Chytry et al. 2011 tab. 9/7 p. 429+417; Schubert 2001 p. 310)	288
150	Cicuto virosae-Caricetum pseudocyperi BOER 1942	Cicuto-Caricetum pseudocyperi Boer et Sissingh in Boer 1942	(semi-)aquatic community	unusable	Q5318	3150	Oberdorfer 1998 Vol I, Table 32/11c (also Hilbig 1971b Tab. 3/9 + p. 275; Tüxen 1974 Tab. 5 + p. 49; Böcker 1978 Tab. 7b p. 59; Chytry et al. 2011 tab. 11/9 p. 496+516; Schubert 2001 p. 323)	121
151	Butometum umbellatum KONCZAK 1968		(semi-)aquatic community	unusable	Q5145	3150	Oberdorfer 1998 Vol I, Table 33/12 (also: Pujol et al. 2023 p. 139; Chytry et al. 2011 tab. 10/10 p. 457+478; Fariselli et al. 2024 Tab. 09.13)	123
152	Sagittario-Sparganietum emersi TÜXEN 1953		(semi-)aquatic community	unusable	Q5141	3150	Oberdorfer 1998 Vol I, Table33/13a (also: Hilbig 1971b Tab. 4/2 + p. 276; Pott 1980 Tab. 24/1-69 + p. 114; Pujol et al. 2023 p. 139; Chytry et al. 2011 tab. 10/3 p. 457+451; Schubert 2001 p. 313)	345
153	Equisetetum fluviatilis NOWINSKI 1930		(semi-)aquatic community	unusable	Q5147	3150	Chytry et al. 2011 tab. 9/7 p. 429+420 (also: Hilbig 1971b Tab. 3/8 + p. 274; Köck 1983 Tab. 8 + p. 163; Schubert 2001 p. 311; Stefan 2008 p.77)	150
154	Caricetum appropinquatae SOÓ 1938	Sphagno-Caricetum appropinquatae (Smarda 1948) Rybnicek 1974; Caricetum paradoxae ASZÓD 1936	(semi-)aquatic community	unusable	Q5317	3150	Oberdorfer 1998 Vol I, Table 37/2 (also: Soó 1964b p. 147; Böcker 1978 Tab. 7/5-10 p. 61; Chytry et al. 2011 tab. 12/6 p. 549+541; Schubert 2001 p. 328)	95
155	Schoenoplectetum tabernaemontani SOÓ 1927	Agrostio maritimae-Schoenoplectetum taber-naemontani (Müller-Stoll et Götz 1987) Passarge 1999	(semi-)aquatic community	unusable	Q517	3150	Chytry et al. 2011 tab. 9/12 p. 429+437 (also Soó 1964b p. 141; Hilbig 1971b Tab. 2/6 + p. 266; Beudin et al. 2021 Tab. VIII p. 31; Schubert 2001 p. 305; Donita et al. 2005 p. 74; Fariselli et al. 2024 Tab. 09.10A-C)	67
156	Caricetum rostratae RÜBEL 1912	Caricion lasiocarpae-Basalass.	(semi-)aquatic community	unusable	Q22222	7140	Oberdorfer 1998 Vol I, Table 37/4 (also: Soó 1964b p. 147; Dierßen 1974b + p. 39; Tüxen 1974 Tab. 4 + p. 48; Krisai et Peer 1980 Tab. 2 + p. 46; Pott 1980 Tab. 29 + p. 130; Shelyag-Sosonko et al. 1987 tab. 18 p. 161; Pujol et al. 2023 p. 142; Chytry et al	370
157	Carici dacicae-Plantaginetum gentianoidis Boscaiu et al. 1972	Caricetum dacicae BUIA et al. 1962	semi-)aquatic community	unusable	Q222	7140	Donita et al. 2005 p. 295 (also Simon et Pocs 2012 Tab. 5/5)	9
158	Caricetum oenensis SEIBERT 1962	Carex randalpina / x oenensis-Ass.	(semi-)aquatic community	unusable	Q53123	3150	Oberdorfer 1998 Vol I, Table 38/7	18
159	Caricetum vesicariae BRAUN-BLANQUET et DENIS 1926	Caricetum vesicariae Chouard 1924	(semi-)aquatic community	unusable	Q53122	7140	Oberdorfer 1998 Vol I, Table 38/8a (also: Soó 1964b p. 147; Dierßen 1974b Tab. 14e + p. 41; Pott 1980 Tab. 28 p. 129; Shelyag-Sosonko et al. 1987 tab. 17 p. 160; Pujol et al. 2023 p. 143; Chytry et al. 2011 tab. 12/12 p. 549+565; Schubert 2001 p. 330; Ste	219
160	Caricetum distichae NOWINSKI 1927		(semi-)aquatic community	unusable	Q5311	3150	Chytry et al. 2011 tab. 12/13 p. 549+568 (also Soó 1964b p. 146; Krisch 1967 Tab. IV/182-188 + p. 400; Schubert 2001 p. 334)	85
161	Carici elatae-Calamagrostietum canescentis JILEK 1958	Calamagrostietum canescentis SIMON 1960;	(semi-)aquatic community	unusable	Q5154	3150	Chytry et al. 2011 tab. 12/7 p. 549+543	88
162	Caricetum buekii HEJNY et KOPECKY 1965		(semi-)aquatic community	unusable	Q53124	3150	Oberdorfer 1998 Vol I, Table 41 (also Soó 1964b p. 145; Chytry et al. 2011 tab. 11/2 p. 496+491; Schubert 2001 p. 336)	88
163	Caricetum cespitosae STEFFEN 1931	Carex cespitosa-Ass.	(semi-)aquatic community	unusable	Q53152	3150	Oberdorfer 1998 Vol I, Table 42/13a (also: Chytry et al. 2007 tab. 7/9 p. 251, 267; Schubert 2001 p. 469)	47
164	Calletum palustris OSVALD 1923		(semi-)aquatic community	unusable	Q25A	3150	Chytry et al. 2011 tab. 11/11 p. 496+523 (also: Köck 1983 Tab. 9/3,4 + p. 167; Schubert 2001 p. 324)	41
165	Caricetum ripariae MATHE et KOVACS 1959		(semi-)aquatic community	unusable	Q5313	3150	Chytry et al. 2011 tab. 12/14 p. 549+571 (also Soó 1964b p. 145; Krisch 1967 Tab. IV/166 + p. 397; Barbagallo et al. 1979 tab. 3; Schnelle 1979 Tab. 2/4 + p. 149; Schubert 2001 p. 332; Molina et Morena 2003 tab. III/4 p. 184; Fariselli et al. 2024 Tab. 09	265
166	Helosciadetum nodiflori BRAUN-BLANQUET 1931	Apio-Sietum PHILIPPI 1973	(semi-)aquatic community	unusable	Q521	3260	Braun-Blanquet et al. 1952 tab. p. 96 (also: Sortino et al. 1974 tab. 12; Brullo et Spampinato 1990 tab. 24; Oberdorfer 1998 Vol I, Table 47/3a; Belmonte 2008 tab. 148 p. 512+479; Molina et Morena 2003 tab. V/17-24 p. 187)	116
167	Nasturtietum officinalis GILLI 1971		(semi-)aquatic community	unusable	Q521	3150	Oberdorfer 1998 Vol I, Table 47/4a (also: Lienenbecker 1971 Tab. 22c + p. 117; Pott 1980 Tab. 25/69-103 + p. 125; Brullo et Spampinato 1990 tab. 25/3,4,7,10,11; Sortino et al. 1974 tab.12; Chytry et al. 2011 tab. 11/6 p. 496+508; Schubert 2001 p. 322; Far	102
168	Nasturtietum microphylli OBERDORFER et al 1967		(semi-)aquatic community	unusable	Q521	3150	Oberdorfer 1998 Vol I, p. 162 (also Chytry et al. 2011 Tab. 11/7 p. 496+508)	15
169	Riccio-Limoselletum KORNECK 1960	Cypero fusci-Limoselletum aquaticae (Oberd. 1957) Korneck 1960	(semi-)aquatic community	unusable	Q62 	3150	Oberdorfer 1998 Vol I, Table 51/1b (also Diekjobst et Ant 1965 Tab. IIa,b; Pietsch et Müller-Stoll 1974 Tab. 3-5 + p. 66; Philippi 1980 Tab. 2 p. 78; Chytry et al. 2011 tab. 8/2 p.342+319; Schubert 2001 p. 343; Donita et al. 2005 p. 74)	198
170	Eleocharitetum ovatae HAYEK 1923	Polygono-Eleocharitetum ovatae Eggler 1933	(semi-)aquatic community	unusable	Q62 	3160	Oberdorfer 1998 Vol I, Table 52/2 (also Tüxen 1937, p.38; Soó 1964b p. 149; Pujol et al. 2023 p.122; Schubert 2001 p. 342)	37
171	Cyperetum flavescenti-fusci W. KOCH 1926, em  PHILIPPI  1968	included in Cyperetum flavescentis W. Koch 1926	(semi-)aquatic community	unusable	Q5241	3160	Braun-Blanquet 1967 Tab. 12 (also Bolòs 1956 Tab. XXI p. 218; Oberdorfer 1998 Vol I., Table 53/6d; Aichinger 1960 Tab. 1 p. 143; Soó 1964b p. 151; Pietsch et Müller-Stoll 1974 Tab. 13 + p. 89; Täuber et Petersen 2000 Tab. 1/20 + p. 48; Chytry et al. 2011 	256
172	Isotetum echinosporae W. KOCH 1926		(semi-)aquatic community	unusable	Q52213	3160	Oberdorfer 1998 Vol I, Table57/2b (also Chytry et al. 2011 tab. 7/1 p. 277+271	10
173	Ranunculo-Juncetum bulbosi OBERDORFER 1957	included in Isoëto-Littorelletea-Basalass.	(semi-)aquatic community	unusable	Q52234	3160	Pietsch 1963 Tab. XIX + p. 62 (also: Klemm 1970 Tab. 27 p. 17; Oberdorfer 1998 Vol I, Table57/6; Pujol et al. 2023 p. 98, 135; Chytry et al. 2011 tab. 7/4 p. 277+286)	557
174	Juncetum bufonii FELFÖLDY 1942	included in Juncus bufonius-Ass.	(semi-)aquatic community	unusable	Q5241	3160	Oberdorfer 1998 Vol I, Table 53/8b (also: Donita et al. 2005 p. 74)	55
175	Caricetum limosae BRAUN-BLANQUET 1921	Carici limosae-Sphagnetum cuspidati Osvald 1923	(semi-)aquatic community	unusable	Q254	3160; 7150	Braun 1970 p. 125 (also: Oberdorfer 1998 Vol I, Table 65/1a-c; Aichinger 1960 Tab. 5 p. 167; Bachmann 1982 Tab. 6 + p. 64; Chytry et al. 2011 tab. 15/10 p. 678+697; Donita et al. 2005 p. 301; Fariselli et al. 2024 Tab. 11.1)	187
176	Campylio stellati-Caricetum dioicae OSVALD 1925 typicum DIERSSEN 1982		(semi-)aquatic community	unusable	Q2411	7140	Zechmeister 1995 tab. 5/I	22
177	Campylio stellati-Caricetum dioicae OSVALD 1925 deschampsietosum cespitosae ZECHMEISTER 1995	Campylio stellati-Trichophoretum alpini Brezina et al. 1963	(semi-)aquatic community	unusable	Q2411	7140	Zechmeister 1995 tab. 6 (also Chytry et al. 2011 tab. 14/8 p. 642+653; Schubert 2001 p. 355)	120
178	Carici echinatae-Sphagnetum SOÓ 1944	Sphagno flexuosi-Eriophoretum angustifolii Lájer 1998	(semi-)aquatic community	unusable	Q222	7140	Chytry et al. 2011 tab. 15/8 p.678+689 (also Soó 1964b p. 154, Donita et al. 2005 p. 303)	92
179	Drepanocladetum exannulati KRAJINA 1933		(semi-)aquatic community	unusable	Q23	7230	Hájek et al. 2005 p. 195 Tab. 1/1 (also: Hájková et al. 2006 Tab. 3/5 p. 118+117)	12
180	Caricetum chordorrhizae PAUL et LUTZ 1941	Drepanoclado-Caricetum chordorrhizae Osvald 1925 nom. conserv. propos.	(semi-)aquatic community	unusable	Q255	7140	Braun 1970 p. 122 (also: Oberdorfer 1998 Vol I, Table 66/5a; Chytry et al. 2011 tab. 15/3 p.678+668)	95
181	Eriophoretum scheuzeri RÜBEL 1912		(semi-)aquatic community	unusable	Q2212	3160	Oberdorfer 1998 Vol I, Table 67/7 (also Krisai et Peer 1980 Tab. 8 + p. 67; Donita et al. 2005 p. 296; Fariselli et al. 2024 Tab. 11.5)	44
182	Carici fuscae-Sphagnetum balcanicum SOÓ 1957		(semi-)aquatic community	unusable	Q23	7140	Hájek et al. 2005 p. 196 Tab. 1/9-27 (also: Hájková et al. 2006 Tab. 3/2 p. 118+117)	33
183	Caricetum fuscae subalpinum BRAUN-BLANQUET 1915		(semi-)aquatic community	unusable	Q4111	7140	Oberdorfer 1998 Vol I/Table 67/8f	22
184	Saxifragetum stellaris DEYL 1940		(semi-)aquatic community	unusable	Q23	7140	Hájek et al. 2005 p. 196 Tab. 1/33-43 (also: Hájková et al. 2006 Tab. 3/7 p. 118+119)	55
185	Cirsio monspessulani-Holoschoenetum vulgaris BRAUN-BLANQUET 1931 		(semi-)aquatic community	unusable	R311	6420	Pérez Raya et al. 2002 p. 56 (also Fariselli et al. 2024 Tab. 41.12 p. 517)	7
186	Drosereto-Schoenetum nigricantis BRAUN-BLANQUET et TÜXEN 1951		(semi-)aquatic community	unusable	MA223H	2190	Braun-Blanquet et Tüxen 1951 Tab. 34 + p. 303	18
187	Orchido-Schoenetum nigricantis OBERDORFER 1957	included in Junco subnodulosi-Schoenetum nigricantis Allorge 1921 nom. invers. et mutat. propos.	(semi-)aquatic community	unusable	MA223H	2190	Braun 1970 p. 130 (also: Aichinger 1960 Tab. 7 p. 173; Oberdorfer 1998 Vol I, Table 68/10; Bachmann 1982 Tab. 7 + p. 71; Chytry et al. 2011 tab. 14/5 p. 642+636; Donita et al. 2005 p. 307)	63
188	Primulo-Schoenetum ferruginei KOCH 1926	Schoenetum ferruginei Du Rietz 1925	(semi-)aquatic community	unusable	Q4111	7230	Braun 1970 p. 130 (also: Aichinger 1960 Tab. 8 p. 177; Oberdorfer 1998 Vol I, Table 68/11Ab; Linhard 1964 Tab. VIIIa; Bachmann 1982 Tab. 7 + p. 73)	93
189	Caricetum davallianae DUTOIT 1924 em GÖRS 1963	Caricetum davallianae Dutoit 1924	(semi-)aquatic community	unusable	Q4121	7230	Besler et Bornkamm 1982 Tab. 6/8 + p. 157 (also: Eggler 1958 Tab. 1/1, 1961 Tab. 2/2-4; Oberdorfer 1998 Vol I, Table 69/12Ab; Soó 1964b p. 160; Bachmann 1982 Tab. 8 + p. 79; Chytry et al. tab. 14/1 p. 642+623; Donita et al. 2005 p. 306; Fariselli et al. 2	188
190	Kobresietum simpliciusculae BRAUN-BLANQUET ap. NADIG 1942	included in Kobresietum simpliciusculae	(semi-)aquatic community	unusable	Q4111	7240	Oberdorfer 1998 Vol I, Table 71/13b	39
191	Caricetum maritimae BRAUN-BLANQUET 1918		(semi-)aquatic community	unusable	Q457	7240	Oberdorfer 1998 Vol I, Table 71/14a	17
192	Caricetum frigidae RÜBEL 1912	Saxifrago aizoidis - Caricetum frigidae Braun-Blanquet 1971	(semi-)aquatic community	unusable	Q452	7230	Oberdorfer 1998 Vol I, Table 72/16Aa	32
196	Sphagnetum magellanici KÄSTNER et FLÖSSNER 1933	Sphagnetum medii KÄSTNER et FLÖSSNER 1933; Spagnetum fusci LUQUET 1926; Sphagnetum magellanici (Malcuit 1929) Kästner et Flößner 1933; p.p Sphagnetum medii subalpinum HÖHN 1936	(semi-)aquatic community	unusable	Q111111	7110	Schlüter 1969 p. 348 Tab. 1+ Tab. 3 (also Reichert 1973 Tab. VI + p. 48; Fischer 1977 Tab. 1/1 p. 77; Oberdorfer 1998 Vol I/Table 75/2c; Thébaud 2011 Tab. 2/48-9; Schubert 2001 p. 364; Donita et al. 2005 p. 282; Fariselli et al. 2024 Tab. 10.1)	301
198	Eriophoro-Trichophoretum cespitosi RÜBEL 1933	Eriophoro-Trichophoretum cespitosi (Zlatnik 1928, Rudolph et al. 1928) Rübel 1933; Trichophoro-Sphagnetum fusci TX. 1937	(semi-)aquatic community	unusable	Q22612	7120	Oberdorfer 1998 Vol I/Table 75/3b (also Thébaud 2011 Tab. 1; Schubert 2001 p. 367)	187
203	Sphagnetum imbricati SCHWICKERATH 1940	Erico-Sphagnetum magellanici (Osvald 1923) Moore 1968	(semi-)aquatic community	unusable	Q111115	7110	Osvald 1923 p.120-121 (also Oberdorfer 1998 Vol I/Table 75/6)	10
204	Astero bellidiastri-Saxifragetum mutatae USINGER et WIGGER 1961	included in Caricetum davallianae Dutoit 1924	(semi-)aquatic community	unusable	Q425	7230	Oberdorfer 1998 Vol I/Table 70 et p. 261	5
205	Salsolo kali-Cakiletum aegyptiacae COSTA et MANSANET 1981	Salsolo tragi-Cakiletum maritimae Costa & Mansanet 1981, corr.	(semi-)aquatic community	unusable	N2	1210	Marceno et Romano 2010 Tab.1 p. 92  (also Dircksen 1968 p. 188; Zimmitti et al. 2015 tab. 1 p. 168; Veronico et al. 2017 Tab.1 p. 91; Fariselli et al. 2024 Tab. 14.1.1A-C)	41
206	Callitricho brutiae-Ranunculetum peltati PIZARRO et RIVAS-MARTÍNEZ		aquatic community	unusable	Q2413	3260	Rivas-Martinez 2002 Tab. 18 p. 65 (also Belmonte 2008 Tab. 118 p. 490+455; Espírito-Santo et Arsenio 2005 Tab. 1/1 p. 272+270)	29
207	Glycerio declinatae-Eleocharidetum palustris RIVAS-MARTÍNEZ et al. 19080		(semi-)aquatic community	unusable	Q521	3150	Rivas-Martinez  et al. 1980 Tab. 7 p. 39 (also Molina et Morena 2003 Tab. VI/2-8 p.  188; Espírito-Santo et Arsenio 2005 Tab. 1/3 p. 272+270; Belmonte 2008 Tab. 145 p. 509+476; )	115
208	Galio broteriani-Caricetum broterianae RIVAS-MARTÍNEZ ex FUENTE 1986		(semi-)aquatic community	unusable	T14B11		Vieira et al. 2001 Tab.II/1-11 (also: Molina et Morena 2003 tab. III/11-13 p. 184; Belmonte 2008 Tab. 149 p. 513+480)	65
209	Glycerio declinatae-Apietum nodiflori J.A.MOLINA 1996		(semi-)aquatic community	unusable	Q521		Molina et Morena 2003 tab. V/1-13 p. 182 (also: Belmonte 2008 Tab. 147 p. 511+477)	110
210	Glycerio declinatae-Catabrosetum aquaticae DIAZ GONZALEZ et PENAS MERINO 1984	Glycerio fluitantis-Catabrosetum aquaticae Loidi 1983	(semi-)aquatic community	unusable	Q521		Diaz Gonzalez et Penas Merino 1984 p. 249 (also: Loidi 1982 Tab. 2 p. 68)	11
211	Catabrosetum aquaticae RÜBEL 1911		(semi-)aquatic community	unusable	Q521		Philippi 1973 Tab. 16 p. 98 (also Rübel 1912 p. 193; Donita et al. 2005 p. 284; Schubert 2001 p. 482)	22
212	Callitricho brutiae-Ranunculetum pseudofluitantis PIZZARO et RIVAS-MARTÍNEZ 2002		aquatic community	unusable	Q2413	3260	Rivas-Martinez 2002 Tab. 19 p. 66 	10
213	Callitricho stagnalis-Ranunculetum saniculifolii GALÁN 1999		aquatic community	unusable	Q2413	3260	Rivas-Martinez 2002 Tab. 20 p. 67 (also: Pérez Latorre et al. 1999 Tab. 11 p. 160; Quesada et al. 2011 p.145-147) 	40
214	Callitricho lusitanicae-Ranunculetum penicillati PIZARRO 2002		aquatic community	unusable	Q2413		Rivas-Martinez 2002 Tab. 21 p. 68 (also: Quesada et al. 2011 p.150) 	13
215	Campanulo herminii-Festucetum rivularis  RIVAS-MARTÍNEZ, FERNANDEZ-GONZALEZ, SANCHES-MATA et SARDINERO 2002		aquatic community	unusable	R4352		Rivas-Martinez 2002 Tab. 22 p. 69	10
216	Cratoneuro filicini-Anagallidetum tenellae RIOS et ALCARAZ 2002		aquatic community	unusable	Q241		Rivas-Martinez 2002 Tab. 30 p. 84	9
217	Leontodonto microcephali-Ranunculetum alismoides ESTEVE et P. PRIETO 1971	Leontodonto microcephali-Ranunculetum uniflori Esteve & P. Prieto 1971	aquatic community	unusable	Q2222		Rivas-Martinez 2002 Tab. 42 p. 106+107	14
218	Myriophyllo alternijlori-Potametum natantis RIVAS-MARTíNEZ, FERNÁNDEZ-GONZÁLEZ, SÁNCHEz-MATA, PIZARRa et SARDINERO 2002		aquatic community	unusable	C1.1	3110	Rivas-Martinez 2002 Tab. 66 p. 150	8
219	Montio amporitanae-Ranunculetum hederacei RIVAS-MARTíNEZ, FERNÁNDEZ-GONZÁLEZ, PIZARRO, SÁNCHEZ-MATA et SARDINERO 2002		aquatic community	unusable	Q2413		Rivas-Martinez 2002 Tab. 78 p. 181	11
220	Myosotido stoloniferae-Ranunculetum omiophylli RIVAS-MARTíNEZ, FERNÁNDEZ-GONZÁLEZ, PIZARRO, SÁNCHEZ-MATA et SARDINERO 2002		aquatic community	unusable	Q2413		Rivas-Martinez 2002 Tab. 79 p. 182	4
221	Sedetum campanulati RIVAS-MARTíNEZ, FERNÁNDEZ-GONZÁLEZ, SÁNCHEZ-MATA et SARDINERO 2002		semi-)aquatic community	unusable	Q2413		Rivas-Martinez 2002 Tab. 87 p. 200+201	4
222	Junco btifonii-Sedetum lagascae SÁNCHEZ-MATA ex BRULLO et MINISSALE 1998		semi-)aquatic community	unusable	Q2413		Rivas-Martinez 2002 Tab. 88 p. 201+202	10
223	Nymphaeetum lotus thermalis BORZA (1931) 1963		aquatic community	unusable	C1.1	31A0	Donita et al. 2005 p. 72 (also: Sanda et al. 2008 p. 71)	4
224	Carici flavae-Eriophoretum latifolii SOÓ 1944		semi-)aquatic community	unusable	Q4213	7230	Zamfirescu 2005 tab. 1 p. 110 (also: Donita et al. 2005 p. 296; Tomescu 2008 Tab. 1 p. 2)	47
225	Seslerietum uliginosae (PALMGREN 1916) SOÓ 1941		semi-)aquatic community	unusable	Q435	7220	Donita et al. 2005 p. 308	9
226	Calthetum laetae KRAJINA 1933	 Philonotido-Calthetum laetae (Krajina 1933) Coldea 1991	semi-)aquatic community	unusable	Q24112	3220	Fink 1977 tab. 28 p. 180 (also: Donita et al. 2005 p. 311)	16
227	Leptodictyo riparii-Fissidentetum crassipedis ALLORGE ex PHILIPPI 1956 		aquatic community	unusable	Q523		Privitera et Puglisi 1996 tab. 2	11
228	Isoetetum durieui BRAUN-BLANQUET 1935		(semi-)aquatic community	unusable	Q52311	3170	Marcenò et Trapani 1976 Tab. 1 (also: Brullo et al. 1976 tab. 3/2-6)	15
2006	Hottonio palustris-Alnetum glutinosae HUECK ex FUKAREK 1961	included in Carici elongatae-Alnetum glutinosae Schwickerath 1933	(semi-)aquatic community	unusable	T1511	91D0	Berg et al. 2004 Text p. 443 et Table 30.2.1.1 (also: Klemm 1969 Tab. 1/1 p. 27; Hofmann et Pommer 2013 p. 109; Schubert 2001 p. 30	210
2007	Hordelymo-Fagetum lathyretosum KUHN 1937		natural forest	single stem cutting	T171	9130	Kuhn 1937 Tab. 36 (Lohmeyer 1953 Tab.2/195+57; Dierschke 1989 Tab. 3/1 + p. 125	614
2008	Hordelymo-Fagetum circaeetosum KUHN 1937 em. DIERSCHKE 1989		natural forest	single stem cutting	T171	9130	Rühl 1960 Tab. 15 (also: Lohmeyer 1953 Tab.2/B; Dierschke 1989 Tab. 3/3 + p. 132)	533
2009	Hordelymo-Fagetum typicum KUHN 1937 em. DIERSCHKE 1989		natural forest	single stem cutting	T171	9130	Rühl 1960 Tab. 14 (also: Dierschke 1989 Tab. 3/2 + p. 131; Schubert 2001 p. 54)	471
2010	Pruno padi-Fraxinetum excelsi OBERDORFER 1953	Filipendulo-Fraxinetum (OBERDORFER 1953) PASSARGE et HOFMANN 1968; Fraxino excelsioris-Alnetum glutinosae Matusz. 1952	natural forest	single stem cutting	T1213	91E0*	Passarge et Hofmann (1968) Table 5d (also Blosat et Schmidt 1975 Tab. 3/1-14 + p. 253; Schmidt (2002) 8.2, Table 2/7/2; Oberdorfer (1992) Vol IV, Table 307/7Ba and Text Vol. p. 150; Berg et al 2001 Table 30.3.1.1 und Text S. 447; Douda et al. 2015 Tab. A-	1862
2011	Dentario bulbiferae-Fagetum sylvatici typicum LOHMEYER 1962	included in Galio odorati-Fagetum Sougnez et Thill 1959 nom. conserv. propos.; Lamio orvalae-Fagetum Borhidi 1963	natural forest	single stem cutting	T173	9130	Lohmeyer (1962) p. 187 Table 1 f (also Hartmann et Jahn (1967) Table IVa/24-26; Knapp 1944f Tab. 2, 1944g Tab. 4-6; Höpflinger 1957 Tab. 17; Schubert 1972b Tab. 1/2 p. 111; Härtle et al (2004) Table 16/14; Hofmann et Pommer 2013 p. 352)	203
2012	Ribo sylvestris-Fraxinetum excelsi LEMÉE 1937 corr. PASSARGE 1958	Aegopodio-Fraxinetum Noirfalise et Sougnez 1961	natural forest	single stem cutting	T1213	91E0*	Oberdorfer (1992) Vol IV, Table 302/6 and Text Vol. p. 149	129
2013	Impatiento-Fagetum sylvatici (BARTSCH 1940) HOFMANN et PASSARGE 1968		natural forest	single stem cutting	T121313	9130	Passarge et Hofmann (1968) Table 11b (also Lohmeyer 1953 Tab.1/B; Schmidt (2002) 1.2, Table 2/2/2; Hartmann et Jahn (1967) Table IVa/3)	36
2014	Aceri pseudoplatani-Fagetum sylvatici BARTSCH et BARTSCH 1940	included in Galio odorati-Fagetum Sougnez et Thill 1959 nom. conserv. propos.; Athyrio distentifolii-Fagetum Willner 2002	natural forest	single stem cutting	T1F1	9140	Hartmann et Jahn (1967) Table III/7 (also Ellenberg et Klötzli 1972 p. 662; Zukrigl 1973 Tab. XI + p. 256; Besler et Bornkamm 1982 Tab. 1/13-16; Schmider et Burnand 1988 p. 94; Onyshchenko 2009 Tab. 29; Chytry et al. 2013 tab. 6/8 p.237+258; Schubert 2001	139
2015	Luzulo luzuloides-Fagetum sylvatici typicum MEUSEL 1937	Luzulo-Fagetum Meusel 1937; Luzulo pilosae-Fagetum sylvatici W. Mat. et A. Mat. 1973; Milio-Fagetum sylvaticae BURRICHTER, 1973 in ELLENBERG 1986; Luzulo albidae-Fagetum sylvatici Meusel 1937; Melampyro-Fagetum typicum OBERDORFER 1957	natural forest	single stem cutting	T181	9110	Tüxen (1937) S. 144 (also Knapp 1944f Tab. 1; Oberdorfer 1992 Vol IV, Table 325/3 and Text Vol. p. 202; Hartmann et Jahn 1967 Table Via/ 39-42, Table15/31-50, 60, 61 et p. 436; Zukrigl 1973 Tab. VII/1-8; Lienenbecker 1971 Tab. 37a + p. 156; Blosat et Schm	1758
2016	Luzulo luzuloides-Fagetum sylvatici caricetosum brizoides MEUSEL 1937		natural forest	single stem cutting	T181	9110	Oberdorfer (1992) Vol IV, Table 325/5 and Text Vol. IV p. 202	14
2017	Luzulo luzuloides-Fagetum sylvatici convallarietosum MEUSEL 1937	Carici umbrosae-Fagetum OBERDORFER 1957	natural forest	single stem cutting	T181	9110	Knapp 1944b Vol. 1 tab. 13 (also: Oberdorfer (1992) Vol IV, Table 324/1b and Text Vol. IV p. 202	282
2018	Luzulo luzuloides-Fagetum sylvatici dryopteriditosum TÜXEN 1954		natural forest	single stem cutting	T181	9110	Tüxen 1954 in Hartmann et Jahn 1967 Table Via/26 (also Hartmann et Jahn 1967 Table Via/34-38, Table 15/1-14 and p. 435; Blosat et Schmidt 1975 Tab. 1/17-20 + p. 244; Oberdorfer (1992) Vol IV, Table 325/6 and Text Vol. IV p. 202; Reichert 1973 Tab. IX/2-4+	25
2019	Dentario bulbiferae-Fagetum sylvatici dryopteridetosum LOHMEYER 1962	included in Galio odorati-Fagetum Sougnez et Thill 1959 nom. conserv. propos.	natural forest	single stem cutting	T173	9130	Lohmeyer (1962) Table 2 c (also Hartmann et Jahn (1967) Table V/6-9; Matuszkiewisz (1958) Table 1/17-30,36-47; Hofmann et Pommer 2013 p. 349)	381
2020	Fraxino excelsi-Fagetum sylvatici SCAMONI 1956		natural forest	single stem cutting	T1311	9130	Passarge et Hofmann (1968) Table 10e (also Knapp 1944b Vol. 4 tab. 6 p. 23; Langguth, Kopp et Passarge (1965) Table 3/4; Berg et al 2001 Table 34.2.1.1 and Text p. 484; Hofmann et Pommer 2013 p. 365)	873
2021	Luzulo luzuloides-Abieto-Fagetum sylvatici typicum HARTMANN et JAHN 1967		natural forest	single stem cutting	T173	9110	Hartmann et Jahn (1967) Table VIa/14 (also Knapp 1944g Tab. 3; Zukrigl 1973 Tab. VII/9-13; Willner et Grabherr (2007) Vol 1 p. 166 et Table 21b/3)	46
2022	Luzulo luzuloides-Abieto-Fagetum sylvatici vaccinietosum myrtillis  HARTMANN et JAHN 1967		natural forest	single stem cutting	T173	9110	Oberdorfer (1992) Vol IV, Table 327/1a and Text Vol. IV p. 202 (also: Eggler 1953 Veg.tab. E; Maurer 1966 Tab. 6 p.41;  Zukrigl 1973 Tab. VII/2-7)	80
2023	Luzulo luzuloides-Abieto-Fagetum sylvatici athyrietosum  HARTMANN et JAHN 1967		natural forest	single stem cutting	T173	9110	Hartmann et Jahn (1967) Table VIa/17 (also: Knapp 1944b Vol. 1 tab. 11; Zukrigl 1973 Tab. VII/14-19)	57
2024	Calamagrostio arundinaceae-Abieto-Fagetum sylvatici typicum  HARTMANN et JAHN 1967		natural forest	single stem cutting	T173	9110	Hartmann et Jahn (1967) Table VIa/4	10
2025	Calamagrostio arundinaceae-Abieto-Fagetum sylvatici dryopteridetosum  HARTMANN et JAHN 1967		natural forest	single stem cutting	T173	9110	Hartmann et Jahn (1967) Table VIa/1 (also Maurer 1966 Tab. 7 p. 43)	10
2026	Fago-Piceetum REINHOLD 1939		natural forest	single stem cutting	T173	9410	Hartmann et Jahn (1967) Table 4aa/1-15 (also Schmidt (2002) 2.5.1, Table 2/2/5.2)	15
2027	Stachyo-Carpinetum betuli TÜXEN 1930	included in Stellario-Carpinetum Oberd. 1957;	natural forest	single stem cutting	T1E16	91F0	Hartmann et Jahn (1967) Table VIII/8, Table 19a/8-11, p. 492 (also Lohmeyer 1950a Tab. 2/2; Diekjobst 1967b Tab. 1a-d; Passarge et Hofmann (1968) Table 20f; Schmidt (2002) 3.1.1, Table 2/3/2.1; Hofmann et Pommer 2013 p. 222)	219
2028	Endymio-Carpinetum betuli NOIRFALISE 1969		natural forest	single stem cutting	T1E16	9160	Härtle et al 2004 Table 16/1 (also Pujol et al. 2023 p. 277)	188
2029	Coronilla vaginalis-Pinetum sylvatici RICHARD 1972		natural forest	single stem cutting	T3541	9430*	Oberdorfer (1992) Vol IV, Table 259/5 and Text Vol. p. 50	41
2030	Galio sylvatici-Carpinetum betuli potentilletosum albaea KLIKA 1939	Galio-Carpinetum Oberd. 1957	natural forest	single stem cutting	T1E16	9170	Hartmann et Jahn (1967) Table IXc/25-28, p. 518 (also Schubert 1972b Tab. 3/3 + p. 121; Blosat et Schmidt 1975 Tab. 2/11-25; Schmidt (2002) 3.2.1, Table 2/3/1.1)	440
2031	Mercuriali-Fagetum sylvatici melicetosum  (HARTMANN 1953) HOFMANN 1965	Lathyro-Fagetum typicum  HARTM. 1953	natural forest	single stem cutting	T171	9130	Passarge et Hofmann (1968) Table 12b (also Berg et al 2001 Table 34.2.1.2 and Text p. 486, Hartmann et Jahn (1967) Table 18a/10-13, S. 460; Willner et Grabherr (2007) Table 21a/10; Chytry et al. 2013 tab. 6/6 p.237+249; Hofmann et Pommer 2013 p. 369; Schu	996
2032	Galio sylvatici-Carpinetum betuli typicum OBERDORFER 1957	Galio-Carpinetum Oberd. 1957	natural forest	single stem cutting	T1E16	9170	Hartmann et Jahn (1967) Table IXa/20, Table 21/56-69, p. 507 (also Linhard 1964 Tab. XIIIg; Th. Müller 1960 Tab.1/1, 1990 Table 5; Oberdorfer (1992)Vol IV  Table 313/1-8, and Text Vol IV p. 166; Chytry et al. 2013 tab. 6/1 p. 237+223;  Niemeyer et al. 201	4217
2033	Holco mollis-Quercetum (robori-petraeae) LEMÉE 1937 corr. et em. OBERDORFER 1992	Fago-Quercetum petraeae Tx. 1955; Betulo-Quercetum petraeae violetosum rivinianaea TÜXEN 1937; Violo-Quercetum Oberd. 1957	natural forest	single stem cutting	T1B1	9190	Oberdorfer (1992) Vol IV, Table 287/1 and Text Vol. p. 109 (also Wattendorf 1959 Tab. 1/26-29; Lienenbecker 1971 Tab. 33c + p. 147; Wolter et Dierschke 1975 Tab. 3/3-4 + p. 207; Chytry et al. 2013 tab. 7/12 p.338+362; Matuszkiewicz J.M. 1993 p.46; Hofmann	337
2034	Vaccinio vitis-ideae-Quercetum (roboris) OBERDORFER 1957	included p.p. in Betulo pendulae-Quercetum roboris typicum Tx. 1930 nom. invers. propos.; Pino sylvestris-Quercetum petraeae Reinhold 1944	natural forest	single stem cutting	T1B7	9190	Hartmann et Jahn (1967) Table XIII/10 (also: Eggler 1958 Tab. 7; Chytry et al. 2013 tab. 7/11 p. 338+359; Schubert 2001 p. 73)	67
2035	Calamagrostio arundinaceae-Quercetum petraeae SCAMONI et PASSARGE 1959	Calamagrostio arundinaceae-Quercetum petraeae (Hartmann 1934) Scamoni et Passarge 1959	natural forest	single stem cutting	T1B7	9190	Scamoni (1960) Table 45 (also: Matuszkiewicz J.M. 1993 p.46; Hofmann et Pommer 2013 p. 276	133
2036	Genisto tinctoriae-Quercetum (petraea) KLIKA 1932	included in Luzulo-Quercetum petraeae Hilitzer 1932 nom. invers. propos.	natural forest	single stem cutting	T1B7	9190	Oberdorfer (1992) Vol IV, Table 292/3b and  Text Vol. p. 114 (also Klika (1937) S. 336; Soó 1964b p. 263; Chytry et al. 2013 tab. 7/9 p. 338+352; Schubert 2001 p. 74)	184
2037	Calamagrostio variae-Pinetum OBERDORFER 1957	including Molinio-Pinetum ELLENBERG et KLÖTZLI 1972	natural forest	single stem cutting	T3541	9430*	Oberdorfer (1992) Vol  IV, Table 259/4 and Text Vol. p. 49 (also Ellenberg et Klötzli 1972 p.742  with Keller et al. 1998)	84
2038	Calamagrostio villosae-Piceetum lophozietosum TÜXEN 1937	Calamagrostio villosae-Fagetum Mikyska 1972	natural forest	single stem cutting	T312	9410	Hartmann et Jahn (1967) Table II/15, Text Vol. p. 383 (also Chytry et al. 2013 tab. 8/7 p. 372+406; Schubert 2001 p. 88)	191
2039	Vaccinio myrtilli-Piceetum TÜXEN 1955	Vaccinio-Piceetum Tx. 1955	natural forest	single stem cutting	T312	9410	Hartmann et Jahn (1967) Table II/20, p. 384	205
2040	Calamagrostio villosae-Piceetum vaccinietosum vitis-idaea VOLK 1939	Barbilophozio-Piceetum vaccinietosum vitis-idaea Volk 1939	natural forest	single stem cutting	T312	9410	Hartmann et Jahn (1967) Table II/29 (Willner et Grabherr (2007) Table 43/2,4)	80
2041	Carici-Fagetum sylvatici lithospermetosum HARTMANN 1967	Clinopodio-Fagetum hordelietosum HOFMANN 1957; Mercuriali-Fagetum melicotosum Fukarek 1951	natural forest	single stem cutting	T174	9150	Hartmann et Jahn (1967) Table VIIa/37, Table 18b/17-21,p. 464 (also Rühl 1960 Tab. 5/16-40)	29
2042	Carici-Fagetum sylvatici typicum MOOR 1952 em. LOHMEYER 1953		natural forest	single stem cutting	T174	9150	Hartmann et Jahn (1967) Table VIIa 30, Table 18b/9-12, p. 462 (also Rühl 1960 Tab. 5/1-16; Knapp 1969 Tab. 1; Zukrigl 1973 Tab. XII + p. 262; Berg et al 2001 Table 34.2.3.1 and Text S. 489; Willner et Grabherr (2007) Table 21a/1; Ellenberg et Klötzli 1972	1076
2043	Calamagrostio villosae-Piceetum typicum VOLK 1939	Barbilophozio-Piceetum typicum Volk 1939	natural forest	single stem cutting	T312	9410	Hartmann et Jahn (1967) Table II/20 (Willner et Grabherr (2007) Table 43/1,3; Ellenberg et Klötzli 1972 p.714  with Keller et al. 1998; Schubert 1972c Tab. 3/1 + p. 205)	530
2044	Sphagno-Piceetum (TÜXEN 1937) KUOCH 1954	Vaccinio-Piceetum Tx. 1955; Vaccinio uliginosi-Piceetum TX.1955	natural forest	single stem cutting	T312	91E0*	Hartmann et Jahn (1967) Table II/36, p. 386, Table 3/7-18 (also Tüxen (1937) S. 123; Schlüter 1969 Tab. 4 p. 352; Borhidi 1971 tab. 5 p. 313; Willner et Grabherr (2007) Table 39/8; Ellenberg et Klötzli 1972 p.732  with Keller et al. 1998; Zukrigl 1973 Tab	118
2045	Bazzanio-Piceetum  (SCHMIDT et GAISBERG 1936) BRAUN-BLANQUET 1939	Mastigobryo-Piceetum  Br.-BI. 1939	natural forest	single stem cutting	T312	9410	Hartmann et Jahn 1967 Table II/50-51 und S. 387 (also in Schlüter 1969 Tab. 5+ p. 354; Borhidi 1971 tab.5 p. 312; Oberdorfer (1992) Vol IV, Table 269/10Ab and Text Vol. p. 69; Willner et Grabherr (2007) Teil 1 S. 206 et Table 39/6; Ellenberg et Klötzli 19	370
2046	Vaccinio vitis-idaeae-Abietetum albae typicum OBERDORFER 1957	Vaccinio myrtilli-Abietetum Kuoch 1954	natural forest	single stem cutting	T323	9410	Oberdorfer (1992) Vol IV, Table 265/6Ab and Text Vol. p. 64 (also Schubert 1972c Tab. 2/3 + p. 202; Schmidt (2002) 6.2, Table 2/5/2; Runge (1994) S. 245; Chytry et al. 2013 tab. 6/14 p. 237+277)	160
2047	Leucobryo-Pinetum sylvestris molienetosum MATUSZKIEWICZ 1962		natural forest	single stem cutting	T3J5	91T0	Matuszkiewicz (1962) Table 1/7 (also  Hartmann et Jahn 1967 Table XIII/1 ; Schmidt (2002) 7.1.2, Table 2/6/1.3)	109
2048	Leucobryo-Pinetum sylvestris typicum MATUSZKIEWICZ 1962		natural forest	single stem cutting	T3J5	91T0	Matuszkiewicz (1962) Table 1/5+6 (also Hartmann et Jahn (1967) Table XIII/4-5, Schubert 1972c Tab. 2/4 + p. 202; Schmidt (2002) 7.1.1, Table 2/6/1.1; Oberdorfer (1992) Vol IV, Table 261/1gB and Text Vol. p. 55; Runge (1994) S. 246; Berg et al 2001 Table 3	1335
2049	Stellario nemorum-Alnetum typicum LOHMEYER 1957	Salici fragilis-Alnetum glutinosae LOHM. 1957	natural forest	single stem cutting	T1511	91E0*	Lohmeyer 1957 Tab. 1 + p. 247 (also Rühl 1964 Tab. 2; Passarge et Hofmann (1968) Table 39 g-i; Schubert 1972a Tab. 2/2 p. 22; Tüxen et Ohba 1975 Tab. 2 + p. 391; Oberdorfer (1992) Vol IV, Table 305/5A and Text Vol. p. 147; Schmidt 2002 8.1.1, Table 2/7/3.	1152
2050	Irido-Alnetum glutinosae DOING 1962	Irido-Alnetum glutinosae symphytetosum DOING 1962	natural forest	single stem cutting	T1511	91E0*	Passarge et Hofmann (1968) Table 4b (also Schmidt (2002) 11.1.2, Table 2/8/3.3; Berg et al 2001 Table 30.2.2.2 and Text p. 445)	74
2051	Stellario nemorum-Alnetum aruncodetosum TÜXEN 1957	Salici fragilis-Alnetum glutinosae LOHM. 1957	natural forest	single stem cutting	T1511	91E0*	Passarge et Hofmann (1968) Table 39h (also Oberdorfer (1992) Vol IV, Table 305/5B and Text Vol. p. 147; Schmidt (2002) 8.1.2, Table 2/7/3.1; Schubert 2001 p. 36)	195
2052	Dryopterido cristatae-Alnetum glutinosae  TÜXEN et BODEUX 1955		natural forest	single stem cutting	T1511	91E0*	Matuszkiewicz, H. et T. Traczyk (1958) Table 1 and p. 36	82
2053	Carici remotae-Fraxinetum excelsi W. KOCH 1926 ex FABER 1936	included in Pruno-Fraxinetum Oberd. 1953	natural forest	single stem cutting	T1213	91E0*	Tüxen (1937) S. 149 (also Knapp 1944c p. 31; Knapp 1944b Vol. 6 Tab. 1-4, 1944f Tab. 4, 1944g Tab. 7; Hübl 1959 Tab. p. 161 rel. 16-24; Lohmeyer 1960 Tab. 3 + p. 216; Rühl 1964 Tab. 1/1-14; Blosat et Schmidt 1975 Tab. 3/15-22 + p. 254; Schmidt (2002) 8.3.	409
2054	Querco (roboris)-Ulmetum minoris ISSLER 1924	Fraxino-Ulmetum   (Tx. 1952) Oberd. 1953	natural forest	single stem cutting	T1311	91F0	Issler (1924) p. 33 (also Linhard 1964 Tab. Xc; Passarge et Hofmann 1968 Table 8e-f; Kappen et Schulze 1979 Tab. 1/1-4 + p. 189; Schnelle 1981 Tab. 1/3-6,8,9 + p. 387Oberdorfer 1992 Vol IV, Table 308/8Ab and Text Vol. p. 153; Schmidt (2002) 9.1, Table 2/7	1266
2055	Salicetum albae ISSLER 1924	Salici-Populetum nigrae TÜXEN 1931; Salicetum albo-fragilis Tx. (1948) 1955	natural forest	single stem cutting	T1111	91E0*	Issler (1924) p. 20 (also Knapp 1944b Vol. 6 Tab. 8-9; Linhard 1964 Tab. IX; Passarge et Hofmann 1968 Table 39b; Jelem 1975 Annex-Tab. rel. 18-29; Oberdorfer (1992) Vol IV, Table 241/6, 247/6a-6l and Text Vol. p. 22; Schmidt 2002 10.2; Tüxen 1937 S. 135; 	630
2056	Carici elongatae-Alnetum glutinosae SCHWICKERATH 1933	Carici elongatae-Alnetum betuletosum Bodeux 1955	natural forest	single stem cutting	T15112	91E0*	Tüxen (1937) S. 136 (also Lutz 1950 Tab. 6; Lohmeyer 1960 Tab. 2 + p. 214; Aichinger 1960 Tab. 10 p. 198; Soó 1964b p. 230; Böcker 1978 Tab. 9; Schmidt (2002) 11.3, Table 2/8/1; Oberdorfer (1992) Vol IV, Table 251/5b and Text Vol. p. 30; Langguth, Kopp et	1040
2057	Urtico-Alnetum FUKAREK 1961	Urtico-Alnetum (Scamoni 1935) Fukarek 1961	natural forest	single stem cutting	T1511	91E0*	Oberdorfer (1992) Vol IV, Table 252/9 and Text Vol. p. 32 (also Schmidt (2002) 11.4, Table 2/8/5; Hofmann et Pommer 2013 p. 136; Schubert 2001 p. 32)	166
2058	Vaccinio uliginosi-Pinetum mugi KÄSTNER et FLÖSSNER 1933	Pinetum uncinatae Kästner et Flößner 1933; Vaccinio uliginosi-Pinetum rotundatae Oberd.  1934 em. Seibert in Oberd. 1992; Pino mugo-Sphagnetum Neuhäusl 1969;Vaccinio-Pinetum montanae Oberdorfer 1934	natural forest	unusable	T3J5	91D0*	Hartmann et Jahn (1967) Table Ib/39-54 (also Schmidt (2002) 12.3, Table 2/9/3; Oberdorfer (1992) Vol IV, Table 264/5 and Text Vol. p. 61; Ellenberg et Klötzli 1972 p.762  with Keller et al. 1998; Schubert 1972c Tab. 1/2 + p. 198; Chytry et al. 2013 tab. 8	236
2059	Vaccinio uliginosi-Piceetum HARTMANN 1953	Vaccinio-Piceetum Tx. 1955; Vaccinio uliginosi-Piceetum abietis Schubert 1972	natural forest	unusable	T312	91D0*	Schmidt et al. (2002) 12.4.1 Table 2/9/4.1 (also: Chytry et al. 2013 tab. 8/14 p. 372+429; Schubert 1972c Tab. 1/3 + p. 199, 2001 p. 96)	125
2060	Filipendulo-Alnetum LEMÉE 1937	included in Pruno-Fraxinetum Oberd. 1953	natural forest	single stem cutting	T1511	91E0*	Passarge et Hofmann (1968) Table 5g (also Strimmer 1974 Tab. I.3/1-14 + p. 23; Schmidt (2002) 8.2, Table 2/7/2; Pujol et al. 2023 p. 284; Hofmann et Pommer 2013 p. 159)	80
2061	Fraxino excelsi-Aceretum pseudoplatani TÜXEN 1937	Fraxino-Aceretum W. Koch ex Tx. 1937	natural forest	single stem cutting	T1F1	9180*	Tüxen (1937) S. 146 (also Knapp 1944b Vol. 4 Tab. 13-18; Knapp 1944e Tab. 5; Knapp 1944f Tab. 3; Oberdorfer (1992) Vol IV, Table321/9A and Text Vol. p. 185; Maurer 1966 Tab. 9 p. 47; Hartmann et Jahn (1967) Table III/20-25; Ellenberg et Klötzli 1972 p. 67	424
2062	Adoxo-Aceretum pseudoplatani PASSARGE 1959	Aceri pseudoplatani-Fraxinetum excelsioris W. Koch 1926	natural forest	single stem cutting	T1311	9180*	Oberdorfer (1992) Vol IV, Table322/10B and Text Vol. p. 191 (also Schmidt (2002) 13.2, Table 2/10/2; Berg et al 2001 Table 34.1.1.1 und Text S. 381; Niemeyer et al. 2010 p. 61; Hofmann et Pommer 2013 p. 384; Schubert 2001 p. 51)	661
2063	Aceri pseudoplatani-Tilietum cordatae HARTMANN et JAHN 1967		natural forest	single stem cutting	T1F1	9180*	Hartmann et Jahn (1967) Table VIIc/1-3	25
2064	Betulo carpaticae-Piceetum STÖCKER 1967	Betula carpatica-Picea abies-Ass.	natural forest	single stem cutting	T311	91D0*	Hartmann et Jahn (1967) Table II/56 (also: Schubert 1972c Tab. 3/3 + p. 206, 2001 p. 89)	105
2065	Betulo carpaticae-Sorbetum aucupariae LOHMEYER et BOHN 1972	included in Betula pubescens-Sorbus aucuparia-	natural forest	single stem cutting	T1C3	9410	Oberdorfer (1992) Vol IV,  Table 262/2Bb and Text Vol. p. 57 (also Schmidt (2002) 14.2)	12
2066	Salicetum purpureae WENDELBERGER-ZELINKA 1952	Salix purpurea-Ass.	natural forest	single stem cutting	S9121	91E0*	Oberdorfer (1992) Vol IV, Table 241/3, 244/3a-3d and Text Vol. p. 19 (also Soó 1964b p. 235; Fink 1977 p. 243; Willner et Grabherr (2007) Vol. 1 S. 52 et Table 2/2; Pujol et al. 2023 p. 290; Chytry et al. 2013 tab. 2/3 p. 51+57; Schubert 2001 p. 122; Doni	95
2067	Salicetum triandrae (MALCUIT 1929) NOIRFALISE 1955	Salicetum triandrae Malcuit ex Noirfalise in Lebrun et al. 1955	natural forest	unusable	S9121	91D0*	Horvat, Glavac, Ellenberg (1974) Table 58/1-2 (also Oberdorfer (1992) Vol IV, Table 245/4a and Text Vol. p. 20; Willner et Grabherr 2007 S. 52 u.Table 2/1; Pujol et al. 2023 p. 290; Niemeyer et al. 2010 p. 17; Poldini et al. tab. 10 p. 35; Schubert 2001 p	269
2068	Erico carnae-Pinetum sylvestris caricitosum humulis EICHBERGER et al. 2004		natural forest	single stem cutting	T3615	9430*	Willner et Grabherr (2007) Vol 1 p. 172 et Table 29/4 (also Knapp 1944b Vol. 1 Tab. 1;  Eggler 1955 Tab. 1/8-9; Mucina et al. (1993) Teil III, S. 249	50
2069	Soldanello montanae-Piceetum VOLK in BRAUN-BLANQUET et al 1939	included in Calamagrostio villosae-Piceetum (Tx. 1937) Hartmann et Schlüter 1966 nom. conserv. propos.	natural forest	single stem cutting	T312	9410	Hartmann et Jahn (1967) Table II/48, p. 387 (also: Chytry et al. 2013 tb 8/10 p.372+417)	103
2070	Cephalanthero-Fagetum sylvatici typicum HOFMANN 1956	included in Carici-Fagetum Moor 1952; Cephalanthero damasonii--Fagetum sylvaticae Oberdorfer 1957	natural forest	single stem cutting	T171	9150	Knapp 1944e Tab. 4 (also: Lohmeyer 1953 Tab. 1 + p. 61, 1955 p. 139; Hartmann et Jahn (1967) Table VIIa/26; Lienenbecker 1971 p. 162; Chytry et al. 2013 tab. 6/10 p. 237+264; Hofmann et Pommer 2013 p. 374; Schubert 2001 p. 56)	108
2071	Dentario enneaphyllides-(Abieto-)Fagetum sylvatici OBERDORFER Ex MATUSZKIEWICZ et MATUSZKIEWICZ 1960	included in Galio odorati-Fagetum Sougnez et Thill 1959 nom. conserv. propos.; Dentario enneaphyllides-Abieto-Fagetum  HARTMANN. 1953	natural forest	single stem cutting	T173	9130	Hartmann et Jahn (1967) Table IVa/11 (also Knapp 1944b Vol. 3 Tab. 1+2, 1954 Tab. 2c; Matuszkiewicz J.M. 1993 p.47)	46
2072	Vaccinio vitis-idaea-Pinetum sylvestris MAYER et HOFFMANN 1969	included in Leucobryo-Pinetum Matuszkiewicz 1962	natural forest	single stem cutting	T1B7	91T0	Willner et Grabherr (2007) Table 28/6 (Mucina et al. (1993) Vol III, p. 301	365
2073	Corydalido cavae-Aceretum pseudoplatani MOOR 1938	included in Fraxino-Aceretum W. Koch ex Tx. 1937;	natural forest	single stem cutting	T1F1	9180*	Willner et Grabherr (2007) Vol 1 p. 134 et Table 19/13 (also Schubert 1972a Tab. 6/2 p. 33; Mucina et al. (1993) Teil III, S. 109)	49
2074	Arunco dioicae-Aceretum pseudoplatani MOOR 1952	included in Fraxino-Aceretum W. Koch ex Tx. 1937	natural forest	single stem cutting	T1F1	9180*	Willner et Grabherr (2007) Vol 1 p. 133 et Table 19/11 (also Mucina et al. (1993 ) Part III p. 118; Onyshchenko 2009 Tab. 66; Chytry et al. 2013 tab. 6/17 p. 237+289)	286
2075	Lunario-Aceretum pseudoplatani RICHARD ex SCHLÜTER et GRÜNEBERG 1957	included in Fraxino-Aceretum W. Koch ex Tx. 1937; Arunco-Aceretum MOOR 1952	natural forest	single stem cutting	T1F1	9180*	Hartmann et Jahn (1967) p. 399 Table III/13 (also Stallner 1974 Tab. 2 + p. 62; Fink 1977 tab. 51 p. 350; in Mucina et al. 1993 Vol III, p. 115)	36
2076	Asplenio scolopendri-Fraxinetum excelsi SCHWICKERATH 1938	included in Fraxino-Aceretum W. Koch ex Tx. 1937;	natural forest	single stem cutting	T1F1	9180*	Willner et Grabherr (2007) Vol 1 p. 133 et Table 19/10 (also Mucina et al. (1993) Teil III, S. 113; Chytry et al. 2013 tab. 6/16 p. 237+286)	394
2077	Carici albae-Tilietum cordatae MÜLLER et GÖRS 1958		natural forest	single stem cutting	T1F5	9180*	Th. Müller (1990) Table 1/3 (also Douda et al. 2015 Tab. A-9; Willner et Grabherr (2007) Table 18/1)	146
2078	Cardamino amarae-Alnetum glutinosae (MEIJER-DREES 1936) PASSARGE 1968		natural forest	single stem cutting	T1511	91E0*	Passarge et Hofmann (1968) Table 7c (also Berg et al 2001 Table 30.1.1.2 and Text p. 440; Hofmann et Pommer 2013 p. 142)	193
2079	Mnio-Fagetum sylvatici PASSARGE 1966	included in Luzulo-Fagetum Meusel 1937;	natural forest	single stem cutting	T181	9110	Passarge et Hofmann (1968) Table 18g (also: Hofmann et Pommer 2013 p. 315	30
2081	Asperulo odorati-Fagetum sylvatici  typicum MAYER 1964	Galio odorati-Fagetum typicum Sougnez et Thill 1959 nom. conserv. propos.	natural forest	single stem cutting	T171	9130	Passarge et Hofmann (1968) Table 15a (also Lohmeyer 1950a Tab. 2/4, 1953 Tab. 1A; Härtle et al. 2004 Table 16/2-13; Schmidt (2002) 1.1.1, Table 2/1/3.1; Oberdorfer (1992) Vol IV, Table 331/2 and Text Vol. p. 212; Willner (2002) Tab 6/9-11, Ellenberg et Kl	3354
2083	Asperulo odorati-Fagetum  sylvatici dryopteridetosum SCAMONI 1967	Galio odorati-Fagetum dryopteridetosum Sougnez et Thill 1959 nom. conserv. propos.	natural forest	single stem cutting	T171	9130	Passarge et Hofmann (1968) Table 15f (also Eggler 1953 Veg.tab. C; Lohmeyer 1953 Tab. 3; Diekjobst 1967b Tab. I/h; Schmidt (2002) 1.1.1, Table 2/1/3.1; Oberdorfer (1992) Vol IV, Table 331/6 and Text Vol. p. 212; Tüxen (1937) S. 142; Hofmann et Pommer 2013	148
2084	Violo albae-Fraxinetum excelsi MUCINA 1993	Scillo-Fraxinetum excelsi violetosum albaea Moor 1973	natural forest	single stem cutting	T1F3	9180*	Willner et Grabherr (2007) Vol 1 p. 132 et Table 19/9 (also Mucina et al. (1993) Teil III, S. 117)	75
2085	Dicranello-Fagetum sylvatici calamagrostidetosum HOFMANN et PASSARGE 1968		natural forest	single stem cutting	T171	9130	Passarge et Hofmann (1968) Table 16 a	3
2086	Dicranello-Fagetum sylvatici typicum HOFMANN et PASSARGE 1968		natural forest	single stem cutting	T171	9130	Passarge et Hofmann (1968) Table 16 b  (also: Hofmann et Pommer 2013 p. 314	26
2087	Dicranello-Fagetum sylvatici silenietosum HOFMANN et PASSARGE 1968		natural forest	single stem cutting	T171	9130	Passarge et Hofmann (1968) Table 16 c	6
2088	Melampyro pratensis-Fagetum sylvaticae OBERDORFER 1957	Luzulo sylvaticae-Fagetum Ellenberg et Klötzli 1974	natural forest	single stem cutting	T18122	9110	Frehner 1963 Vegetation Table 3/a, b (also: Hartmann et Jahn (1967) Table VIc/21, Table 16/63-67; Schubert 1972b Tab. 4/1 + p. 124; Oberdorfer 1992 Vol IV, Table 324/2a and Text Vol. p. 202; Ellenberg et Klötzli 1972 p.622; Schmider et Burnand 1988 p. 46)	632
2089	Luzulo niveae-Fagetum sylvaticae BRAUN-BLANQUET 1952		natural forest	single stem cutting	T18122	9110	Ellenberg et Klötzli 1972 p. 626 with Keller et al. 1998  (also Oberdorfer (1984) Tab. 1/2)	148
2090	Sphagno-Alnetum glutinosae LEMÉE 1937	Cariceto laevigatae-Alnetum sphagnosum Schwick. 1938; Thelypterido palustris-Alnetum glutinosae Klika 1940	natural forest	single stem cutting	T162	91D0*	Passarge et Hofmann (1968) Table 4f (Also Douda et al. 2015 Tab. E-26; Chytry et al. 2013 tab. 5/1 p.183+169; Hofmann et Pommer 2013 p. 113; Schubert 1971a Tab. 1/2 p. 19, 2001 p. 33)	287
2091	Peucedano palustris-Alnetum glutinosae NOIRFALISE & SOUGNEZ 1961 		natural forest	single stem cutting	T1511	91E0	Noirfalise & Sougnez (1961) in Pujol et al. 2023 p. 264	2
2092	Cirsio oleracei-Alnetum glutinosae LEMÉE ex NOIRFALISE & SOUGNEZ 1961 		natural forest	single stem cutting	T1511	91E0	Noirfalise & Sougnez (1961) in Pujol et al. 2023 p. 266	3
2093	Carici laevigatae-Alnetum glutinosae (ALLORGE 1922) SCHWICKERATH 1937		natural forest	single stem cutting	T1511	91E0	Schwickerath 1937 in Pujol et al. 2023 p. 266 (also: Reichert 1973 Tab. VIII + p. 50; Lohmeyer 1960 Tab. 1 + p. 211)	36
2094	Milio-Fagetum sylvaticae FREHNER 1963	included in Asperulo odorati-Fagetum sylvatici  typicum MAYER 1964 	natural forest	single stem cutting	T173	9110	Frehner 1963 Vegetation Table 2/a, b (also: Ellenberg et Klötzli 1972 p.636; Burrichter et Wittig 1977 Tab. 1 p. 383; Schmider et Burnand 1988 p. 50; Hofmann et Pommer 2013 p. 337)	509
2095	Pulmonario obscurae-Fagetum sylvaticae FREHNER 1963		natural forest	single stem cutting	T173	9150	Frehner 1963 Vegetation Table 5/a (also: Ellenberg et Klötzli 1972 p.638; Schmider et Burnand 1988 p. 52)	103
2096	Ulmo-Fraxinetum excelsi typicum MOOR 1958		natural forest	single stem cutting	T11211	9180	Moor 1958 Table 31 (also: Ellenberg et Klötzli 1972 p.676)	17
2097	Ulmo-Fraxinetum excelsi listeretosum ELLENBERG et KLÖTZLI 1972	Aceri-Fraxinetum alluviale ETIER 1947	natural forest	single stem cutting	T11211	8180	Ellenberg et Klötzli 1972 p. 678 (also: Schmider et Burnand 1988 p. 113)	74
2098	Equiseto (hyemale)-Alnetum incanae MOOR 1958		natural forest	single stem cutting	T1121	91E0	Ellenberg et Klötzli 1972 p.682 (also: Trinajstic 1973 Tab. 1; Willner et Grabherr 2007 Tab. 16/10-11; Schmider et Burnand 1988 p. 126)	513
2099	Calamagrostio (variae)-Alnetum incanae MOOR 1959		natural forest	single stem cutting	T1121	91E0	Ellenberg et Klötzli 1972 p.684 (also: Schmider et Burnand 1988 p. 118)	55
2100	Athyrio-Alnetum glutinosae TÜXEN 1943		natural forest	single stem cutting	T1511	91E0*	Passarge et Hofmann (1968) Table 4d (also Schmidt (2002) 11.1.3, Table 2/8/4)	42
2101	Circaeo-Alnetum glutinosae OBERDORFER 1953		natural forest	unusable	T1213	91E0*	Matuszkiewicz et Borowik (1957) Table 1 et p. 140 (also: Hofmann et Pommer 2013 p. 131)	117
2102	Arunco-Fraxinetum castanosum ELLENBERG et KLÖTZLI 1972		natural forest	single stem cutting	T19C3	9260	Ellenberg et Klötzli 1972 p.684  with Keller et al. 1998  	49
2103	Cruciato glabrae-Quercetum castanosum ELLENBERG et KLÖTZLI 1972		natural forest	single stem cutting	T19C3	9260	Ellenberg et Klötzli 1972 p.684  with Keller et al. 1998  	42
2104	Carpino betuli-Ostryetum carpinifoliae ELLENBERG et KLÖTZLI 1972		natural forest	single stem cutting	T19B142	91L0	Ellenberg et Klötzli 1972 p.692  with Keller et al. 1998  	20
2105	Arabidi turritae-Quercetum pubescentis ELLENBERG et KLÖTZLI 1972		natural forest	single stem cutting	T1E14	91AA	Ellenberg et Klötzli 1972 p.696  with Keller et al. 1998  	37
2106	Sileno nutantis-Quercetum petraeae ELLENBERG et KLÖTZLI 1972		natural forest	single stem cutting	T1E14	91G0	Ellenberg et Klötzli 1972 p.700  with Keller et al. 1998  (also Braun-Blanquet 1959 Tab. 2; Schmider et Burnand 1988 p. 120)	19
2107	Phyteumo betonicifoliae-Quercetum castanetosum ELLENBERG et KLÖTZLI 1972		natural forest	single stem cutting	T19C3	9260	Ellenberg et Klötzli 1972 p.704  with Keller et al. 1998	80
2108	Melico (nutantis)-Piceetum ELLENBERG et KLÖTZLI 1972		natural forest	single stem cutting	T3111	9410	Ellenberg et Klötzli 1972 p.728  with Keller et al. 1998	49
2109	Ligustro-Pinetum (sylvestris) FREY 1995		natural forest	single stem cutting	T356	9410	Ellenberg et Klötzli 1972 p.752  with Keller et al. 1998 (also: Gaukler 1940 in Riemenschneider 1956 p. 98, 100; Zündorf 1980 Tab. 2+3 p. 12; Schmider et Burnand 1988 p. 156; Schubert 2001 p. 150)	131
2110	Lysimachio-Quercetum roboris SCAMONI et PASSARGE 1959	included in Betulo pendulae-Quercetum roboris typicum Tx. 1930 nom. invers. propos.	natural forest	single stem cutting	T152	9190	Passarge et Hofmann (1968) Table 32a+b (also Berg et al 2001 Table 29.2.2.2 and Text p. 434; Hofmann et Pommer 2013 p. 241)	658
2111	Melico-Fagetum sylvatici typicum (KNAPP 1942) PASSARGE et HOFMANN 1968	included in Galio odorati-Fagetum Sougnez et Thill 1959 nom. conserv. propos.	natural forest	single stem cutting	T171	9130	Passarge et Hofmann (1968) Table 14b (also Matuszkiewisz(1958) Table 1/1-16,31-35; Langguth, Kopp et Passarge (1965) Table 3/3; Blosat et Schmidt 1975 Tab. 1/1-7 + p. 243; Oberdorfer 1992 Vol IV, Table 334/2A and Text Vol. IV p. 219; Hartmann et Jahn (196	802
2112	Melico-Fagetum sylvatici dryopteridetosum  (KNAPP 1942) PASSARGE et HOFMANN 1968	included in Galio odorati-Fagetum Sougnez et Thill 1959 nom. conserv. propos.	natural forest	single stem cutting	T171	9130	Passarge et Hofmann (1968) Table 14e (also Hartmann et Jahn (1967) Table Iva/41-44, Table 17/47-52, p. 426; Blosat et Schmidt 1975 Tab. 1/8-16 + p. 244; Hofmann et Pommer 2013 p. 345)	213
2113	Pulmonario rubrae-Abieti-Fagetum SOÓ 1964	 Pulmonario rubrae-Fagetum (Soó 1964) Täuber 1987	natural forest	single stem cutting	T17139	91V0	Fink 1977 tab. 47 p. 330 (also Donita et al. 2005 p. 177;  Vintan et Burescu 2013 tab. 1 p. 43; Oana et al. 2012 p. 43, 45,47)	18
2114	Fago-(Fraxino)Ornetum Zolyomi 1954		natural forest	single stem cutting	T17731		Isepy 1969 p. 137 (also; Donita et al. 2005 p. 191)	17
2115	Fraxino orni-Quercetum dalechampii DONITA 1970		natural forest	single stem cutting	T1963	91M0	Donita et al. 2005 p. 177 (also Vintan et Burescu 2013 tab. 1 p. 43)	9
2116	Nectaroscordo-Tilietum tomentosae DONITA 1970		natural forest	single stem cutting	T19683	91Z0	Donita et al. 2005 p. 177 (also Pupescu et al, 2008 tab. 89 p. 209)	10
2117	Tilio argenteae-Quercetum petraeae-cerris SOÓ 1957		natural forest	single stem cutting	T196812	91M0	Knapp 1944c tab. 2 p. 7 (also: Donita et al. 2005 p. 214 (also Jiboc et Ardelean 2013 Tab. 1)	17
2118	Quercertum cerris-confertae carpinetosum orientalis KNAPP 1944		natural forest	single stem cutting	T196811	9280	Knapp 1944c tab. 1 p. 3 (also: Donita et al. 2005 p. 223; Markowic et al. 2015 tab.1 p. 47)	19
2119	Quercetum pedunculiflorae-cerris MORARIU 1944		natural forest	single stem cutting	T196833	91I0	Donita et al. 2005 p. 228 (also: Jovanovic 1978 tab. 3/1-8)	10
2120	Maianthemo-Fagetum sylvatici typicum PASSARGE 1959	included in Luzulo-Fagetum typicum Meusel 1937; Deschampsio flexuosae-Fagetum sylvatici Pass. 1956	natural forest	single stem cutting	T171	9110	Passarge et Hofmann (1968) Table 17b (also Schmidt (2002) 2.4, Table 2/1/1; Runge (1994) p. 273; Willner (2002) Table 6/40)	498
2121	Maianthemo-Fagetum sylvatici dryopteridetosum PASSARGE 1959	included in Luzulo-Fagetum dryopteridetosum Meusel 1937;	natural forest	single stem cutting	T171	9110	Passarge et Hofmann (1968) Table 18a (also Runge (1994) p. 273)	225
2122	Maianthemo-Fagetum sylvatici calamagrostietosum PASSARGE 1959	included in Luzulo-Fagetum calamagrostietosum Meusel 1937;	natural forest	single stem cutting	T171	9110	Passarge et Hofmann (1968) Table 18b (also: Lohmeyer 1950a Tab. 2/1)	45
2124	Maianthemo-Fagetum sylvatici poetosum nemoralis PASSARGE 1959	included in Luzulo-Fagetum poetosum nemorali Meusel 1937;	natural forest	single stem cutting	T171	9110	Passarge et Hofmann (1968) Table 18c (also: Schubert 2001 p. 62	23
2125	Querco pedunculiflorae-Tilietum tomentosae DONITA 1970		natural forest	single stem cutting	T196833	91I0	Donita et al. 2005 p. 230 (also Pupescu et al, 2008 tab. 90 p. 211)	12
2126	Seslerio rigidae-Pinetum sylvestris CSÜRÖS et al. 1988		natural forest	single stem cutting	T3618	91Q0	Donita et al. 2005 p. 251 (alsoConstantin et Nicolae 2007 tab. 2 p. 85)	7
2127	Genisto radiatae-Pinetum nigrae RESMERITA 1972		natural forest	single stem cutting	T3672	9530*	Donita et al. 2005 p. 230	3
2128	Quercetum robori-pedunculiflorae SIMON 1960	Fraxino pallisae-Quercetum pedunculiflorae Oprea 1997; Fraxino angustifoliae-Quercetum pedunculiflorae Chifu et al. 2004	natural forest	single stem cutting	T12133	91I0	Coldea et Ursu 2016 Tab. S1/6a +p. 17 (also:  Donita et al. 2005 p. 163)	20
2129	Telekio speciosae-Alnetum incanae COLDEA (1986) 1991		natural forest	single stem cutting	T11214	91E0*	Coldea et Ursu 2016 Tab. S1/2a +p. 13 (also:  Donita et al. 2005 p. 156; Oprea 2006/2007 tab. 8/2-3; Oana et al. 2012 p. 123)	156
2130	Carici piluliferae-Fagetum sylvatici typicum PASSARGE 1956	included in Luzulo-Fagetum Meusel 1937; Piluliferae-Fagetum typicum PASS. 1956	natural forest	single stem cutting	T181	9110	Passarge et Hofmann (1968) Table 27b	26
2131	Carici piluliferae-Fagetum sylvatici agrostietosum  PASSARGE 1956	included in Luzulo-Fagetum Meusel 1937; Piluliferae-Fagetum agrostietosum PASS. 1956	natural forest	single stem cutting	T181	9110	Passarge et Hofmann (1968) Table 27f	7
2132	Carici piluliferae-Fagetum sylvatici mnietosum PASSARGE 1956	included in Luzulo-Fagetum Meusel 1937; Piluliferae-Fagetum mnietosum PASS. 1956	natural forest	single stem cutting	T181	9110	Passarge et Hofmann (1968) Table 27g  (also: Hofmann et Pommer 2013 p. 311)	35
2133	Vaccinio myrtilli-Fagetum sylvatici typicum PASSARGE 1965	included in Luzulo-Fagetum Meusel 1937; Myrtillo-Fagetum typicum PASS. 1956	natural forest	single stem cutting	T181	9110	Passarge et Hofmann (1968) Table 27h (also Langguth, Kopp et Passarge (1965) Table 2/5; Berg et al 2001 Table 33.1.1.2 and Text p. 473; Hofmann et Pommer 2013 p. 298)	510
2134	Vaccinio myrtilli-Fagetum sylvatici mnietosum  PASSARGE 1965	included in Luzulo-Fagetum Meusel 1937; Myrtillo-Fagetum mnietosum PASS. 1956	natural forest	single stem cutting	T181	9110	Passarge et Hofmann (1968) Table 27i	23
2135	Juglando-Fagetum moesiacae (MISIC 1966) B. JOVANOVIC 1979		natural forest	single stem cutting	T17B		Košanin et al. 2025 Tab.5/1-2	4
2136	Parietario-Juglandetum B. JOVANOVIC et VALCIC 1970		natural forest	unusable	T1491		Košanin et al. 2025 Tab.5/4-5	3
2137	Celtido-Juglandetum B. JOVANOVIC (1957) 1970		natural forest	unusable	T1491		Košanin et al. 2025 Tab.5/6	2
2138	Hieracio rotundati-Piceetum abietis PAWLOWSKI et BRAUN-BLANQUET 1939	Luzulo sylvaticae-Piceetum Wraber 1953	natural forest	unusable	T312	9410	Coldea et Pinzaru 1987 tab. 1/1-2 (also: Borhidi 1969 tab. 2 p. 296-298; Donita et al. 2005 p.243; Oana et al. 2012 p. 56, 58, 60)	30
2140	Dicrano-Fagetum sylvatici PASSARGE et HOFMANN 1965	included in Luzulo-Fagetum Meusel 1937; Dicrano-Fagetum leucobryetosum PASS. et HOFM. 1965	natural forest	single stem cutting	T181	9110	Passarge et Hofmann (1968) Table 28  (also: Hofmann et Pommer 2013 p. 313)	61
2150	Cladonio-Pinetum sylvestris typicum PASSARGE 1956	Cladonio-Pinetum typicum Juraszek 1927	natural forest	single stem cutting	T352112	91T0	Passarge et Hofmann (1968) Table 36a (also Matuczkiewicz (1962) Table 1/1; Krieger (1937) Table 7-10; Hohenester 1960 Tab. 5b p. 42; Schubert 1972c Tab.2/5 + p. 203;  Berg et al 2001 Table 32.1.1.4 and Text p. 466; Runge (1994) S. 247; Heinken et Zippel 1	516
2151	Cladonio-Pinetum sylvestris pleurozietosum PASSARGE 1956	Cladonio-Pinetum pleurozietosum Juraszek 1927	natural forest	single stem cutting	T352112	91T0	Passarge et Hofmann (1968) Table 36c (also Klemm 1969 Tab. 11/1 p. 44; Chytry et al. 2013 tab. 8/3 p. 372+391; Hofmann et Pommer 2013 p. 400)	84
2152	Festuco ovinae-Pinetum sylvestris JURASZEK 1928		natural forest	single stem cutting	T352111	91T0	Passarge et Hofmann (1968) Table 37c (auch: Klemm 1969 Tab. 11/6 + p. 47; Hofmann et Pommer 2013 p. 405	44
2153	Stipo-Pinetum silvestris (KNAPP 1944) HOFMANN 1962	included in Peucedano-Pinetum Matuszkiewicz 1962	natural forest	single stem cutting	T35232	91U0	Passarge et Hofmann (1968) Table 37f (also: Chytry et al. 2013 tab. 8/2 p. 372+385; Hofmann et Pommer 2013 p. 410)	11
2154	Diantho arenariae-Pinetum sylvestris KRAUSCH 1962	Peucedano-Pinetum sylvestris Matuszkiewicz 1962; Koelerio glaucae-Pinetum sylvestris   (Steffen 1931) Krausch 1962 em. Schubert 1995	natural forest	single stem cutting	T35232	91U0	Krausch (1962) Table 1 (also Passarge et Hofmann (1968) Table 37d; Hofmann et Pommer 2013 p. 408)	20
2155	Querco roboris-Pinetum sylvestris MATUSZKIEWICZ 1956		natural forest	single stem cutting	T35232	91T0	Matuszkiewicz et Matuszkiewicz (1956) Table 4 (also Eggler 1959 Tab. 11; Ellenberg (1996) p. 296 Table 47/6; Matuszkiewicz J.M. 1993 p.46)	103
2156	Corynephoro-Pinetum sylvestris (JURASZEK 1928) HOFMANN 1964	included p.p. in Peucedano-Pinetum Matuszkiewicz 1962	natural forest	single stem cutting	T35232	91U0	Passarge et Hofmann (1968) Table 37a,b (also: Klemm 1969 Tab. 11/7-8 + p. 47; Heinken et Zippel 1999 Tab. 3/1-2; Hofmann et Pommer 2013 p. 404)	148
2160	Vaccinio myrtilli-Pinetum sylvaticae PASSARGE 1956	included in Leucobryo-Pinetum Matuszkiewicz 1962	natural forest	single stem cutting	T35221	91T0	Passarge et Hofmann (1968) Table 36e (also Lutz 1950 Tab. 1/25-33; Eggler 1951 Tab. 4; Matuszkiewicz 1962 Table 1/2; Langguth et Soó 1964b p. 287; Klemm 1969 Tab. 10 p. 42; Kopp et Passarge 1965 Table 2/1; Willner et Grabherr 2007 Table 31/4; Chytry et al	896
2170	Pleurozio schreberi-Pinetum sylvestris KLEIST 1929		natural forest	single stem cutting	T3J5	91D0*	Passarge et Hofmann (1968) Table 35h	5
2180	Eriophoro-Pinetum sylvestris (HUECK 1925) PASSARGE et HOFMANN 1968	included in Vaccinio-Pinetum sylvestris De Kleist 1929; Ledo palustris-Pinetum sylvestris Tx. 1955	natural forest	unusable	T3J5	91D0*	Passarge et Hofmann (1968) Table 35d (also (also: Chytry et al. 2011 tab. 16/1 p. 724+718; Hofmann et Pommer 2013 p. 84)	65
2190	Eriophoro-Betuletum pubescentis (HUECK 1925) PASSARGE et HOFMANN 1968	included in Vaccinio uliginosi-Betuletum pubescentis Libbert 1933 s.str.; Eriophoro-Betuletum pubescentis sphagnetosum recurvi HUECK 1925 em. PASSARGE 1968	natural forest	unusable	T161	91D0*	Passarge et Hofmann (1968) Table 33c (also Dierßen 1973b Tab. 25 + p. 61; Schmidt (2002) 12.1, Table 2/9/1; Hofmann et Pommer 2013 p. 67)	89
2191	Carici-Betuletum pubescentis STEFFEN 1931	included in Vaccinio uliginosi-Betuletum pubescentis Libbert 1933 s.str.	natural forest	single stem cutting	T161	91D0*	Knapp 1944g Tab. 2 (also Passarge et Hofmann (1968) Table 33g-h; Niemeyer et al. 2010 p. 24; Hofmann et Pommer 2013 p. 76)	95
2192	Thelypterido palustris-Alnetum glutinosae KLIKA 1940		natural forest	single stem cutting	T162	91E0	Chytry et al. 2013 tab. 5/1 p. 183+169 (also: Soó 1964b p. 232; Klemm 1969 Tab. 1/3 p. 27; Westhoff 1969 p. 251 and Schaminée et al. 2010 p. 369; Hofmann et Pommer 2013 p. 153; Oprea et Sirbu 2009 tab.1 p.74)	101
2193	Carici acutiformis-Alnetum glutinosae SCAMONI 1935		natural forest	single stem cutting	T162	91E0	Chytry et al. 2013 tab. 5/3 p. 183+174 (also: Soó 1964b p. 246; Hofmann et Pommer 2013 p. 119; Donita et al. 2005 p. 257)	163
2201	Pleurozio schreberi-Betuletum pubescentis HUECK 1925 em. PASSARGE 1968	included in Vaccinio uliginosi-Betuletum pubescentis Libbert 1933 s.str.	natural forest	single stem cutting	T161	91D0*	Passarge et Hofmann (1968) Table 34e (also Schmidt (2002) 12.1, Table 2/9/1; Ellenberg et Klötzli 1972 p.710)	48
2202	Sphagno-Betuletum pubescentis DOING 1962	included in Vaccinio uliginosi-Betuletum pubescentis Libbert 1933 s.str.; Sphagno-Betuletum pubescentis maianthemetosum DOING 1962	natural forest	single stem cutting	T161	91E0*	Passarge et Hofmann (1968) Table 34 a-d (also Sauer 1955 Tab. 7/1-4; Schmidt (2002) 12.1, Table 2/9/1; Berg et al 2001 Table 28.1.2.2 and Text p. 420; Pujol et al. 2023 p. 268; Hofmann et Pommer 2013 p. 71)	140
2203	Salicetum pentandro-cinereae PASSARGE 1961		natural forest	single stem cutting	T161	91D0*	Oberdorfer (1992) Vol IV, Table 249/2b and Text Vol. p. 27 (also Berg et al 2001 Table 29.1.1.4 und Text S. 428; Chytry et al. 2013 tab. 575 p. 183+180; Schubert 2001 p. 112)	159
2210	Molinio-Quercetum roboris (TÜXEN 1937) SCAMONI et PASSARGE 1959	Querceto-roboris-Betuletum molinietosum TX. 1937; Betulo-Quercetum roboris molinietosum (TX. 1937) SCAMONI et PASSARGE 1959	natural forest	single stem cutting	T1B1	9190	Passarge et Hofmann (1968) Table 32d-e (also Sauer 1955 Tab. 12/1-5; Eggler 1958 Tab. 8, 1959 Tab. 12; Klemm 1969 Tab. 3/1-6; Dierßen 1973b Tab. 28 + p. 62; Tüxen 1974 Tab. 10 p. 62; Schmidt (2002) 5.2.1, Table 2/4/2.4; Tüxen (1937) p. 128 unten; Lohmeyer	307
2211	Violo-Quercetum roboris deschampsietosum PASSARGE 1953	included p.p. in Betulo pendulae-Quercetum roboris deschampsietosum Tx. 1930 nom. invers. propos.	natural forest	single stem cutting	T1B2	9190	Passarge et Hofmann (1968) Table 31a-c (also: Pallas 2000 Tab. 3/1-2 p. 122)	62
2212	Violo-Quercetum roboris festucetorum ovinae PASSARGE 1953	included p.p. in Betulo pendulae-Quercetum roboris festucetorum ovinae Tx. 1930 nom. invers. propos.	natural forest	single stem cutting	T1B2	9190	Passarge et Hofmann (1968) Table 31e,f (also  Niemeyer et al. 2010 p. 91)	469
2213	Blechno spicanti-Quercetum (petraeae) typicum BRAUN-BLANQUET et TÜXEN 1951		natural forest	single stem cutting	T1B1	9190	Braun-Blanquet et Tüxen 1951 Tab. 54 + p. 377	11
2214	Blechno spicanti-Quercetum (petraeae) isothecietosum myosuroides BRAUN-BLANQUET et TÜXEN 1951		natural forest	single stem cutting	T1B1	9190	Braun-Blanquet et Tüxen 1951 Tab. 54 + p. 377	12
2215	Osmundo-Salicetum atrocinereae BRAUN-BLANQUET et TÜXEN 1951		natural forest	single stem cutting	T15111	91E0	Braun-Blanquet et Tüxen 1951 Tab. 56 + p. 389	5
2216	Corylo-Fraxinetum (excelsiae) BRAUN-BLANQUET et TÜXEN 1951		natural forest	single stem cutting	T1E11	91E0	Braun-Blanquet et Tüxen 1951 Tab. 58 + p. 399	16
2217	Polysticho setiferi-Fraxinetum excelsioris (TÜXEN et OBERDORFER 1958) RIVAS-MARTINEZ ex NAVARRO 1981		natural forest	single stem cutting	T1E1		Tüxen et Oberdorfer 1958 Tab. 87/A,B,C p. 284 (also: Navarro 1981 p. 83; Loidi et al. 2022 p. 188)	7
2218	Carpino betuli-Fraxinetum excelsioris POLDINI 1982		natural forest	single stem cutting	T1E1		Poldini 1982 Tab. 9 + p. 84	36
2219	Hemerocallido lilioasphodelo-Ostryetum carpinifoliae POLDINI 1982 		natural forest	single stem cutting	T193751		Poldini 1982 Tab. 10 + p. 87	9
2220	Melampyro vulgati-Quercetum petraeae submediterraneumPUNCER et ZUPANCIC 1979		natural forest	single stem cutting	T1E18		Puncer et Zupancic 1979 Tab. 1 p. 11	19
2221	Seslerio variae-Ostryetum LAUSI, GEROL et PICCOLI 1982		natural forest	single stem cutting	T193751	9340	Lausi et al. 1982 Tab. 3 p. 55	7
2222	Polysticho aculeati-Fagetum sylvaticae FEOLI et LAGONEGRO 1982	Cardamino kitaibelii-Fagetum sylvaticae (Bal-lelli et Biondi 1982) Ubaldi, Zanotti, Puppi,Speranza et Corbetta 1987 ex Ubaldi 1993; Cardamino kitaibelii-Fagetum sylvaticae UBALDI et al. ex UBALDI 1995	natural forest	single stem cutting	T1751		Biondi et al. 2000 Tab. 1 + p. 73 (also: Catorzi et al. 2010 Tab. 8/1-25 + p. 31	34
2223	Lathyro veneti-Fagetum sylvaticae BIONDI, CASAVECCHIA, PINZI, ALLEGREZZA et BALDONI 2002 		natural forest	single stem cutting	T1751		Biondi et al. 2000 Tab. 2/1-6 + p. 73 (also: Catorzi et al. 2010 Tab. 5/19-32 + p. 29	19
2224	Dactylorhizo fuchsii-Fagetum sylvaticae (BIONDI et al. 1989) IZCO et BIONDI 1992		natural forest	single stem cutting	T1751		Biondi et al. 1989 Tab. 9/1-9 in Biondi et al. 2008 (also Casavecchia et al. 2014 Tab. 2 pp.)	20
2225	Junipero oxycedri-Quercetum rotundifoliae (RIVAS GODAY 1959) RIVAS-MARTINEZ 1964		natural forest	single stem cutting	S212112		Rivas-Martinez 1964 p. 395	7
2226	Ulmeto-Lithospermetum purpureo-coerulei BOLÒS 1956	Lithospermo purpureocaerulei-Ulmetum minoris Bolòs. 1956	natural forest	single stem cutting	T1E51		Bolòs 1956 Tab. XXIX p. 240 (also Ninot et al. 2007 Tab. 4/6)	9
2230	Molinio-Fagetum sylvatici SCAMONI 1959	included in Luzulo-Fagetum Meusel 1937;	natural forest	single stem cutting	T181	9110	Passarge et Hofmann (1968) Table 26b (also Klemm 1969 Tab. 5 p. 37; Berg et al. 2004 Table 33.1.1.1 and Text p. 472; Hofmann et Pommer 2013 p. 300)	97
2241	Carpino betuli-Ulmetum carpinifoliae typicum PASSARGE 1953	included in Querco-Ulmetum typicum Issler 1924	natural forest	single stem cutting	T1E51	9166	Passarge et Hofmann (1968) Table 9c (also Schmidt (2002) 13.4, Table 2/10/4; Schubert 1972a Tab. 5/2 p. 27, 2001 p. 67)	109
2242	Carpino betuli-Ulmetum scabrae typicum HOFMANN 1960	included in Querco-Ulmetum typicum Issler 1924	natural forest	single stem cutting	T1E52	9167	Passarge et Hofmann (1968) Table 9f (also: Schubert 1972a Tab. 5/1 p. 27; Hofmann et Pommer 2013 p. 382	51
2243	Carpino betuli-Ulmetum carpinifoliae corydaliedetosum PASSARGE 1953	included in Querco-Ulmetum corydaliedetosum Issler 1924	natural forest	single stem cutting	T1E51	9168	Passarge et Hofmann (1968) Table 9b (also Schmidt (2002) 13.4, Table 2/10/4; Hofmann et Pommer 2013 p. 257)	26
2244	Carpino betuli-Ulmetum scabrae corydaliedetosum HOFMANN 1960	included in Querco-Ulmetum corydaliedetosum Issler 1924	natural forest	single stem cutting	T1E52	9169	Passarge et Hofmann (1968) Table 9f (also Schmidt (2002) 13.4, Table 2/10/4)	24
2245	Melampyro-Carpinetum betuli PASSARGE 1957	Polygonato-Carpinetum PASSARGE 1957	natural forest	single stem cutting	T1E16	9170	Passarge et Hofmann (1968) Table 23e-g (also Oberdorfer (1992) Vol IV, Table 313/9 and Text Vol. S. 168; Hofmann et Pommer 2013 p. 217)	50
2246	Polytricho-Carpinetum betuli SCAMONI 1959	included in Galio-Carpinetum Oberd. 1957	natural forest	single stem cutting	T1E16	9170	Scamoni 1960 p.175 (also Knapp 1944b Vol. 5 Tab. 1, 3, 7/1-11; Knapp 1944e Tab. 6; Klemm 1969 Tab. 2 p. 29; Hofmann et Pommer (2005), p.108)	69
2250	Sambuco (nigrae)-Quercetum roboris HOFMANN 1965		natural forest	single stem cutting	T1E16	9190	Passarge et Hofmann (1968) Table 8b (also: Hofmann et Pommer 2013 p. 203	53
2260	Lathraeo-Carpinetum betuli typicum SCAMONI et PASSARGE 1959	included in Stellario-Carpinetum Oberd. 1957; Mercuriali-Carpinetum betuli typicum SCAM. et PASS. 1959	natural forest	single stem cutting	T1E16	9130	Passarge et Hofmann (1968) Table 20a+b (also Schubert 1972b Tab. 3/1 + p. 119)	35
2261	Bromo-Carpinetum betuli  typicum HOFMANN 1968		natural forest	single stem cutting	T1E16	9170	Passarge et Hofmann (1968) Table 21g.h	14
2270	Mercuriali-Carpinetum betuli primuletosum HOFMANN 1965		natural forest	single stem cutting	T1E16	9170	Passarge et Hofmann (1968) Table 21b (also Wolter et Dierschke 1975 Tab. 2/9-10 + p. 210; Schmidt (2002) 1.3, Table 2/1/5)	66
2271	Bromo-Carpinetum betuli primulietosum HOFMANN 1968		natural forest	single stem cutting	T1E16	9170	Passarge et Hofmann (1968) Table 21h	10
2273	Lonicero-Fagetum silvaticae elymitosum (KUHN 1937) PASSARGE U. HOFMANN 1968	Hordelymo-Fagetum sylvatici typicum TX. 1937 ; Fagetum boreoatlanticum elymetosum TX. 1937;	natural forest	single stem cutting	T17	9130	Passarge et Hofmann (1968) Table 12e (also Tüxen 1937 p. 140; Oberdorfer (1992) Vol IV, Table 323/3 and Text Vol. S. 219, Hartmann et Jahn (1967) Table VIIa/16-17, Table 18a/32-35, S. 461)	1040
2274	Lonicero-Fagetum silvaticae deschampsietetum (KUHN 1937) PASSARGE U. HOFMANN 1968	Hordelymo-Fagetum sylvatici dryopteridetosum TX. 1937; Fagetum boreoatlanticum dryopteridetosum TX. 1937	natural forest	single stem cutting	T17	9130	Passarge et Hofmann (1968) Table 12f (also Tüxen 1937 p. 142	17
2280	Bromo-Carpinetum betuli dryopteridetosum HOFMANN 1968		natural forest	single stem cutting	T1E16	9170	Passarge et Hofmann (1968) Table 21f	14
2289	Stellario holosteae-Carpinetum betuli caricetosum brizoidis OBERDORFER 1957		natural forest	single stem cutting	T1E16	9160	Oberdorfer (1992) Vol IV, Table 311/3a,b and Text p. 161 (also: Renaux et al. 2010 Tab. III) 	94
2290	Stellario holosteae-Carpinetum betuli HARTMANN 1959	Stellario-Carpinetum typicum Oberd. 1957;	natural forest	single stem cutting	T1E16	9160	Hartmann et Jahn (1967) Table IXa/23-24, Table 20/23-57, p. 501 (also Knapp 1944d Tab. 3+4, 1944e Tab. 7, 1944m Tab. 9+10; Sauer 1955 Tab. 11; Passarge et Hofmann (1968) Table 22a; Wolter et Dierschke 1975 Tab. 2/8; Blosat et Schmidt 1975 Tab. 2/44-49; Gl	4044
2291	Stellario bulbosae-Fraxinetum excelsi OBERDORFER 1953		natural forest	single stem cutting	T1E13	91E0*	Willner et Grabherr (2007) Vol 1 p. 117 et Table 16/6 (also Kutschera 1951 tab. p. 100; Mucina et al. (1993) Teil III, S.97	63
2292	Querco (roboris)-Carpinetum medioeuropaeum typicum TÜXEN 1937	included p.p. in Galio-Carpinetum Oberd. 1957; Querco (roboris)-Carpinetum (betuli) typicum TX. 1937	natural forest	single stem cutting	T1E16	9160	Tüxen (1937) p. 153 (also Schwarz 1941 Tab. III/58-75 + p. 36; Knapp 1944b Vol. 5 Tab. 4)	46
2293	Querco (roboris)-Carpinetum primoletosum veris TÜXEN et DIEMONT 1937	included in Galio-Carpinetum Oberd. 1957; Querco (roboris)-Carpinetum (betuli) primoletosum veris TX. 1937	natural forest	single stem cutting	T1E16	9160	Tüxen (1937) p. 155 (also Diemont 1938 Tab. 5; Eggler 1951 Tab. 3; Schwarz 1941 Tab. IV/75-100 + p. 37; Knapp 1944b Vol. 5 Tab. 2; Lohmeyer 1953 Tab. 4 + p. 66; Blosat et Schmidt 1975 Tab. 2/2 + p. 247)	134
2294	Physospermo-Quercetum petraeae OBERDORFER et A. HOFMANN 1965		natural forest	single stem cutting	T1B5		Oberdorfer et A. Hofmann 1967 Tab. 1-2 + p. 103	29
2295	Luzulo pedemontanae-Fagetum sylvestrisOBERDORFER et A. HOFMANN 1967		natural forest	single stem cutting	T1831		Oberdorfer et A. Hofmann 1967 Tab. 9 + p. 129	8
2296	Viburno tini-Quercetum ilicis (BRAUN-BLANQUET 1936) RIVAS-MARTINEZ 1975	Quercetum ilicis galloprovincialis Br.-Bl. 1936; Cyclamino repandi-Quercetum ilicis Riv.-Mart. et al. 1995	natural forest	single stem cutting	T21218		Stanisci et al. 2004 Tab. 2/4 (also Braun-Blanquet 1967 p. 103; Biondi et al. 2003 Tab. 1	38
2297	Querco roboris-Carpinetum betuli submediterraneum  BERTOVIC ex HORVAT et al. 1974	Querco-Carpinetum Horvat, Glavac et Ellenberg 1974; Querco-Carpinetum banaticum  Pascal  ex Borza  1962; Querco-Carpinetum hungaricum Soó ex Balacs 1943; Querco-Ulmetum bulgaricum Soó 1957;   Querco roboris-Carpinetum betuli submediterraneum  Bertovic ex 	natural forest	single stem cutting	T1E1A3		Borza 1962 in Horvat, Glavac, Ellenberg (1974) Table 59 p. 295 (also: Soó 1964b p. 255; Brullo et Spampinato 1999 Tab. 1/3  + p. 137	109
2298	Carici remotae-Fraxinetum oxycarpae Pedrotti 1970 corr. 1992		natural forest	single stem cutting	T1444		Allegrezza et al. 2010 Tab. 2/5-10 p. 67 (also: Mercadal et Vilar 2013 Tab. 2-4)	70
2299	Carici umbrosae-Quercetum petraeae POLDINI 1982		natural forest	single stem cutting	T1E18		Poldini 1982 Tab. 8 + p. 82	16
2300	Buglossoido purpurocaeruleae-Ostryetum carpinifoliae GERDOL, LAUSI, PICOLLI et POLDINI 1982		natural forest	single stem cutting	T193751		Poldini 1982 Tab. 7 + p. 81	30
2301	Tilio-Quercetum PASSARGE 1962	Dactylido-Quercetum petraeae-roboris PASS. 1962,	natural forest	single stem cutting	T1E43	9190	Passarge et Hofmann (1968) Table 24a	9
2302	Dictamno-Quercetum (roboris) FÖRSTER 1968	included p.p. in Potentillo albae-Quercetum petraeae Libbert 1933	natural forest	single stem cutting	T1912	9190	Förster 2005 Tab. 2/1-35 (also: Oberdorfer (1992) Vol IV, Table 301/4A and Text Vol. p. 134)	116
2303	Potentillo albae-Quercetum petraeae-roboris LIBBERT 1933	Potentillo albae-Quercetum petraeae Libbert 1933	natural forest	single stem cutting	T199111	9190	Libbert (1933) p. 297, Tab. 25/1-5 (also: Knapp 1944d Tab. 2; Knapp 1944e Tab. 3; Hartmann et Jahn (1967) Table XII/22; Passarge et Hofmann (1968) Table 24b-f; Schmidt (2002) 4.1, Table 2/4/5; Chytry (1993 Table 1/56-59); Chytrý et Horák 1997 p. 216, tab.	435
2304	Convallario majali-Quercetum roboris (SOÓ 1958) SHEVCHYK et al. 1996		natural forest	single stem cutting	T199122	91Y0	Goncharenko et al. (2022), Tab. S3/19 (also: Shevchyk et al. (1996) p. 48, tab. 9/7-15; Soó 1964b p. 281, Hegedusova et al. 2021 tab.1/6 p. 110; Donita et al. 2005 p. 221)	96
2305	Melicae nutantis-Quercetum robori SHEVCHYK et al. 1996		natural forest	single stem cutting	T1E1C4	91Y0	Goncharenko et al. (2022), Tab. S3/18 (also: Shevchyk et al. (1996) p. 48, tab. 9/19-27)	9
2306	Pteridio aquilini-Quercetum robori BAJRAK 1996		natural forest	single stem cutting	T199122	91Y0	Goncharenko et al. (2022), Tab. S3/22 (also: Bajrak (1996 p. 62, tab. 3/1-5)	5
2307	Melico pictae-Quercetum roboris (MIKYSKA 1944) KLIKA 1957	Lathyro nigri-Quercetum robori BULOKHOV et SOLOMESHCH 2003	natural forest	single stem cutting	T199122	91Y0	Goncharenko et al. (2022), Tab. S3/23-25,28 (also: Kuzmenko 2012 p.117 tab. 1/1-9; Bulokhov & Solomeshch 2003 p. 288, tab. 37/1-12+ tab. 38/1-11; Semenishchenkov 2009 p. 355 tab. 4/2-4; Panchenko 2013 p. 232 tab. 17; Chytry et al. 2013 tab. 7/9 p. 338+333	207
2308	Galio tinctori-Quercetum robori GONCHARENKO 2003		natural forest	single stem cutting	T199122	91Y0	Goncharenko et al. (2022), Tab. S3/29	10
2309	Pyro pyrastris-Quercetum roboris SEMINISHCHENKO et POLUYANOV 2014		natural forest	single stem cutting	T199122	91Y0	Goncharenko et al. (2022), Tab. S3/30	18
2310	Chamaecytiso ruthenici-Quercetum roboris SEMINISHCHENKO et POLUYANOV 2014		natural forest	single stem cutting	T199122	91Y0	Goncharenko et al. (2022), Tab. S3/31	23
2311	Peucedano-Quercetum roboris  PASSARGE 1956	Peucedano-Quercetum poetosum PASS. 1956	natural forest	single stem cutting	T1B7	9190	Passarge et Hofmann (1968) Table 25c  (also: Hofmann et Pommer 2013 p. 281)	20
2312	Anemono sylvestris-Quercetum roboris OBERDORFER 1957	Anemono-Quercetum roboris filipenduletosum OBERD. 1957	natural forest	single stem cutting	T1912	9190	Passarge et Hofmann (1968) Table 25f (also Hartmann et Jahn (1967) Table XII/36; Hofmann et Pommer 2013 p. 290)	15
2313	Lithospermo purpurocaerulae-Quercetum petraea OBERDORFER 1957	Peucedano-Quercetum agrostietosum PASS. 1956; Dictamno-Sorbetum Knapp 1944	natural forest	single stem cutting	T1912	9190	Hartmann et Jahn (1967) Table XII/18, 19 (also Tüxen 1937 p. 138; Wiedmann 1954 T. 9/2-3 + p. 143; Schubert 1972b Tab. 6/1 + p. 133)	206
2314	Cynancho-Quercetum roboris arrhenatheretosum PASSARGE 1957	included p.p in Luzulo-Quercetum petraeae arrhenatheretosum Hilitzer 1932 nom. invers. propos.	natural forest	single stem cutting	T1912	9190	Passarge et Hofmann (1968) Table 25d (also: Hofmann et Pommer 2013 p. 288	21
2315	Cynancho-Quercetum roboris  medicagietosum PASSARGE 1957	included p.p in Luzulo-Quercetum petraeae medicagietosum Hilitzer 1932 nom. invers. propos.	natural forest	single stem cutting	T1912	9190	Passarge et Hofmann (1968) Table 25e	9
2316	Lathyro pisiformis-Quercetum roboris SEMINISHCHENKO et POLUYANOV 2014		natural forest	single stem cutting	T199122	91Y0	Goncharenko et al. (2022), Tab. S3/32	35
2317	Aegonycho-Quercetum roboris BAJRAK 1996		natural forest	single stem cutting	T1912	91Y0	Goncharenko et al. (2022), Tab. S3/35	4
2318	Violo hirtae-Quercetum roboris VOROBYOV et al. 2017		natural forest	single stem cutting	T199122	91Y0	Goncharenko et al. (2022), Tab. S3/36	14
2319	Vicio pisiformis-Quercetum roboris SEMINISHCHENKO et POLUYANOV 2014		natural forest	single stem cutting	T199122	91Y0	Goncharenko et al. (2022), Tab. S3/37	10
2320	Agrostio-Quercetum roboris deschampsietosum PASSARGE 1953	included in Betulo pendulae-Quercetum roboris deschampsietosum Tx. 1930 nom. invers. propos.	natural forest	single stem cutting	T1B7	9190	Passarge et Hofmann (1968) Table 30b (also: Pallas 2000 Tab. 1/1-6 p. 117; Hofmann et Pommer 2013 p. 268)	171
2321	Caragano fruticis-Aceretum tatarici NAZARENKO et KUZMKO 2011		natural forest	single stem cutting	T199122	40A0	Goncharenko et al. (2022), Tab. S3/39	76
2322	Brachypodio pinnati-Quercetum roboris GRIGORJEV in SOLOMESHCH et al. 1989		natural forest	single stem cutting	T199122	91Y0	Goncharenko et al. (2022), Tab. S3/43-44	15
2323	Filipendulo vulgaris-Quercetum roboris MATYNENKO et al. 2008		natural forest	single stem cutting	T199122	91Y0	Goncharenko et al. (2022), Tab. S3/45	23
2330	Melampyro-Quercetum roboris deschampsietosum (TÜXEN 1930) PASSARGE 1968	included in Deschampsio flexuosae-Quercetum roboris Passarge 1966	natural forest	single stem cutting	T1B7	9190	Passarge et Hofmann (1968) Table 29b (also: Schubert 2001 p. 72; Hofmann et Pommer 2013 p. 265	79
2340	Dicrano-Quercetum (roboris) PASSARGE 1963	Deschampsio flexuosae-Quercetum roboris Passarge 1966	natural forest	single stem cutting	T1B7	9190	Passarge et Hofmann (1968) p. 170(also: Hofmann et Pommer 2013 p. 272)	12
2350	Melampyro-Quercetum roboris festucetosum TÜXEN 1930	included in Deschampsio flexuosae-Quercetum roboris festucetosum Passarge 1966	natural forest	single stem cutting	T1B7	9190	Passarge et Hofmann (1968) Table 29d (also: Hofmann et Pommer 2013 p. 266	13
2360	Agrostio-Quercetum roboris festucetosum ovinaea PASSARGE 1953	included in Betulo pendulae-Quercetum roboris festucetosum Tx. 1930 nom. invers. propos.	natural forest	single stem cutting	T1B7	9190	Passarge et Hofmann (1968) Table 30e	12
2370	Asperulo odorati-Fagetum sylvatici lathyrietosum SCAMONI 1967	Galio odorati-Fagetum lathyrietosum Sougnez et Thill 1959 nom. conserv. propos.	natural forest	single stem cutting	T171	9130	Passarge et Hofmann (1968) Table 15k (also Härtle 2004 Table 16/16)	6
2380	Mercuriali-Fagetum sylvatici convallarietosum (HARTMANN 1953) HOFMANN 1965	Dactylo-Fagetum sylvaticae Oberd. 1952	natural forest	single stem cutting	T171	9130	Passarge et Hofmann (1968) Table 12 c (also Lohmeyer 1953 Tab.2/33+14; Hartmann et Jahn (1967) Table VIIa/20; Schubert 1972b Tab. 1/5 p. 111; Niemeyer et al. 2010 p. 52; Hofmann et Pommer 2013 p. 357)	1653
2381	Roso arvensis-Quercetum pubescentis RIVAS-MARTÌNEZ, BÁSCONES, T.E. DÍAZ, FERNÁNDES-GONZÀLEZ et LOIDI 1991	Sorbo domesticae-Quercetum pubescentis JULVE 1994	natural forest	single stem cutting	T1E14	91AA	Julve 1997 no. rel. 1407,1409,611 (	3
2382	Aro italici-Ulmetum minoris RIVAS-MARTINES ex LÒPEZ 1976		natural forest	single stem cutting	T11211	92A0	Lopez 1976 Tab. 22 p. 73 (also Poldini et al. tab. 7/1 p. 35)	23
2383	Pino pinastri-Quercetum suberis GÉHU 1968 		natural forest	single stem cutting	T2114	9330, 9540	Gehu et Gehu-Franck 1984 Tab. 2 p. 229 (also: Gehu 1968 p. 11; Beudin et al. 2021 Tab. XXXVII p. 123)	35
2384	Pino pinastri-Quercetum ilicis GÉHU 1968 		natural forest	single stem cutting	T2121C	9540	Gehu et Gehu-Franck 1984 Tab. 1 p. 226f (also: Gehu 1968 p. 11)	19
2385	Asphodeli albi-Quercetum pyrenaicae BOTINEAU, BOUZILLÈ et LAHONDÈRE 1990		natural forest	single stem cutting	T1971	9230	Botineau et al. 1990 Tab. 1 p. 472	13
2386	Aceri opali-Tilietum platyphylli (FABER 1936) GILLET 1986		natural forest	single stem cutting	T1B61	91H0	Gillet 1986 Tab. 61	20
2387	Tilio platyphylli-Fagetum sylvaticae typicum GILLET 1986		natural forest	single stem cutting	T1B61	9150	Gillet 1986 Tab. 64/1-14	14
2388	Populo nigrae-Fraxinetum (angustifoliae) oxycarpae (TCHOU 1946) DE FOUCAULT et JULVE 1991		natural forest	single stem cutting	T1422	91F0	De Foucault et Julve 1991 p. 410 (Jelem 1975 Annex-Tab. rel. 30-36)	16
2389	Linario triornithophorae-Quercetum pyrenaicae RIVAS-MARTÍNEZ et al. 1984		natural forest	single stem cutting	G1.7B	9230	Rivas-Martinez et al. 1984 Tab. 9 p. 90	5
2390	Cephalanthero longifoliae-Quercetum rotundifoliae RIVAS-MARTÍNEZ et al. 1984		natural forest	single stem cutting	S5112	9340	Rivas-Martinez et al. 1984 Tab. 10 p. 98	5
2391	Ampelodesmo mauritanicae-Arbutetum unedonis LLORENS, GIL et TEBAR 2002		natural forest	single stem cutting	S51B1	9540	Rivas-Martinez et al. 2002 Tab. 3 p. 33	13
2392	Pulmonario affinis-Betuletum pendulae VIGO 2002		natural forest	single stem cutting	S38		Rivas-Martinez et al. 2002 Tab. 14 p. 57	7
2393	Bupleuro rigidi-Quercetum rotundifoliae RIVAS-MARTÍNEZ 1982		natural forest	single stem cutting	S5112	9540	Rivas-Martinez et al. 2002 Tab. 9 p. 45	5
2394	Salici capreae-Betuletum fontqueri MOLERO et  RIVAS-MARTÍNEZ 2002		natural forest	single stem cutting	T1C13		Rivas-Martinez et al. 2002 Tab. 17 p. 63	5
2395	Aceri granatensis-Fraxinetum angustifoliae MOLERO et PEREZ-RAYA 1986		natural forest	single stem cutting	T19B62	91B0	Losa Qintana et al. 1986 (also Perez-Raya et al. 2000; Aallati et al. 2005)	5
2396	Carici pendulae-Fraxinetum excelsioris BIURRUN et GARCIA-MIJANGOS 2002		natural forest	single stem cutting	T1E19	91F0	Rivas-Martinez 2002 Tab. 27 p. 77	4
2397	Daphno gnidii-Quercetum cocciferae  RIVAS-MARTÍNEZ, CANTO, FERNANDEZ-GONZALEZ etSANCHES-MATA 2002	Rhamno-Cocciferetum matritense Rivas Goday in Rivas Goday, Borja, Esteve, Galiana, Rigual & Rivas-Martínez 1960	natural forest	single stem cutting	S5113	6310	Rivas-Martinez 2002 Tab. 35 p. 94	9
2398	Euphorbio hybernae-Fraxinetum excelsioris L. HERRERO, M.E. GARCíA, T.E. DíAZ, PENAS & F. SALEGUI 2002		natural forest	single stem cutting	T1E19	91F0	Rivas-Martinez 2002 Tab. 40 p. 102	5
2399	Betulo pendulae-Quercetum petraeae molinietosum  OBERDORFER 1957	included in Betulo pendulae-Quercetum roboris molinietosum Tx. 1930 nom. invers. propos.; Querco sessiliflorae-Betuletum molinietosum TÜXEN 1937	natural forest	single stem cutting	T1B1	9190	Tüxen (1937) p. 131 (also Schwarz 1941 Tab. V/1-4 + p. 47; Blosat et Schmidt 1975 Tab. 2/1-6 + p. 248; Oberdorfer (1992) Vol IV, Table 291/2c and Text Vol. S. 111)	18
2400	Betulo pendulae-Quercetum roboris typicum TÜXEN 1930	Betulo pendulae-Quercetum roboris typicum Tx. 1930 nom. invers. propos.;  Holco mollis-Quercetum Lemée 1937 nom. invers. et em. Oberd. 1987	natural forest	single stem cutting	T1B1	9190	Tüxen (1937) p. 128 oben	22
2401	Betulo pendulae-Quercetum petraeae typicum (GAUME 1924) TÜXEN 1937	included in Betulo pendulae-Quercetum roboris typicum Tx. 1930 nom. invers. propos.; Querco sessiliflorae-Betuletum TÜXEN 1937	natural forest	single stem cutting	T1B1	9190	Tüxen (1937) p. 129 (also Schwarz 1941 Tab. V/5-10 + p. 48; Knapp 1944d Tab. 1; Oberdorfer (1992) Vol IV, Table 291/2b1 and Text Vol. S. 111;  Niemeyer et al. 2010 p. 87; Matuszkiewicz J.M. 1993 p.46; Schubert 2001 P. 71)	1887
2402	Aposerido-(Abieti-)Fagetum sylvatici OBERDORFER 1957	Aposerido-Fagetum Oberd. 1950 ex Oberd. 1957; Festuco altissimae-Fagetum Frey 1995; Aposerido-Fagetum Passarge 1963; Adenostylo alliariae-Abieti-Fagetum Frey 1995; Abieti-Fagetum luzuletosum Ellenberg et Klötzli 1972	natural forest	single stem cutting	T1713	9130	Besler et Bornkamm 1982 Tab. 1/1-12  (also Willner (2002) Table 6/27; Mucina et al. (1993) Teil III p.156; Ellenberg et Klötzli 1972 p. 658; Oberdorfer (1992) Vol IV, Table 335/1Aa and Text Vol. p. 228; Schmider et Burnand 1988 p. 88)	316
2403	Seslerio variae-Fagetum sylvatici KNAPP 1948		natural forest	single stem cutting	T1713	9150	Ellenberg et Klötzli 1972 p. 652 with Keller et al. 1998 p. 154 (also Eggler 1953 Veg.tab. B; Rühl 1960 Tab. 3; Soó 1964b p. 252; Schubert 1972b Tab. 2/4 + p. 116, 2001 p. 58; Willner (2002) Table 6/4; Oberdorfer (1992) Vol IV, Table 342/1B and Text Vol. 	315
2404	Cytiso nigricantis-Quercetum roboris OBERDORFER 1957	included in Luzulo-Quercetum petraeae Hilitzer 1932 nom. invers. propos.	natural forest	single stem cutting	T199113	9190	Oberdorfer (1992) Vol IV, Table 300/3Bc and Text Vol. p. 132 (also: Hohenester 1960  Tab. 6/3 p. 65; Schubert 1972b Tab. 6/3 + p. 135; Matuszkiewicz J.M. 1993 p.46)	98
2405	Sorbo ariae-Aceretum pseudoplatani MOOR 1952	included p.p. in Aceri-Tilietum platyphylli Faber 1936 nom. conserv. propos.	natural forest	single stem cutting	T1F3	9180*	Ellenberg et Klötzli 1972 p. 666 with Keller et al. 1998 p. 172 (also: Oberdorfer (1992) Vol IV, Table 320/7C and Text Vol. p. 184)	24
2406	Ulmo glabrae-Aceretum pseudoplatani typicum TRAUTMANN 1952	included in Fraxino-Aceretum W. Koch ex Tx. 1937;	natural forest	single stem cutting	T1F3	9180*	Hartmann et Jahn (1967) Table III/10+11 (also Oberdorfer (1992) Vol IV, Table 321/9A and Text Vol. p. 189)	52
2407	Alnetum incanae LÜDI 1921		natural forest	single stem cutting	T1121	91E0*	Tüxen (1937) S. 151 (also Eggler 1933 Tab. 8; Knapp 1944b Vol. 6 Tab. 5-7; Höpflinger 1957 Tab. 15; Aichinger 1960 Tab. 11 p. 202; Fink 1977 tab. 41 p. 268; Oberdorfer (1992) Vol IV, Table 302/1 and Text Vol. p. 140; Matuszkiewicz et Borowik (1957) Table 	1121
2408	Erico carnae-Pinetum prostratae ZÖTTL 1951	included in Rhododendro hirsuti-Pinetum mugo Br.-Bl. et al. 1939 nom. invers. propos.	natural forest	single stem cutting	S26	4070*	Zöttl 1951 p. 36-39 Tab. VIII (also Ellenberg et Klötzli 1972 p.754 with Keller et al. 1998; Mucina et al. (1993) Teil III, S. 264; Schmider et Burnand 1988 p. 158; Willner et Grabherr (2007) Vol 1 p. 211 et Table 44/1-2)	132
2409	Vaccinio uliginosi-Betuletum pubescentis LIBBERT 1933		natural forest	unusable	T1612	91D0*	Tüxen (1937) S. 126 (also Oberdorfer (1992) Vol IV, Table 263/3Aa and Text Vol. p. 59; Matuszkiewicz 1963 Tab. 1/1-13 p. 156; Passarge et Hofmann (1968) Table 40 a; Chytry et al. 2013 tab. 8/11 p.372+421; Hofmann et Pommer 2013 p. 78; Schubert 1972c Tab. 	253
2410	Vaccinio uliginosi-Pinetum sylvestris KLEIST 1929 em. MATUSZKIEWICZ 1962	Vaccinio-Pinetum sylvestris De Kleist 1929; Ledo-Pinetum sylvestris (HUECK 1929) R. TX. 1955	natural forest	unusable	T3J51	91D0*	Matuszkiewicz (1962) Table 1/21-22 (also Matuszkiewicz 1963 Tab. 1/14-25 p. 156; Passarge et Hofmann (1968) Table 35e-f; Fischer 1977 Tab. 3; Oberdorfer (1992) Vol IV, Table 264/4Aa and Text Vol. p. 61; Langguth, Kopp et Passarge (1965) Table 2/2; Berg et	381
2412	Leucobryo-Pinetum variscum REINHOLD 1939	Leucobryo-Pinetum sylvestris bazzanietosum Matuszkiewicz 1962	natural forest	single stem cutting	T3522	9410	Hartmann et Jahn (1967), Table  XIII/8+9 (also Schmidt (2002) 7.1.4, Table 2/6/1.4)	38
2413	Erico carneae-Pinetum sylvestris typicum BRAUN-BLANQUET et al. 1939		natural forest	single stem cutting	T3541	9430*	Ellenberg et Klötzli 1972 p.750  with Keller et al. 1998 p. 272 (also Knapp 1944b Vol. 1 Tab. 2; Eggler 1955 Tab. 1/1-7; Riemenschneider 1956 Tab. 7; Schubert 1972c Tab. 2/1 + p. 201; Oberdorfer (1992) Vol IV, Table 257/2Bd and Text Vol. p. 45; Runge (199	995
2414	Dorycnio germanici-Pinetum sylvestris OBERDORFER 1957		natural forest	single stem cutting	T36	9430*	Willner et Grabherr (2007) Vol 1 p. 171 et Table 29/1	245
2415	Cytiso nigricantis-Pinetum sylvestris BRAUN-BLANQUET 1932	included in Thesium bavarum-Pinus sylvestris-Ass.	natural forest	single stem cutting	T36	9430*	Ellenberg et Klötzli 1972 p.748  with Keller et al. 1998 p. 268 (also Oberdorfer (1992) Vol IV, Table 259/6C and Text Vol. p. 51; Hohenester 1960 Tab. 5a p. 62, Tab. 6/2 p. 65; Soó 1964b p. 285; Runge (1994) S. 237)	55
2416	Vaccinio vitis-idaeae-Abietetum albae leucobryetosum OBERDORFER 1957		natural forest	single stem cutting	T32321	9410	Hartmann et Jahn (1965) Table 4b/50-70 (also Oberdorfer (1992) Vol IV, Table 265/6Aa and Text Vol. p. 64)	49
2417	Vaccinio vitis-idaeae-Abietetum albae oxalidetosum OBERDORFER 1957		natural forest	single stem cutting	T32321	9410	Hartmann et Jahn (1965) Table 4b/X (also Oberdorfer (1992) Vol IV, Table 265/6Cc and Text Vol. p. 64)	25
2418	Luzulo luzuloides-Abietetum albae typicum OBERDORFER 1957		natural forest	single stem cutting	T32321	9410	Oberdorfer (1992) Vol IV, Table 267/8Bb and Text Vol. p. 66 (also: Schubert 1972c Tab. 3/7 + p. 208; Zukrigl 1973 Tab. V/19-28 + p. 164; Chytry et al. 2013 tab. 6/13 p. 237+274)	228
2419	Luzulo luzuloides-Abietetum albae athyrietosum OBERDORFER 1957		natural forest	single stem cutting	T32321	9410	Oberdorfer (1992) Vol IV, Table 267/8Bc and Text Vol. p. 66 (also: Zukrigl 1973 Tab. V/2-14)	112
2420	Galio rotundifollii-Abietetum WRABER 1959		natural forest	single stem cutting	T3123	9410	Ellenberg et Klötzli 1972 p. 722 with Keller et al. 1998 p. 238 (also Willner et Grabherr (2007) Teil 1 S. 196 et Table 33/13; Oberdorfer (1992) Vol IV, Table 339/1B and Text Vol. IV p. 235; Chytry et al. 2013 tab. 6/9 p. 237+259)	389
2421	Pyrolo-Abietetum albae OBERDORFER 1957		natural forest	single stem cutting	T32121	9410	Oberdorfer (1992) Vol IV, Table 339/2A and Text Vol. p. 236 (Willner et Grabherr (2007) Table 22/12)	271
2422	Adenostylo glabrae-Abietetum MAYER 1969	Adenostylo glabrae-Abietetum H. Mayer et A. Hofmann 1969	natural forest	single stem cutting	T31121	9410	Oberdorfer (1992) Vol IV, Table 339/2B and Text Vol. p. 236	33
2423	Homogyno alpinae-Piceetum ZUKRIGL 1973	Larici-Piceetum Br.-Bl. Et al. 1954	natural forest	single stem cutting	T3231	9410	Zukrigl 1973 Tab. II + p. 115; Oberdorfer (1992) Vol IV, Table 270/11a and Text Vol. p. 71 (also Ellenberg et Klötzli 1972 p.736  with Keller et al. 1998; Willner et Grabherr (2007) Teil 1 S. 203 et Table 39/2)	995
2424	Adenostylo glabrae-Piceetum MAYER 1969	Adenostylo glabrae-Piceetum M. Wraber ex Zukrigl 1973	natural forest	single stem cutting	T31121	9410	Knapp 1944b Vol. 1 Tab. 9 (also: Oberdorfer (1992) Vol IV, Table 271/12a and Text Vol. p. 73; Zukrigl 1973 Tab. III/1-14 + p. 132; Willner et Grabherr (2007) Table 33/7)	448
2425	Asplenio-Piceetum KUOCH 1954	Dryopterido-Abietetum Ellenberg et Klötzli 1972	natural forest	single stem cutting	T3123	9410	Oberdorfer (1992) Vol IV, Table 272/13B and Text Vol. p. 74 (also Ellenberg et Klötzli 1972 p. 716; Schmider et Burnand 1988 p. 124)	111
2426	Vaccinio-Rhododendretum ferruginei BRAUN-BLANQUET 1937	Rhododendretum ferruginei Rübel 1911	natural forest	single stem cutting	S2221	4060	Zöttl 1951 p. 41-43 Tab. X (also Oberdorfer (1992) Vol IV, Table 273/15a and Text Vol. p. 75; Heiselmayer 1982 Tab. 3 + p. 166; Runge (1994) S. 240; Schmider et Burnand 1988 p. 161)	79
2427	Erico carneae-Rhododendretum hirsuti OBERDORFER 1967	included in Rhododendro hirsuti-Pinetum mugo Br.-Bl. et al. 1939 nom. invers. propos.	natural forest	unusable	S2221	4070*	Oberdorfer (1992) Vol IV, Table 256/1a and Text Vol. p. 43 (also Runge (1994) S. 239)	105
2428	Alnetum viridis BRAUN-BLANQUET 1918		natural forest	single stem cutting	T32112	91E0*	Horvat, Glavac, Ellenberg (1974) Table 133 (also Horvat, Pawlowski, Walas (1937); Höpflinger 1957 Tab. 13; Heiselmayer 1982 Tab. 5 + p. 168; Willner et Grabherr (2007) Table 10/2; Schmider et Burnand 1988 p. 164)	172
2429	Larici-Pinetum cembrae LEANDRU 1954	Vaccinio-Pinetum cembrae (Pallmann et Haffter 1933) Oberd. 1962	natural forest	single stem cutting	T342	9420	Ellenberg et Klötzli 1972 p.738  with Keller et al. 1998 (also Oberdorfer (1992) Vol IV, Table 273/14a and Text Vol. p. 75)	178
2430	Ilici-Fagetum sylvatici BRAUN-BLANQUET 1967	included in Luzulo-Fagetum Meusel 1937;  Ilex aquifolius-Fagus-Ass	natural forest	single stem cutting	T1821	9120	Braun-Blanquet 1967 Tab. 31 and p.99 (also: Oberdorfer (1992) Vol  IV, Table 295/2 and Text Vol. p. 118)	114
2431	Coronillo coronatae-Quercetum MOOR 1962	Lithospermo-Quercetum petraeae Br.-Bl. 1932	natural forest	single stem cutting	T1E14	91G0*	Schwarz 1941 Tab. VI/1-3 + p. 49 (also Knapp 1944i p. 2-4, 1944m Tab. 4-6; Schwickerath 1958 p.89; Hübl 1959 tab. p. 155 rel. 11-25; Hartmann et Jahn (1967) Table XII/8; Ellenberg et Klötzli 1972 p. 698)	52
2432	Aceri monspessulani-Quercetum petraeae OBERDORFER 1957		natural forest	single stem cutting	T1912	91G0*	Hartmann et Jahn (1967) Table  XII/31 (also Knapp 1944m Tab. 7; Oberdorfer (1992) Vol IV, Table 297/1A and Text Vol. p. 125; Runge (1994) S. 272;  Niemeyer et al. 2010 p. 78)	364
2433	Buxo-Quercetum pubescentis BRAUN-BLANQUET 1932	Aceri monspessulani-Quercetum petraeae corydalietosum OBERD. 1957	natural forest	single stem cutting	T193	5110	Hartmann et Jahn (1967) Table XII/30 (also: Schwickerath 1958 p.89; Loidi et Herrera 1990 Tab. 3/8-11)	54
2434	Coronilla emeri-Quercetum pubescentis typicum FÖRSTER 1968		natural forest	single stem cutting	T193	91H0*	Oberdorfer (1992) Vol IV, Table 298/2Ac and Text Vol. p. 128	28
2435	Coronilla emeri-Quercetum pubescentis FÖRSTER 1968 dictamnodetosum Oberdorfer 1992		natural forest	single stem cutting	T193	91H0*	Oberdorfer (1992) Vol IV, Table 298/2Ab and Text Vol. p. 128	21
2436	Coronilla emeri-Quercetum pubescentis FÖRSTER 1968 caricitosum albaea Oberdorfer 1992		natural forest	single stem cutting	T193	91H0*	Oberdorfer (1992) Vol IV, Table 298/2Ad and Text Vol. p. 128	35
2437	Lathyro verni-Fagetum sylvatici festucetosum HARTMANN 1953	included in Carici-Fagetum Moor 1952; Melico-Fagetum dryopteridetosum  KNAPP em. 1942	natural forest	single stem cutting	T17112	9150	Hartmann et Jahn (1967) Table VIIb/14, p. 455 (also Schubert 1972b Tab. 1/4 p. 111)	163
2438	Castaneo-Fagetum sylvatici MARINCEK 1980	Hieracio rotundatae-Fagetum Kosir 1994; Epimedio-Luzulo-Fagetum Marincek 1980; Blechno-Fagetum Rivas-Martínez 1962	natural forest	single stem cutting	T19C8	9260	Willner (2002) Table 6/41	111
2439	Erico carneae-Pinetum uncinatae BRAUN-BLANQUET et al. 1939	included in Rhododendro hirsuti-Pinetum mugo Br.-Bl. et al. 1939 nom. invers. propos.	natural forest	single stem cutting	T348	9430*	Willner et Grabherr (2007) Vol 1 p. 213 et Table 44/9 (also Mucina et al. (1993) Teil III, S. 268	38
2441	Rhodothamnetum chamaecisti AICHINGER 1957	Rhododendretum hirsuti LÜDI 1921	natural forest	single stem cutting	S261	4060	Knapp 1944b Vol. 1 tab. 5 (also: Grabherr et Mucina (1993) Vol II p. 436	15
2442	Rhododendro hirsuti-Pinetum prostratae ZÖTTL 1951		natural forest	single stem cutting	T348	9430*	Zöttl 1951 p. 39-41 Tab. IX (also Knapp 1944b Vol. 1 tab. 4; Willner et Grabherr (2007) Vol 1 p. 211 et Table 44/3; Mucina et al. (1993) Teil III, S. 265)	182
2444	Rhodothamno-Laricetum deciduae WILLNER et ZUKRIGL 1999	included in Vaccinio-Pinetum cembrae (Pallmann et Haffter 1933) Oberd. 1962	natural forest	single stem cutting	T342	9420	Willner et Grabherr (2007) Vol 1 p. 214 et Table 44/11 (also Mucina et al. (1993) Teil III, S. 272	153
2445	Asperulo taurinae-Aceretum pseudoplatani ELLENBERG et KLÖTZLI 1972	included in Fraxino-Aceretum W. Koch ex Tx. 1937	natural forest	single stem cutting	T1F6	9180*	Ellenberg et Klötzli 1972 p. 668 with Keller et al. 1998 p. 174 (also: Willner et Grabherr (2007) Table 19/15; Mucina et al. (1993) Vol III, p. 120; Schmider et Burnand 1988 p. 100)	75
2446	Asperulo taurinae-Tilietum platyphylli TREPP 1947		natural forest	single stem cutting	T1F52	9180*	Ellenberg et Klötzli 1972 p. 670 with Keller et al. 1998 p. 176 (also Mucina et al. (1993) Teil III, S. 126; Willner et Grabherr (2007) Vol 1 p. 131 et Table 19/6; Schmider et Burnand 1988 p. 104)	110
2447	Stipo bromoidis-Quercetum suberis BARBAGALLO 1983		natural woody shrubland	unusable	S5111	9330	Barbagallo 1983 tab. 1	24
2448	Festuco heterophyllae-Quercetum congestae BRULLO et MARCENÓ 1985		natural forest	single stem cutting	T1B	91M0	Brullo et Marcenò 1985 tab. 14	7
2449	Quercetum gussonei BRULLO et MARCENÓ 1985		natural woody shrubland	unusable	T1B	91M0	Brullo et Marcenò 1985 tab. 16	9
2450	Acantho mollis-Lauretum nobilis GIANGUZZI, D’AMICO et ROMANO 2010		natural forest	single stem cutting	S518	5230	Gianguzzi et al. 2010 tab. 3	18
2451	Pistacio lentisci-Pinetum halepensis DE MARCO et CANEVA 1985	Pino-Genistetum aspalathoidis  pinetosum halepensis Brullo, Di Martino e Marcenò (1977); Erico multiflorae-Pinetum halepensis (Brullo, Di Martino & Marcenò 1977) Biondi & Pesaresi in Biondi et al. (2017)	natural forest	single stem cutting	N1G, S5143	9540	Brullo et al. 1977 tab. 3/28-35  (also Gianguzzi 1999 tab. 6; De Marco et Caneva 1985 tab.4)	15
2452	Genisto aspalathoidis-Pinetum escarenae BIONDI & VAGGE 2015	Genisto aspalathoidis-Pinetum hamiltonii Brullo, Di Martino & Marcenò 1977 corr. Gianguzzi 2009	natural forest	single stem cutting	N1G, S5143	9540	Brullo et al. 1977 tab. 3/22-27 (also Gianguzzi 1999 tab. 8)	11
2453	Doronico orientalis-Castanetum sativae BRULLO et SIRACUSA 2012		natural forest	single stem cutting	T1E	9260	Brullo et al. 2012 tab. 3	7
2454	Oleo oleaster-Quercetum virgilianae BRULLO 1984		natural forest	single stem cutting	T1932	91H0	Brullo et Marcenò 1985 tab. 3	18
2461	Dentario heptaphyllae-Abieti-Fagetum sylvatici typicum (MOOR 1952) MÜLLER 1966	Dentario heptaphyllae-Fagetum typicum(Moor 1952) Th. Müller 1966; Cardamino-Fagetum Ellenberg et Klötzli 1972	natural forest	single stem cutting	T1713	9130	Hartmann et Jahn (1967) Table VIIb/3-4 (also: Ellenberg et Klötzli 1972 p. 644; Schmider et Burnand 1988 p. 61)	155
2462	Dentario heptaphyllae-Abieti-Fagetum sylvatici hordelimetosum MOOR 1952	Dentario heptaphyllae-Fagetum hordelimetosum (Moor 1952) Th. Müller 1966	natural forest	single stem cutting	T1713	9130	Hartmann et Jahn (1967) Table VIIb/1	14
2464	Dentario heptaphyllae-Abieti-Fagetum sylvatici festucetosum altissimaea MOOR 1952	Dentario heptaphyllae-Fagetum festucetosum altissimaea (Moor 1952) Th. Müller 1966	natural forest	single stem cutting	T1713	9130	Hartmann et Jahn (1967) Table VIIb/2 (also: Oberdorfer et A.Hofmann 1967 Tab. 10 + p. 130)	75
2465	Aceri platanoides-Tilietum platyphylli WINTERHOFF 1962		natural forest	single stem cutting	T1F5	9180*	Hartmann et Jahn (1967) Table VIIc/11 (also Schubert 1972a Tab. 5/2 p. 31; Schmidt (2002) 13.3, Table 2/10/3 ; Oberdorfer (1992) Vol IV, Table 319/6C and Text Vol. p. 182; Willner et Grabherr 2007 Bd. 1 S. 129 et Table 19/3; Niemeyer et al. 2010 p. 68)	314
2470	Lonicero alpiginae-Abieti-Fagetum sylvatici allietosum OBERDORFER 1957		natural forest	single stem cutting	T1713	9130	Oberdorfer (1992) Vol IV, Table 337/3 and Text Vol. p. 225	10
2471	Lonicero alpiginae-Abieti-Fagetum sylvatici festucetietosum altissimaea OBERDORFER 1957		natural forest	single stem cutting	T1713	9130	Oberdorfer (1992) Vol IV, Table 337/4 and Text Vol. p. 229 (also: Schmider et Burnand 1988 p. 82)	49
2472	Lonicero alpiginae-Abieti-Fagetum sylvatici typicum OBERDORFER 1957		natural forest	single stem cutting	T1713	9130	Oberdorfer (1992) Vol IV, Table 337/2a-2b and Text Vol. p. 229 (Willner et Grabherr (2007) Table 21a/17)	117
2473	Lonicero alpiginae-Abieti-Fagetum sylvatici convallarietosum OBERDORFER 1957		natural forest	single stem cutting	T1713	9130	Oberdorfer (1992) Vol IV, Table 337/1a-1c and Text Vol. p. 229	26
2474	Asperulo-Abieti-Fagetum sylvatici  typicum TH. MÜLLER 1964	Asperulo-Abieti-Fagetum sylvatici typicum TH. MÜLLER 1964	natural forest	single stem cutting	T1713	9130	Hartmann et Jahn (1967) Table IVb/3 (also Zukrigl 1973 Tab. VIII/3,4,10-13; Bachmann 1982 Tab. 10 + p. 143; Willner et Grabherr (2007) Vol 1 p. 153 et Table 21a/9)	125
2475	Asperulo-Abieti-Fagetum sylvatici carietetosum flaccae TH. MÜLLER 1966	Asperulo-Abieti-Fagetum sylvatici carietetosum flaccae TH. MÜLLER 1966	natural forest	single stem cutting	T1713	9130	Hartmann et Jahn (1967) Table IVb/8 (also Zukrigl 1973 Tab. VIII/5+6)	12
2477	Asperulo-Abieti-Fagetum sylvatici dryopteridetosum TH. MÜLLER 1966	Asperulo-Abieti-Fagetum sylvatici dryopteridetosum TH. MÜLLER 1966	natural forest	single stem cutting	T1713	9130	Hartmann et Jahn (1967) Table IVb/6 (also Zukrigl 1973 Tab. VIII/9-23)	62
2478	Galio rotundifollii-Piceetum BARTSCH 1940		natural forest	single stem cutting	T312	9410	Willner et Grabherr (2007) Teil 1 S. 197 et Table 37/4)	350
2479	Avenello ibericae-Quercetum orocantabricae RIVAS-MARTíNEZ, AMIGO, BUENO, T.E. DíAZ, F. PRIETO, IZCO, PENAS et PUENTE 2002		natural forest	single stem cutting	T1B62	91M0	Rivas-Martinez 2002 Tab. 63 p. 145	10
2480	Pinetum uncinato-pyrenaicae RIVAS-MARTíNEZ, COSTA, J.A. MOLINA et P. SORIANO 2002		natural forest	single stem cutting	T348	9530	Rivas-Martinez 2002 Tab. 71 p. 167	14
2481	Pruno mahalebo-Cornetum sanguineae RIVAS-MARTíNEZ, COSTA et P. SORIANO 2002		natural shrubland	unusable	S3553		Rivas-Martinez 2002 Tab. 73 p. 172	4
2482	Pteridio aquilini-Pinetum ibericae RIVAS-MARTíNEZ et J.A. MOLINA 2002		natural forest	single stem cutting	T3722	9560	Rivas-Martinez 2002 Tab. 75 p. 174	12
2483	Avenello ibericae-Pinetum ibericae RIVAS-MARTíNEZ et J.A. MOLINA 1999		natural forest	single stem cutting	T3722	9560	Rivas-Martinez 2002 Tab. 76 p. 177+174	12
2484	Pulmonario affinis-Abietetum albae RIVAS-MARTíNEZ, COSTA et P. SORIANO 2002		natural forest	single stem cutting	T321211	91V0	Rivas-Martinez 2002 Tab. 77 p. 178+179	5
2485	Roso pendulinae-Fagetum sylvaticae RIVAS-MARTíNEZ, COSTA et P. SORIANO 2002		natural forest	single stem cutting	T32331	9430	Rivas-Martinez 2002 Tab. 83 p. 190+189	12
2486	Viburno lantanae-Ulmetum minoris BIURRUN et GARCíA-MIJANGOS 2002		natural forest	single stem cutting	T131	91F0	Rivas-Martinez 2002 Tab. 98 p. 222	13
2487	Viburno tini-Quercetum roboris J.C. COSTA, CAPELO, HONRADO, AGUIAR et LOUSA 2002		natural forest	single stem cutting	T1B9		Rivas-Martinez 2002 Tab. 99 p. 226	8
2488	Leucanthemo waldsteinii-Piceetum KRAJNA 1933		natural forest	single stem cutting	T311625	91BA	Fink 1977 tab. 38 p. 247 (also Donita et al. 2005 p.246 ; Burescu 2017 tab. 1 p. 142)	21
2489	Bruckenthalio-Piceetum BORHIDI 1969		natural forest	single stem cutting	T311622	91BA	Borhidi 1969 tab. 4 p. 310 (also; Donita et al. 2005 p.238)	9
2490	Rhododendro myrtifolii-Pinetum mugi BORZA 1959		natural shrubland	unusable	S2662	4070	Coldea et Pinzaru 1987 tab. 2/5-8 p. 113 (also: Donita et al. 2005 p. 83; Oana et al. 2012 p. 95)	25
2491	Syringo-Fraxinetum orni BORZA 1958 em. RESMERITA 1972		natural shrubland	unusable	S357313	91H0	Knapp 1944c tab. 4 p. 15+27 (also: Donita et al. 2005 p. 106)	17
2492	Cisto creticae-Pinetum pineae BRULLO, MINISSALE, SIRACUSA, SCELSI et SPAMPINATO 2002 		natural forest	unusable	N1G	9540	Brullo et al. 2002 tab. 1	22
2493	Cisto crispi-Pinetum pineae BARTOLO, BRULLO et PULVERENTI 1994 		natural forest	unusable	N1G	9540	Bartolo et al. 1994 tab. 1	16
2494	Ulmo canescentis-Salicetum pedicellatae BRULLO et SPAMPINATO 1990		natural forest	unusable	T143		Brullo et Spampinato 1990 tab. 1	8
2495	Ilici aquifolii-Taxetum baccatae BRULLO, MINISSALE, SIGNORELLO et SPAMPINATO 1996		natural forest	unusable	T3C14	9680	Brullo et al. 1996 tab. 1	6
2496	Ilici aquifolii-Quercetum cerridis RAIMONDO, SCHICCI et BAZAN 2009		natural forest	single stem cutting	T19511	9380	Brullo et al. 1999 tab. 1	21
2497	Quercetum leptobalanae BRULLO 1984		natural forest	single stem cutting	T1B		Brullo et Marcenò 1985 tab. 9	17
2498	Ostryo carpinifoliae-Quercetum ilicis LAPRAZ 1975	Roso sempervirentis-Quercetum ilicis Biondi, Casavecchia e Gigante 2003	natural forest	single stem cutting	T2121	9340	Bartolo et al. 1990 tab. 2 (also: ; Biondi et al. 2003 Tab. 2 + p. 134)	14
2499	Erico arboreae-Quercetum ilicis BRULLO, DI MARTINO et MARCENO 1977	Erico arborae-Quercetum ilicis Barbero & Quezel 1980	natural forest	single stem cutting	T2121	9340	Brullo et al. 2009 tab. 7/1-4	22
2501	Pino-Empetretum nigri LIBBERT et SISSINGH 1939	Empetro nigri-Pinetum sylvestris LIBB. et SISS. 1939	natural forest	single stem cutting	N1F	2180	Passarge et Hofmann (1968) Table 36g (also Matuszkiewicz (1962) Table 1/8-10; Berg et al 2001 Table 32.1.1.3 and Text p. 465; Runge (1994) S. 247; Heinken et Zippel 1999 Tab. 2/3; Matuszkiewicz J.M. 1993 p.44; Hofmann et Pommer 2013 p. 392)	146
2502	Agrostio-Populetum tremulae PASSARGE et HOFMANN 1964	Populo tremulae-Quercetum (roboris) Tx. 1962	pioneer forest	single stem cutting	T1C22	9190	Passarge et Hofmann (1968) Table 42h (also Richter 1966 Tab. p. 122)	11
2503	Rusco aculeati-Quercetum ilicis BIONDI et al. 2002	Lauro nobilis-Quercetum ilicis (Br.-Bl. 1967) Riv.-Mart. 1975 ostryetosum carpinifoliae Brullo & Guarino 1998	natural forest	single stem cutting	T21218		Biondi et al. 2002 Tab. 4 + p. 141 (also Biondi et al. 2003 Tab. 9 + p. 144)	12
2504	Cyclamino repandi-Quercetum ilicis RIVAS-MARTINEZ et al. 1995	Viburno tini-Quercetum ilicis sensu De Dominicis et al. 1988	natural forest	single stem cutting	T21218		Biondi et al. 2002 Tab. 2 + p. 138	15
2505	Vinco minoris-Quercetum cerridis UBALDI 1995		natural forest	single stem cutting	T1941		Alessandrini et Corbetta 1979 Tab. 4+5 in Fariselli et al. 2024 Tab. 49.26A-B p. 678	56
2506	Violo hirtae-Carpinetum orientalis TAFFETANI et BIONDI 1993		natural forest	single stem cutting	S35721		Piccoli et al. 1983 Tab. 2 in Fariselli et al. 2024 Tab. 49.23 p. 672	15
2507	Knautio purpureae-Quercetum pubescentis UBALDI, ZANOTTI et PUPPI 1993		natural forest	single stem cutting	T1931		Ubaldi 1981 Tab. 1+2 (also Ubaldi 1993 in Fariselli et al. 2024 Tab. 49.19C; Adorni 2001 in Fariselli et al. 2024 Tab. 49.19D; Pezzi et al. 2005 in Fariselli et al. 2024 Tab. 49.19E	87
2508	Rubo caesii-Ulmetum minoris BRULLO et SPAMPINATO 1999		natural forest	single stem cutting	T1444		Corbetta et Censoni Zanotti 1974 Tab.1/4 in Brullo et Spampinato 1999 Tab.1/23 (also Fariselli et al. 2024 Tab. 46.4A-B)	91
2509	Cladio marisci-Fraxinetum oxycarpae PICCOLI, GERDOL et FERRARI 1983		(semi-)aquatic community	unusable	T1444		Piccoli et al. 1983 Tab. 1  (also: Piccoli et al. 1991 Tab. 1/29-35; Merloni et Piccoli 2001 Tab. 1/1-9	26
2510	Pyrolo-Pinetum sylvestris (LIBBERT 1933) SCHMID 1936	included p.p. in Peucedano-Pinetum Matuszkiewicz 1962	natural forest	single stem cutting	T356	91U0	Oberdorfer (1992) Vol IV, Table 253a and Text Vol. p. 38 (also Runge (1994) S.248)	78
2511	Athyrio alpestris-Piceetum HARTMANN 1959		natural forest	single stem cutting	T311611	9410	Hartmann et Jahn (1967) Table II/4-5 (also: Willner et Grabherr (2007) Table 39/3; Chytry et al. 2013 tab. 8/8 p. 372+411)	144
2512	Peucedano-Pinetum sylvestris typicum MATUCZKIEWICZ 1962		natural forest	single stem cutting	T35221	91U0	Matuczkiewicz (1962) Table 1/11-15 (also Berg et al 2001 Table 32.1.2.1 and Text p. 467; Heinken et Zippel 1999 Tab. 2/4)	319
2513	Peucedano-Pinetum sylvestris piceetosum MATUSZKIEWICZ 1962		natural forest	single stem cutting	T35221	91U0	Matuszkiewicz (1962) Table 1/16-19	133
2514	Quercetum petraeae-cerridis SOÓ 1957	Quercetum petraeae-cerris Soö ex Mathe et Koväcs 1962; Quercetum petraeae-cerridis JOVANOVIC 1979;  Quercetum petraeo - cerridis A. O. Horvát 1967	natural forest	single stem cutting	T1941	91M0	Soò 1964 p. 272 (also Wallnöfer 2003 Tab. 1/6 + p. 7; Hegedusova et al. 2021 Tab. 1/11 + p. 114; Stajic 2024 tab. 1)	120
2515	Aceri obtusati-Quercetum cerridis UBALDI et SPERANZA in UBALDI 1995		natural forest	single stem cutting	T1941	91M0	Ubaldi & Speranza 1982 Tab. 1 (also:  Blasi et al. 2020 Tab. 1/2, p. 132; Taffetani et al. 2012 tab. V p. 23; Fariselli et al. 2024 Tab. 49.14.1 p. 639)	165
2516	Ostryo carpinifoliae-Aceretum opulifolii UBALDI (1981) 1995		natural forest	single stem cutting	T1932	91AA*	Ubaldi 1981  Tab. 3 (also: Blasi et al. 2020 Tab. 1/14; Ubaldi et al. 1993 Tab. 49.12)	93
2517	Asparago tenuifolii-Quercetum cerridis SCOPPOLA et FILESI 1995		natural forest	single stem cutting	T1941	91AA*	Blasi et al. 2020 Tab. 5/6	17
2518	Asparago acutifolii-Ostryetum carpinifoliae BIONDI 1982		natural forest	single stem cutting	T1941	91AA*	Blasi et al. 2020 Tab. 3/9 (also: Arrigoni et Di Tommaso 1997 Tab. 5 + p. 15; Arragoni et al. 1997 Tab. 7 p. 86;  Fariselli et al. 2024 Tab. 49.24 p. 674; Biondi et al. 2002 Tab. 7 + p. 146)	34
2519	Peucedano cervariae-Quercetum pubescentis UBALDI 1995		natural forest	single stem cutting	T1941	91AA*	Blasi et al. 2020 Tab. 4/4	24
2520	Asplenio onopteridis-Quercetum cerridis UBALDI 1995		natural forest	single stem cutting	T1941	91M0	Blasi et al. 2020 Tab. 5/2 (also Pedrotti et al. 1979 Tab. 7)	16
2521	Plagio-Ostryetum GRUBER 1968		natural forest	single stem cutting	T19B121	91AA*	Gruber 1968 Tab.2 (also Blasi et al. 2020 Tab. 2/3)	22
2522	Daphno laureolae-Quercetum cerridis TAFFETANI et BIONDI 1995		natural forest	single stem cutting	T1941	91AA*	Blasi et al. 2020 Tab. 1/12 (also: Dakskobler et al. 2017 Tab. 2/4(DlQc; Taffetani et al. 2012 tab. IV)	71
2523	Roso sempervirentis-Quercetum pubescentis BIONDI 1986		natural forest	single stem cutting	T1931	91AA*	Blasi et al. 2020 Tab. 3/6 (also: Arrigoni et al. 1997 p.82 Tab. 6; Arrigoni et Bartolini 1997 Tab. 6 + p. 106; Fariselli et al. 2024 Tab. 49.25 p. 676; Biondi et al. 2002 Tab. 8,9 + p. 146)	116
2524	Melico uniflorae-Quercetum cerridis ARRIGONI in ARRIGONI, MAZZANTI et RICCERI 1990		natural forest	single stem cutting	T1941	91AA*	Blasi et al. 2020 Tab. 5/1 (also: Arrigoni et al. 1990 p. 128 Tab.3; ; Arrigoni et Bartolini 1997 Tab. 7 + p. 106)	32
2525	Cephalanthero longifoliae-Quercetum cerridis SCOLOPPA et FILESI 1998		natural forest	single stem cutting	T1941	91AA*	Blasi et al. 2020 Tab. 5/3 (also: Scoppola & Filesi 1998 p.297 Tab.1; Biondi et al. 2002 Tab. 11 + p. 150)	31
2526	Fraxino oxycarpae-Quercetum cerridis SCOLOPPA et FILESI 1998		natural forest	single stem cutting	T1941	91AA*	Blasi et al. 2020 Tab. 5/5 (also: Scoppola & Filesi 1998 Tab.3)	23
2527	Erico arboreae-Quercetum cerridis ARRIGONI in ARRIGONI, MAZZANTI et RICCERI 1990		natural forest	single stem cutting	T1941	91AA*	Blasi et al. 2020 Tab. 5/8 (also: Arrigoni et al. 1990 p. 125 Tab.2, Arrigoni 1997 Tab. 7, Arragoni et al. 1997 Tab. 8 p. 86; Arrigoni et Bartolini 1997 Tab. 5 + p. 106; Biondi et al. 2002 Tab. 10 + p. 150)	29
2528	Malo florentinae-Quercetum frainetto BIONDI, GIGANTE, PIGNATTELLI et VENANZONI 2001		natural forest	single stem cutting	T19512	9280	Blasi et al. 2020 Tab. 5/9 (also: Biondi et al. 2001 Tab.2)	31
2529	Carpino orientalis-Quercetum cerridis KLIKA 1938		natural forest	single stem cutting	T1941	91AA*	Blasi et al. 2020 Tab. 5/17 (also: Blasi 1984 Tab.1; Donita et al. 2005 p. 224)	69
2530	Coronillo emeri-Quercetum cerridis BLASI 1984 		natural forest	single stem cutting	T1941	91AA*	Blasi et al. 2020 Tab. 5/18 (also: also: Blasi 1984 Tab.1)	11
2531	Querco cerridis-Betuletum pendulae BIONDI, BRUGIAPAGLIA et TEDESCINI-LALLI 1998		natural forest	single stem cutting	T1941	91AA*	Blasi et al. 2020 Tab. 5/19 (also: Biondi et al 1998 Tab. 4)	7
2532	Physospermo verticillati-Quercetum cerridis UBALDI, ZANOTTI, PUPPI, SPERANZA et CORBETTA ex UBALDI 1995		natural forest	single stem cutting	T1941	91AA*	Blasi et al. 2020 Tab.6/3 (also: Aita et al. 1977 Tab. 1)	47
2533	Lathyro jordanii-Quercetum cerris ZANOTTI, UBALDI, CORBETTA et PIRONE 1995		natural forest	single stem cutting	T1941	91AA*	Blasi et al. 2020 Tab. 6/6 (also: Zanotti et al. 1995 p. 55 Tab. 1)	36
2534	Centaureo centaurii-Quercetum pubescentis ZANOTTI, UBALDI, CORBETTA et PIRONE 1995		natural forest	single stem cutting	T1931	91AA*	Blasi et al. 2020 Tab. 6/7 (also:  Zanotti et al. 1995 p. 55 Tab. 1)	10
2535	Lathyro digitati-Quercetum cerridis clematidetosum BONIN et GAMISANS 1976		natural forest	single stem cutting	T1941	91AA*	Blasi et al. 2020 Tab. 6/8 (also: Bonin & Gamisans 1976 Tab. 1)	156
2536	Lathyro digitati-Quercetum cerridis anemonetosum BONIN et GAMISANS 1976		natural forest	single stem cutting	T1941	91AA*	Blasi et al. 2020 Tab. 6/9 (also: Bonin & Gamisans 1976 Tab. 1)	149
2537	Echinopo siculi-Quercetum frainetto BLASI et PAURA 1995		natural forest	single stem cutting	T19512	9280	Blasi et al. 2020 Tab. 6/13 (also: Blasi et Paura 1995 Tab. 2)	37
2538	Phillyreo latifoliae–Carpinetum orientalis BERGMEIER et DIMOPOULOS 2008		natural forest	single stem cutting	T1932	91M0	Bergmeier et Dimopoulos 2008 Tab. 1/1	29
2539	Dryopterido pallidae–Ostryetum BERGMEIER 1990		natural forest	single stem cutting	T1932	91AA	Bergmeier et Dimopoulos 2008 Tab. 1/2 (also Bergmeier 1990 Tab. 14)	51
2540	Tilio tomentosae-Castanetum DAFIS 1973		natural forest	single stem cutting	T19C3	9260	Bergmeier et Dimopoulos 2008 Tab. 1/3 (also: Bergmeier 1990 Tab. 16)	50
2541	Genisto carinalis–Quercetum petraeae (dalechampii) BERGMEIER et DIMOPOULOS 2008		natural forest	single stem cutting	T1963	91M0	Bergmeier et Dimopoulos 2008 Tab. 1/4	90
2542	Querco frainetto–Castanetum sativae ZOLLER et al. 1977		natural forest	single stem cutting	T19C3	9260	Bergmeier et Dimopoulos 2008 Tab. 1/5	31
2543	Cytiso villosae–Castanetum sativae BARBERO et QUÉZEL 1976		natural forest	single stem cutting	T19C3	9260	Bergmeier et Dimopoulos 2008 Tab. 1/6	12
2544	Lathyro laxiﬂori–Castanetum sativae BRULLO et al. 2004		natural forest	single stem cutting	T19C3	9260	Bergmeier et Dimopoulos 2008 Tab. 1/7	15
2545	Symphyto ottomani–Quercetum frainetto GAMISANS et HEBRARD 1980		natural forest	single stem cutting	T19512	9280	Bergmeier et Dimopoulos 2008 Tab. 1/8	47
2546	Verbasco glabrati–Quercetum frainetto GAMISANS et HEBRARD 1979		natural forest	single stem cutting	T19512	9280	Bergmeier et Dimopoulos 2008 Tab. 1/9	111
2547	Huetio cynapioidis–Quercetum frainetto RAUS 1980		natural forest	single stem cutting	T19522	9280	Bergmeier et Dimopoulos 2008 Tab. 1/10 (also: Bergmeier 1990 Tab. 11/3-12; Fotiadi 2004 Tab. 40/13)	76
2548	Digitali viridiﬂorae–Quercetum frainetto GAMISANS et HEBRARD 1980		natural forest	single stem cutting	T19512	9280	Bergmeier et Dimopoulos 2008 Tab. 1/11	74
2549	Geranio asphodeloidis–Quercetum frainetto BERGMEIER 2008		natural forest	single stem cutting	T19522	9280	Bergmeier et Dimopoulos 2008 Tab. 1/12	14
2550	Oenantho pimpinelloidis–Quercetum frainetto BERGMEIER et DIMOPOULOS 2008		natural forest	single stem cutting	T19522	9280	Bergmeier et Dimopoulos 2008 Tab. 1/13	59
2551	Cephalanthero rubrae-Quercetum fagineae RIVAS-MARTINEZ in RIVAS GODAY et al. 1959		natural forest	single stem cutting	T1971	9240	Loidi et Herrera 1990 Tab. 3/1 (also Alonso 2024 Tab. 2; Cantorala et al. 2022 fig. 3; Lopez 1976 Tab. 20 p.68)	41
2552	Spiraeo obovatae-Quercetum fagineae BOLÒS et MONTSERRAT 1984		natural forest	single stem cutting	T1971	9240	Loidi et Herrera 1990 Tab. 3/2-4 (also: Alvarez et al. 2008 Tab. 2; Cantorala et al. 2022 fig. 3)	69
2553	Pulmonario longifoliae-Quercetum fagineae LOIDI et HERRERA 1990		natural forest	single stem cutting	T1971	9240	Loidi et Herrera 1990 Tab. 3/6 (also: Cantorala et al. 2022 fig. 3)	36
2554	Epipactido helleborines-Fagetum sylvaticae RIVAS-MARTINEZ (1962) 1983		natural forest	single stem cutting	T17111	9150	Alvarez et al.  2008 Tab. 1	2
2555	Festuco heterophyllae-Quercetum pyrenaicae BRAUN-BLANQUET 1967		natural forest	single stem cutting	T19A12	9230	Braun-Blanquet 1967 Tab. 29 (also: Alvarez et al. 2008; Lorite et al. 2008 Tab. 1/Fhq)	20
2556	Spiraeo obovatae-Quercetum rotundifoliae RIVAS GODAY ex LOIDI et PRIETO 1986		natural forest	single stem cutting	S5113	9340	Alvarez et al. 2008 Tab. 3	5
2557	Buxo sempervirentis-Juniperetum phoeniceae RIVAS-MARTINEZ 1969		natural forest	single stem cutting	S51321	9560	Molero et Rovira 1988 tab. 3 p. 149 (also Alvarez et al. 2008)	7
2558	Humulo lupuli-Alnetum glutinosae BIURRUM et al. 1994		natural forest	single stem cutting	T1214	91E0	Alvarez et al. 2008 Tab. 7	2
2559	Erico scopariae-Pinetum pinastri BIONDI et VAGGE 2015		natural forest	single stem cutting	T3A211	9540	Biondi et Vagge 2015 Table 1 (also: Ciaramella et al. 2024 fig. 3 + supl. 2)	27
2560	Erico arboreae-Pinetum pinastri BIONDI et VAGGE 2015		natural forest	single stem cutting	T3A211	9540	Biondi et Vagge 2015 Table 2 (also: Ciaramella et al. 2024 fig. 3 + supl. 2)	27
2561	Buxo sempervirentis-Pinetum pinastri BIONDI et VAGGE 2015		natural forest	single stem cutting	T3A211	9540	Biondi et Vagge 2015 Table 3	4
2562	Arbuto unedonis-Pinetum halepensis RIVAS-MARTINEZ 2011		natural secondary pioneer forest	single stem cutting	T3A41	9540	Cano et al. 2022 Table 4/AuPh	6
2563	Ceratonio siliquae-Pinetum halepensis (RIVAS-MARTINEZ 2011) CANO, CANO-ORTIZ, FUENTES, QUINTO-CANAS, IGBAREYEH, DEL RIO, GOMES 2022	Pistacio lentisci-Pinetum halepensis RIVAS-MARTINEZ 2011	natural secondary pioneer forest	single stem cutting	T3A41	9540	Cano et al. 2022 Table 4 CsPh	4
2564	Bupleuro rigidi-Pinetum halepensis (BRAUN-BLANQUET et BOLÒS 1957) CANO, CANO-ORTIZ, FUENTES, QUINTO-CANAS, IGBAREYEH, DEL RIO, GOMES 2022		natural secondary pioneer forest	single stem cutting	T3A41	9540	Cano et al. 2022 Table 4 BrPh	15
2565	Ephedro nebrodensis-Pinetum halepensis (BRAUN-BLANQUET et BOLÒS 1957) CANO, CANO-ORTIZ, FUENTES, QUINTO-CANAS, IGBAREYEH, DEL RIO, GOMES 2022		natural secondary pioneer forest	single stem cutting	T3A41	9540	Cano et al. 2022 Table 4 EnPh	15
2566	Paeonio-Abietetum  pinsapi ASENSI et RIVAS-MARTINEZ 1976		natural forest	single stem cutting	T334	9520	Asensi et Rivas-Martinez 1976	16
2567	Rhamno lycioidis-Pinetum halepensis RIVAS-MARTINEZ 2002		natural secondary pioneer forest	single stem cutting	T3A41	9540	Cano et al. 2022 Table 4 RlPh	10
2568	Querco cocciferae-Pinetum halepensis RIVAS-MARTINEZ et ALCARAZ 2011		natural or secondary pioneer forest	single stem cutting	T3A41	9540	Cano et al. 2022 Table 4 QPh	9
2569	Rhamno almeriensis-Pinetum halepensis RIVAS-MARTINEZ 2011		natural secondary pioneer forest	single stem cutting	T3A41	9540	Cano et al. 2022 Table 4 RaPh	21
2570	Junipero turbinatae-Pinetum halepensis RIVAS-MARTINEZ 2011		natural secondary pioneer forest	single stem cutting	T3A41	9540	Cano et al. 2022 Table 4 JtPh	20
2571	Ulici argentei-Quercetum rotundifoliae QUINTO-CANAS, CANO-ORTIZ, MUSARELLA, DEL RÍO, M. RAPOSO, PIÑAR FUENTES et PINTO-GOMES 2021		natural forest	single stem cutting	S5113	9340	Quinto Canas et al. 2021 Tab. A1/1	10
2572	Myrto communis-Quercetum rotundifoliae RIVAS GODAY IN RIVAS GODAY, BORJA, ESTEVE, GALIANO, RIGUAL et RIVAS-MARTÍNEZ 1959		natural forest	single stem cutting	S5113	9340	Quinto Canas et al. 2021 Tab. A1/2	10
2573	Rhamno oleoidis-Quercetum rotundifoliae RIVAS-MARTINEZ IN RIVAS-MARTINEZ, FERNANDEZ-GONZALEZ, LOIDI, LOUSA et PENAS 2002		natural forest	single stem cutting	S5113	9340	Quinto Canas et al. 2021 Tab. A1/3	4
2574	Rhamno laderoi-Quercetum rotundifoliae RIVAS-MARTINEZ, M.T. SANTOS et LADERO 2011		natural forest	single stem cutting	S5113	9340	Quinto Canas et al. 2021 Tab. A1/4	7
2575	Pulmonario longifoliae-Quercetum pyrenaicae OBERDORFER et TÜXEN 1954		natural forest	single stem cutting	T19A12	9230	Tüxen et Oberdorfer 1958 Tab. 88 p. 296 (also: Allorge 1941 p. 337; Vilches de la Serna et al. (2016) Tab. 2/1	7
2576	Luzulo forsteri-Quercetum pyrenaicae RIVAS-MARTINEZ 1963		natural forest	single stem cutting	T19A12	9230	Rivas-Martinez 1962 p. 106 (also: Fernández-González 1991 p. 188 tab. 5A,B; Lorite et al. 2008 Tab. 1/Lfq; Vilches de la Serna et al. (2016) Tab. 2/2-8)	71
2577	Hedero helicis-Quercetum rotundifoliae COSTA, PERIS et STÜBING 1987		natural forest	single stem cutting	S212112	9340	Costa, Peris et Stübing 1987 tab. 1	13
2578	Festuco merinoi-Quercetum pyrenaicae VILCHES, SÁNCHEZ-MATA et GAVILÀN 2020		natural forest	single stem cutting	T19A12	9230	Sardinero 2004 in Lorite et al. 2008 Tab. 1/Feq (also: Vilches de la Serna et al. (2016) Tab. 2/9-25	32
2579	Holco molli-Quercetum pyrenaicae BRAUN-BLANQUET et al. 1956		natural forest	single stem cutting	T19A12	9230	Braun-Blanquet et al. 1956 in Lorite et al. 2008 Tab. 1/Hmq (also: Vilches de la Serna et al. (2016) Tab. 3/1-5)	16
2580	Genisto falcateae-Quercetum pyrenaicae RIVAS-MARTINEZ 1985		natural forest	single stem cutting	T19A12	9230	Penas et Díaz-González 1985 Tabl. 2 (also: Vilches de la Serna et al. 2016 Tab. 3/6-18)	13
2581	Arbuto unedonis-Quercetum pyrenaicae RIVAS GODAY ex RIVAS-MARTINEZ 1987		natural forest	single stem cutting	T19A12	9230	Cano et Valle 1990 in Lorite et al. 2008 Tab. 1/Auq (also: Vilches de la Serna et al. 2016 Tab. 4)	34
2582	Juniperetum communis-thuriferae VAGGE et BIONDI 2008	"	Amelanchiero ovalis - Juniperetum thuriferae (Archiloque & Borel 1965) de Foucault 1991"	natural forest	unusable	T3D6	9560	Vagge et Biondi 2008 Tab. 2	11
2583	Juniperetum hemisphaerico-thuriferae RIVAS GODAY et BORJA CARBONELL 1961		natural forest	unusable	T3D6	9560	Vagge et Biondi 2008 Tab. 3	18
2584	Osmundo-Alnetum glutinosae VAN DEN BERGHEN 1971		natural forest	single stem cutting	T12141	91E0	Sciandrello et al. (2022) Tab. S1/1 (also: Beudin et al. 2021 Tab. XXXIII p. 112)	74
2585	Oenantho crocatae-Alnetum glutinosae ARRiGONI et al. 1996		natural forest	single stem cutting	T12141	91E0	Sciandrello et al. (2022) Tab. S1/2 (also: Arrigoni et al. 1996 tab. 4)	67
2586	Carici microcarpae-Alnetum glutinosae FOGGI, CARTEI, PIGNOTTI, VICIANI, DELL’OLMO et MENICAGLI 2006 2006		natural forest	single stem cutting	T12141	91E0	Sciandrello et al. (2022) Tab. S1/5	21
2587	Carici pallescentis-Alnetum glutinosae LANDI et ANGIOLINI  2010		natural forest	single stem cutting	T12141	91E0	Landi, M.; Angiolini, C. (2010) Tab. III (also: Sciandrello et al. (2022) Tab. S1/7)	39
2588	Lavandulo cariensis-Pinetum pineae VAROL et TEL (2010)		natural forest	single stem cutting	N1G	9540	Varol et Tel (2010), Tab. 3	15
2589	Violo willkommii-Quercetum fagineae (BRAUN-BLANQUET et BOLÒS 1950) RIVAS-MARTINEZ 1972		natural forest	single stem cutting	T1971	9240	Aguilella 1985 Tab. 79	14
2590	Junipero thuriferae-Quercetum rotundifoliae (RIVAS GODAY 1959) RIVAS-MARTINEZ 1987		natural forest	single stem cutting	S5113	9340	Aguilella 1985 Tab. 83 (also Perez Raya et al. 2002 p. 70)	12
2591	Ostryo-Pinetum nigrae TRINAJSTIC 1999	Pinetum nigrae submediterraneum ANIC 1956	natural forest	single stem cutting	T36614	9530	Trinajstic 1999 Tab. 2	12
2592	Rubio peregrinae-Quercetum pubescentis RAMEAU 1974		natural forest	single stem cutting	T19112	91AA*	Rameau 1974 in Thévenin S. 2021 Tab. A (also: Pujol et al. 2023 p. 270)	10
2593	Rusco aculeati-Quercetum petraeae NOIRFALISE 1968		natural forest	single stem cutting	T1E1	9170	Noirfalise 1968 in Pujol et al.  2023 p. 271	6
2594	Peucedano gallici-Quercetum roboris (ALLORGE & GAUME 1931) BRAUN-BLANQUET 1967		natural forest	single stem cutting	T1B4	9190	Braun-Blanquet 1967 in Pujol et al.  2023 p. 273 (also: Brêthes 2021 Tab. 1 Col. 3)	6
2595	Betulo pendulae-Quercetum pyrenaicae BRAUN-BLANQUET 1967		natural forest	single stem cutting	T19A5	9230	Braun-Blanquet 1967 in Pujol et al.  2023 p. 273	6
2596	Vaccinio myrtilli-Quercetum petraeae CLÉMENT, GLOAGUEN & TOUFFET 1975		natural forest	single stem cutting	T1822	9190	Clément, Gloaguen & Touffet 1975 in Pujol et al. 2023 p. 274	6
2597	Rusco aculeati-Quercetum roboris NOIRFALISE 1968		natural forest	single stem cutting	T1E12	9190	Noirfalise 1968 in Pujol et al.  2023 p. 277	4
2598	Endymio non-scriptae-Fagetum sylvaticae DURIN, GÉHU, NOIRFALISE & SOUGNEZ 1967		natural forest	single stem cutting	T17122	9120	Durin, Géhu, Noirfalise & Sougnez 1967 in Pujol et al. 2023 p. 278	4
2599	Rubio peregrinae-Fagetum sylvaticae ROISIN 1969		natural forest	single stem cutting	T171	9113	Roisin 1969 in Pujol et al. 2023 p. 278	5
2601	Lathyro versicoloris-Quercetum pubescentis KLIKA 1932		natural forest	single stem cutting	T193	91H0*	Jakucs (1961) Table 1 (also: Chytry et al. 2013 tab. 7/1 p. 338+303)	38
2602	Pruno mahaleb-Quercetum pubescentis clematiedetosum JAKUCS-FEKETE 1958		natural forest	single stem cutting	T193	91H0*	Jakucs (1961) Table II (also: Soó 1964b p. 274)	74
2603	Pruno mahaleb-Quercetum pubescentis arabiedetosum JAKUCS 1960		natural forest	single stem cutting	T193	91H0*	Jakucs (1961)  Table III	5
2604	Pruno mahaleb-Quercetum pubescentis poatetosum pannonici HORANSZKY 1957		natural forest	single stem cutting	T193	91H0*	Jakucs (1961)  Table IV(also: Soó 1964b p. 274; Wallnöfer 2003 Tab. 1/5 + p. 6)	49
2605	Achilleo coarctatae-Quercetum pubescentis JAKUCS et FEKETE 1958		natural forest	single stem cutting	T193	91H0*	Jakucs (1961)  Table V	9
2606	Cotino coggygraria-Quercetum pubescentis coronilletosum coronataea SOÓ 1931		natural forest	single stem cutting	T193	91H0*	Jakucs (1961) Table VI (also: Soó 1964b p. 267)	70
2607	Cotino coggygraria-Quercetum pubescentis seslerietosum variaea FUTÁK 1947	Seslerio-Quercetum pubescentis Futák 1960	natural forest	single stem cutting	T193	91H0*	Jakucs (1961) Table VII (also: Hegedusova et al. 2021 tab. 1/2 p. 97+107)	148
2608	Geranio-Quercetum pubescentis WAGNER 1941	Dictamno-Sorbetum Knapp 1942	natural forest	single stem cutting	T193	91H0*	Eggler 1951 Tab. 1 (also: Hübl 1959 Tab. p. 139 Rel. 16-20, Jakucs 1961  Table VIII; Wallnöfer 2003 Tab. 1/2,2a,2b + p. 4)	53
2609	Cotino coggygraria-Quercetum pubescentis inuletosum HORVÁT 1946		natural forest	single stem cutting	T193	91H0*	Jakucs (1961) Table IX (also: Soó 1964b p. 267)	18
2610	Acantho longifolii-Quercetum pubescentis JAKUCS-FEKETE 1958		natural forest	single stem cutting	T193	91H0*	Jakucs (1961)  Table X (also Donita et al. 2005 p. 234)	9
2611	Quercetum pubescenti-petraeae (IMCHENETZKY 1926) HEINIS 1933 	Lithospermo purpureocaerulei-Quercetum petraeae Br. Bl. 1932	natural forest	single stem cutting	T193	91AA	Oberdorfer (1992) Vol IV, Table 296 and Text Vol. p. 128 (also:  Niemeyer et al. 2010; Schubert 2001 p. 77)	577
2612	Potentillo micranthae-Quercetum petraeae (dalechampii-cerris) A.O. HORVÁT (1956) 1959	Potentillo micranthae-Quercetum dalechampii A.O.HORVÁT 1981	natural forest	single stem cutting	T1963	91M0	Iulian 2007 tab. 1 +Text p. 101ff (also Donita et al. 2005; Stupar 2014 tab. 5/5 p. 114)	79
2613	Carici pilosae-Carpinetum betuli NEUHÄUSL et NEUHÄUSLOVA-NOVOTNA 1964	Haqueto-Carpinetum M. Michalko 1983; Querco petraeae-Carpinetum Soó et Pocs in Soó 1957	natural forest	single stem cutting	T1E16	91G0*	Klika (1937) Table 4 (also Knapp 1944b Vol. 5 Tab. 5-6+10-12; Eggler 1958 Tab. 6; Knollová et Chytrý (2004) Table 1, CpC; Onyshchenko 2009 Tab. 43; Chytry et al. 2013 tab. 6/3 p. 237+230)	442
2614	Primulo veris-Carpinetum betuli NEUHÄUSL et NEUHÄUSLOVA-NOVOTNA 1964		natural forest	single stem cutting	T1E16	91G0*	Knollová et Chytrý (2004) Table 1, PvC (also Wallnöfer 2003 Tab. 1/7 + p. 8; Chytry et al. 2013 tab. 6/4 p,237+233)	66
2615	Tilio cordatae-Carpinetum betuli TRACZYK 1962	included in Galio-Carpinetum Oberd. 1957	natural forest	single stem cutting	T1E16	91G0*	Matuszkiewicz W.+ A. 1985 Tab. 1/4-8 p. 476 (also Onyshchenko 2009 Tab. 44-46; Runge (1994) p. 283; Knollová et Chytrý (2004) Table 1, TC; Hofmann et Pommer 2013 p. 226)	1634
2616	Festuco rupicolae-Quercetum roboris SOÓ 1957	Carici fritschii-Quercetum roboris Chytrý et Horák 1997	natural forest	single stem cutting	T1E16	91I0*	Rolecek (2005) Table 1/1 (also: Soó 1964b p. 283; Chytrý et Horák 1997 p. 216 Tabl.2/48-58; Hegedusova et al. 2021 tab.1/7 p. 111)	41
2617	Corno-Quercetum (pubescentis-dalechampii) MATHÉ et KOVÁCS 1962	Lithospermo-Quercetum virgilianae Klika 1957; Carici montanae-Quercetum pedunculiflorae Šomšák et Háberová 1979; Waldsteinio-Carpinetum (Jakucs &. Jurko 1967). Soó 1971 	natural forest	single stem cutting	T193	91H0*	Rolecek (2005) Table 1/3 (also Klika (1937) Table 3; Soó 1964b p. 279; Chytry (1994) Table 1/42-53; Wallnöfer 2003 Tab. 1/4, 4a, 4b + p. 6; Willner et Grabherr (2007) Table 14/9)	160
2618	Sorbo torminalis-Quercetum (dalechampii) SVOBODA ex BLAZKOVA 1962	Poo nemoralis-Quercetum petraeae J. Michalko. 1980; Festuco heterophyllae-Quercetum Neuhäusl et Neuhäuslová 1964; Poo nemoralis-Quercetum dalechampii Šomšák et Háberová 1979	natural forest	single stem cutting	T1963	91M0	Rolecek (2005) Table 1/4 (also: Chytrý et Horák 1997 p. 216 Tabl.3/1-51; Wallnöfer 2003 Tab. 1/8 + p. 8; Chytry et al. 2013 tab. 7/6 p. 338+325; Hegedusova et al. 2021 tab.1/8 p. 113)	476
2619	Aceri tartarici-Quercetum pubescenti-roboris ZÓLYOMI 1957	Quercetum pubescenti-roboris (Zólyomi 1957) Michalko et Džatko 1965	natural forest	single stem cutting	T193	91H0*	Rolecek (2005) Table 1/7 (also: Soó 1964b p. 277; Chytrý et Horák 1997 p. 206, tab. 2/1–47; Chytry et al. 2013 tab. 7/4 p. 338+316; Hegedusova et al. 2021 tab.1/5 p. 109; Donita et al. 2005 p.219)	161
2620	Quercetum dalechampii-cerris SOÓ 1963		natural forest	single stem cutting	T1963	91M0	Rolecek (2005) Table 1/5 (also: Hegedusova et al. 2021 tab.1/11 p. 114)	143
2621	Quercetum frainetto-cerris moesiacum RUDSKI apud HORVAT 1946		natural forest	single stem cutting	T1962	9280	Horvat, Glavac, Ellenberg (1974) Table 46/1-4 (also Knapp 1944c p. 34; Stupar 2014 tab. 4/1 p. 104; Stajić et al. 2021; Donita et al. 2005 p. 225)	152
2622	Aceri tartarici-Quercetum frainetto-pedunculiflorae STAJANOV 1955 em. ZÓLYOMI 1957		natural forest	single stem cutting	T196A3	9280	Horvat, Glavac, Ellenberg (1974) Table 56/5	8
2623	Genisto pilosae-Quercetum petraeae ZÓLYOMI, JAKUCS, FEKETE 1957		natural forest	single stem cutting	T1912	91M0	Willner et Grabherr (2007) Vol 1 p. 110 et Table 15/1 (also Soó 1964b p. 272; Mucina et al. 1993Teil III, S. 193; Chytrý et Horák 1997 p. 216 Tabl.3/52-65; Chytry et al. 2013 tab. 7/7 p. 338+329; Hegedusova et al. 2021 tab.1/4 p. 108; Hegedusova et al. 20	152
2624	Cephalanthero-Fagetum sylvatici tilietosum HOFMANN 1958	included in Carici-Fagetum Moor 1952	natural forest	single stem cutting	T1713	9150	Hartmann et Jahn (1967) Table VIIa/24 and Text p. 462	5
2625	Cyclamini (purpurascentis)-Fagetum sylvatici SOÓ 1962	Melittio-Fagetum noricum Soó 1962; Veratro nigri-Fagetum Zukrigl 1999	natural forest	single stem cutting	T1713	91K0	Willner (2002) Table 6/3 (also Willner et Grabherr (2007) p. 150 et Table 21a/3	132
2626	Vicio oroboidi-Fagetum sylvatici BORHIDI 1960		natural forest	single stem cutting	T1713	91K0	Soó (1964a) Table II/7a (also Willner (2002) Table 6/7)	139
2627	Helleboro nigri-Fagetum sylvatici ZUKRIGL 1973		natural forest	single stem cutting	T1713	9130	Knapp 1944b Vol. 3 Tab. 4+6+8 (also Zukrigl 1973 Tab. X/1-7 +p. 224; Willner (2002) Table 6/5; Willner et Grabherr 2007 p. 150 et Table 21a/4	246
2628	Ostryo-Fagetum sylvatici (WRABER 1966) TRINAJSTIC 1972		natural forest	single stem cutting	T1713	91K0	Willner (2002) Table 6/8 (also Willner et Grabherr (2007) p. 152 et Table 21a/6; Poldini 1972 Tab. 11 + p. 88	132
2629	Daphno laureolae-Fagetum sylvatici HORÁNZKI 1964		natural forest	single stem cutting	T1713	9130	Willner (2002) Table 6/17 (also: Pujol et al. 2023 p. 279; Fariselli et al. 2024 Tab. 49.4 p. 603)	31
2630	Carici pilosae-Fagetum sylvatici NEUHÄUSLOVÁ-NOVOTNÁ 1970	included in Galio odorati-Fagetum Sougnez et Thill 1959 nom. conserv. propos.	natural forest	single stem cutting	T1713	9130	Willner (2002) Table 6/16 (also Chytry et al. 2013 tab. 6/7 p. 237+254)	107
2631	Adenostylo glabrae-Abieti-Fagetum sylvatici MAYER 1974		natural forest	single stem cutting	T1713	9130	Willner (2002) Table 6/20 (also Knapp 1954 Tab. 1; Moor 1971 Tab. 1 p. 166; Willner et Grabherr (2007) Table 21a/13-15)	567
2632	Arunco-Fagetum sylvatici BORHIDI 1963		natural forest	single stem cutting	T1713	91K0	Willner (2002) Table 6/25	52
2633	Helleboro nigri-Abieti-Fagetum sylvatici ZUKRIGL 1973	Cardamino trifoliae-Fagetum Oberdorfer 1987; Poo stiriacae-Abieti-Fagetum Zukrigl 1973	natural forest	single stem cutting	T1713	91K0	Zukrigl 1973 Tab. X/8-59 +p. 224  (also Willner (2002) Table 6/28; Willner et Grabherr 2007 p. 159 et Table 24/4)	505
2634	Dentario pentaphylli-(Abieti-)Fagetum sylvatici MAYER et HOFMANN 1969	Lamiastro flavidi-Fagetum Marincek et al. 1993; Lamiastro flavidi-Abieti-Fagetum Zukrigl 1989	natural forest	single stem cutting	T1713	9220	Willner (2002) Table 6/30  (also Willner et Grabherr (2007) p. 162 et Table 24/7	80
2635	Omphalodo-(Abieti-)Fagetum sylvatici TREGUBOV 1957	Abieti-Fagetum dinaricum omphalodetosum vernae Tregubov 1957; Calamintho grandiflorae-Abieti-Fagetum Borhidi ex Soó 1964	natural forest	single stem cutting	T1713	91K0	Horvat, Glavac, Ellenberg (1974) Table 100/11 (also Willner (2002) Table 6/32)	57
2636	Erythronio-Carpinetum betuli HORVAT 1938		natural forest	single stem cutting	T1E16	91L0	Horvat, Glavac, Ellenberg (1974) Table 85/3	15
2637	Sorbo torminalis-Fagetum sylvatici HORVÁT 1963	Luzulo forsteri-Fagetum A. O. Horvát 1979	natural forest	single stem cutting	T17153	91K0	Kevey et Borhidi (2005) Table 1	25
2638	Castaneo-Quercetum petraea HORVÁT 1963	Luzulo forsteri-Quercetum petraea Borhidi et Kevey 1996	natural forest	single stem cutting	T1B7331	9260	Kevey et Borhidi (2005) Table 2 (also: Soó 1964b p. 261)	30
2640	Viscario-Quercetum (petraea) STÖCKER 1965	included in Luzulo-Quercetum petraeae Hilitzer 1932 nom. invers. propos.; Cytiso nigricantis-Quercetum petraeae Pauca 1941	natural forest	single stem cutting	T1B7121	9190	Hartmann et Jahn (1967) Table XII/26 (also: Chytry et al. 2013 tab. 7/10 p. 338+356; Donita et al. 2005)	121
2641	Quercetum frainetto-cerris macedonicum OBERDORFER 1948 em. HORVÁT 1959		natural forest	single stem cutting	T1962	9280	Horvat, Glavac, Ellenberg (1974) Table 46/5-7 (also Medwecka-Cornas et al. 1986 tab. 3 p.328)	49
2642	Quercetum frainetto-cerris thracicum GANCEV 1965		natural forest	single stem cutting	T1962	9280	Horvat, Glavac, Ellenberg (1974) Table 47/1-3	82
2643	Quercetum frainetto-brachyphyllae DAFIS 1966		natural forest	single stem cutting	T1962	9280	Horvat, Glavac, Ellenberg (1974) Table 46/8	83
2644	Fraxino excelsi-Populetum albae JURKO 1958		natural forest	single stem cutting	T1311	91E0*	Willner et Grabherr (2007) Vol 1 p. 118 et Table 16/9 (also Mucina et al. (1993) Teil III, S. 105; Douda et al. 2015 Tab. A-11)	253
2645	Aceri platanoides-Carpinetum betuli KLIKA 1941	Aceri-Tilietum MIKUSKA 1952	natural forest	single stem cutting	T1E165	9180*	Willner et Grabherr (2007) Table 19/1-4 (also: Mucina et al. (1993) Vol III, p. 121)	76
2646	Poo nemoralis-Tilietum cordatae FIRBAS et SIGMOND 1928	included in Aceri-Tilietum platyphylli Faber 1936 nom. conserv. propos.	natural forest	single stem cutting	T1E166	9180*	Willner et Grabherr 2007 Table 19/1-4 (also: Mucina et al. 1993 Vol III, p. 123; Onyshchenko 2009 Tab. 57; Chytry et al. 2013 tab. 6/15 p. 237+282)	330
2647	Asperulo odoratae-Carpinetum betuli WRABER 1969	included in Aceri-Tilietum platyphylli Faber 1936 nom. conserv. propos.	natural forest	single stem cutting	T1E161	91G0*	Willner et Grabherr (2007) Table 20/5-18 (also: Mucina et al. (1993) Vol III, p. 143)	669
2648	Cardamino trifoliae-Alnetum glutinosae FRANZ et al. 1990		natural forest	single stem cutting	T1511	91E0*	Franz 1991 (Mucina et al. (1993) Vol III, p. 39)	94
2649	Rhamno catharticae-Alnetum glutinosae FRANZ et al. 1990		natural forest	single stem cutting	T1512	91E0*	Franz et al. 1990 (also: Mucina et al. (1993) Vol III, p. 39)	83
2650	Helleboro nigri-Carpinetum betuli MARINCEK 1979		natural forest	single stem cutting	T1E167	91G0*	Knapp 1944b Vol. 5 Tab. 8 (also: Mucina et al. 1993 Vol III, p. 144)	12
2651	Melittio melissophylli-Fagetum sylvatici SOÓ 1962		natural forest	single stem cutting	T1713	9130	Willner et Grabherr (2007) Table 21a/3 (also: Mucina et al. (1993) Vol III, p. 153	121
2652	Poo stiriacae-Fagetum sylvaticae ZUKRIGL 1973		natural forest	single stem cutting	T1713	9130	Zukrigl 1973 Tab. IX + p. 220 (also Eggler 1953 veg.tab.D;  Mucina et al. 1993 Teil III, S. 161; Willner et Grabherr 2007 Vol 1 p. 150 et Table 21a/5)	191
2653	Aro maculati-Fagetum sylvatici ELLENBERG et KLÖTZLI 1972		natural forest	single stem cutting	T1713	9130	Ellenberg et Klötzli 1972 p.642 with Keller et al. 1998 p. 142 (also: Mucina et al. (1993) Vol III, p. 162; Schmider et Burnand 1988 p. 58)	425
2654	Taxo baccati-Fagetum sylvatici ETTER 1947	included p.p. in Carici-Fagetum Moor 1952	natural forest	single stem cutting	T1713	9150	Ellenberg et Klötzli 1972 p. 654 with Keller et al. 1998 p. 156 (also Schubert 1972b Tab, 2/3 + p. 116; Mucina et al. (1993) Teil III, S. 168; Willner et Grabherr (2007) Vol 1 p. 149 et Table 21a/2 ; Schmider et Burnand 1988 p. 79; Schubert 2001 p. 58)	263
2656	Anemono trifoliae-Fagetum sylvatici TREGUBOV 1962		natural forest	single stem cutting	T1713	9150	Willner et Grabherr (2007) Vol 1 p. 159 et Table 21a/16 (also Mucina et al. (1993) Teil III, S. 179	126
2657	Homogyno sylvestris-(Abieto-)Fagetum sylvatici (HORVÁT 1938) BORHIDI 1963		natural forest	single stem cutting	T1713	9130	Marincek et Carni 2007 Tab. 1/1-32 (also: Mucina et al. (1993) Vol III, p. 180)	32
2659	Luzulo luzuloides-Tilietum cordatae GRABHERR et MUCINA 1989		natural forest	single stem cutting	T1E166	9110	Grabherr et Mucina 1989 p. 27 (also: Mucina et al. (1993) Vol III, p.198)	3
2660	Euphorbio angulatae-Quercetum pubescentis KNAPP ex HÜBL 1959		natural forest	single stem cutting	T1932	91H0*	Hübl 1959 Tab. p. 139 rel. 1-15 (also Knapp 1944b Vol. 2 Tab. 12-14; Soó 1964b p. 269; Mucina et al. (1993) Teil III, S.204;  Wallnöfer 2003 Tab. 1/1 + p. 4; Willner et Grabherr 2007 Vol 1 p. 104 et Table 14/12; Chytry et al. 2013 tab. 7/3 p. 338+310; Heg	334
2661	Pruno mahaleb-Quercetum pubescentis typicum JAKUCS et FETEKE 1957	Lithospermo purpurocaerulei-Quercetum pubescentis Michalko 1957	natural forest	single stem cutting	T1932	91H0*	Chytry (1992) Table 1/1-30 (also Mucina et al. (1993) Vol III, p.206; Wallnöfer 2003 Tab. 1/3 + p. 5; Chytry et al. 2013 tab. 7/2 p. 338+308; Hegedusova et al. 2021 tab.1/1 p. 106; Donita et al. 2005)	299
2662	Tilio tomentosae-Quercetum dalechampii SÁRBU 1979		natural forest	single stem cutting	T1963	91Y0	Sárbu 1979 tab. 1	86
2663	Hieracio pallidi-Pinetum sylvestris STÖCKER 1965	Hieracio schmidtii-Pinetum STÖCKER 1965	natural forest	single stem cutting	T353	91T0	Chytry et al. 2013 tab. 8/5 p. 372+398 (also Schubert 1972c Tab. 2/2 + p. 202, 2001 p. 87)	57
2664	Ononido rotundifiliae-Pinetum sylvestris BRAUN-BLANQUET et al. 1946		natural forest	single stem cutting	T353	91U0	Willner et Grabherr (2007) Vol 1 p. 168 et Table 28/1 (also Mucina et al. (1993) Teil III, S. 239	11
2665	Junipero sabinae-Laricetum deciduae (WAGNER 1979) MAYER 1984		natural forest	single stem cutting	T342	9420	Mucina et al. (1993) Vol III, p. 240	4
2666	Cephalanthero-Pinetum sylvestris ELLENBERG et KLÖTZLI 1972		natural forest	single stem cutting	T361	91U0	Ellenberg et Klötzli 1972 p. 744 (also: Mucina et al. (1993) Vol III, p. 248)	30
2667	Euphorbio saxatilis-Pinetum nigrae WENDELBERGER 1963		natural forest	single stem cutting	T3654	9530*	Mucina et al. (1993) Vol III, p. 255	6
2669	Ostryo carpinifoliae-Fraxinetum orni AICHINGER 1933		natural forest	single stem cutting	T19B142	9530*	Willner et Grabherr (2007) Vol 1 p. 95 et Table 13/2 (also Knapp 1944b Vol. 2 tab. 11; Mucina et al. (1993) Teil III, S. 258; Ellenberg et Klötzli 1972 p. 694)	175
2670	Fraxino orni-Pinetum nigrae MARTIN-BOSSE 1967		natural forest	single stem cutting	T3653	9530*	Willner et Grabherr (2007) Vol 1 p. 176 et Table 30/4 (also Poldini 1982 Tab. 1 + p. 73; Mucina et al. (1993) Teil III, S. 260)	70
2671	Lycopodio annotini-Pinetum uncinatae WALLNÖFER in MUCINA et al. 1993		natural forest	unusable	T348	9430*	Mucina et al. (1993) Vol III, p. 267 (also Willner et Grabherr (2007) Teil 1 S. 211 et Table 44/10)	29
2672	Rhododendro hirsuti-Pinetum montanae (uncinatae) BRAUN-BLANQUET 1939	including Sorbo aucupariae - Pinetum uncinatae de Foucault 1988	natural forest	unusable	T348	9430*	Ellenberg et Klötzli 1972 p. 758 (also: Höpflinger 1957 Tab. 14; Besler et Bornkamm 1982 Tab. 2/1-7 + p. 143; Heiselmayer 1982 Tab. 4 + p. 166; Mucina et al. (1993) Vol III, p. 270; Schmider et Burnand 1988 p. 160; de Foucault 1988 Tab. 5 p. 392)	80
2673	Festuco eggleri-Pinetum sylvestris EGGLER 1954		natural forest	unusable	T3541	9420	Willner et Grabherr (2007) Vol 1 p. 180 et Table 28/7 (also Mucina et al. (1993) Teil III, S. 304	28
2674	Equiseto sylvatici-Piceetum abietis SMARDA 1950		natural forest	single stem cutting	T181	9410	Chytry et al. 2013 tab. 8/9 p. 372+414	14
2675	Adenostylo alliariae-Abietetum albae KUOCH 1954	Adenostylo alliariae-Piceetum ZUKRIGL 1973; Abieti-Fagetum typicum Ellenberg et Klötzli 1972	natural forest	single stem cutting	T31122	9410	Ellenberg et Klötzli 1972 p. 656 with Keller et al. 1998 p. 236 (also: Schubert 1972b Tab. 1/3 p. 111; Zukrigl 1973 Tab. III/15-19 + p. 142; Mucina et al. (1993) Vol III, p. 313; Willner et Grabherr 2007 Table 33/14; Schmider et Burnand 1988 p. 128; Soó 1	600
2676	Veronico latifoliae-Piceetum ELLENBERG et KLÖTZLI 1972		natural forest	single stem cutting	T3115	9410	Ellenberg et Klötzli 1972 p. 730 with Keller et al. 1998 p. 248 (also: Mucina et al. (1993) Vol III, p. 317; Schmider et Burnand 1988 p. 140)	84
2677	Carici albae-Piceetum MAYER et al. 1967	Carici albae-Abietetum ELLENBERG et KLÖTZLI 1972	natural forest	single stem cutting	T3122	9410	Ellenberg et Klötzli 1972 p. 724 with Keller et al. 1998 p. 240 (also: Maurer et al. 1967 Tab. 2/II-VI p. 24; Mucina et al. (1993) Vol III, p. 321; Willner et Grabherr (2007) Table 33/1)	92
2678	Equiseto sylvatici-Abietetum albae MOOR 1952		natural forest	single stem cutting	T3212	9410	Ellenberg et Klötzli 1972 p. 718 with Keller et al. 1998 p. 234 (also Mucina et al. (1993) Teil III, S.324; Willner et Grabherr (2007) Vol 1 p. 199 et Table 33/16)	117
2679	Luzulo luzuloides-Piceetum (SCHMID et GAISBERG 1936) BRAUN-BLANQUET et SISSINGH 1939		natural forest	single stem cutting	T3121	9410	Willner et Grabherr (2007) Vol 1 p. 202 et Table 39/1 (also Mucina et al. (1993) Teil III, S. 293	473
2680	Carici pendulae-Aceretum pseudoplatani (ETTER 1947) OBERDORFER 1957	Adoxo-Aceretum Passarge 1960 nom. conserv. propos.	natural forest	single stem cutting	T1F1	9180*	Willner et Grabherr (2007) Vol 1 p. 135 et Table 19/17 (also Mucina et al. (1993) Teil III, S. 110	135
2681	Calamagrostio villosae-(Abieto-)Fagetum sylvatici MIKUSKA 1972	Calamagrostio villosae-Fagetum Mikyska 1972	natural forest	single stem cutting	T181	9110	Willner et Grabherr (2007) Vol 1 p. 166 et Table 21b/4 (also: Chytry et al. 2013 tab. 6/12 p. 237+271; Schubert 2001 p. 60)	89
2682	Cardamino trifoliae-Fagetum sylvatici typicum OBERDORFER 1987	included in Galio odorati-Fagetum Sougnez et Thill 1959 nom. conserv. propos.	natural forest	single stem cutting	T173	91K0	Knapp 1944b Vol. 3 tab. 3+5 (also: Bachmann 1982 Tab. 10 + p. 152; Willner et Grabherr (2007) Vol I p. 160 et Table 25/1)	304
2683	Calamagrostio variae-Piceetum SCHWEINGRUBER 1972		natural forest	single stem cutting	T3122	9410	Willner et Grabherr (2007) Teil I S. 89 et Table 33/4-5 (also Mucina et al. (1993) Vol III, p. 319; Schmider et Burnand 1988 p. 147)	243
2684	Dentario glandulosae-Fagetum MATUSZKIEWICZ 1964 ex GUZIKOWA et KORNA 1968	Symphyto cordati-Fagetum VIDA 1959, Carici pilosae-Fagetum Oberd. 1957, Stellario holosteae-Fagetum Onyshchenko 2009	natural forest	single stem cutting	T17139	91V0	Onyshchenko 2010 Tab. 1 ScF (also:  Matuszkiewicz J.M. 1993 p.47; Fink 1977 tab. 46 p. 328)	57
2686	Lathyro alpestris-Fagetum BERGMEIER 1990		natural forest	single stem cutting	T1782	9270	Bergmeier 1990 Tab. 19/3 (also: Habeck et Reif 1994 Tab. 1 Rel. 1-36)	55
2687	Ranunculo brutii-Fagetum sylvaticae BONIN 1967	Asyneumo trichocalycinae-Fagetum GENTILE 1969	natural forest	single stem cutting	T1762	9510	Di Pietro et Frascetti 2005 Tab. 2 (also Em 1961 Tab. 2,3,8-13)	22
2688	Scillo-Fagetum isopyretosum BRAUN-BLANQUET 1952		natural forest	single stem cutting	T1724	9130	Braun-Blanquet 1952 Tab. 31	7
2689	Orthilio secundae-Fagetum (BARBERO et QUEZEL 1976) BERGMEIER 1990 		natural forest	single stem cutting	T1723	9270	Bergmeier 1990 Tab. 19/5	35
2690	Blechno spicanti-Quercetum roboris typicum TÜXEN et OBERDORFER 1958		natural forest	single stem cutting	T1B62	9190	Tüxen et Oberdorfer 1958 Tab. 76 p. 241 (also Izco et al. 1990 Tab. 2/1-22)	29
2691	Anemono apenninae-Fagetum sylvaticae (GENTILE 1970) BRULLO 1983	Anthrisco siculae-Fagetum Hofmann 1960; Aquifolio-Fagetum Gentile 1970	natural forest	single stem cutting	T1762	9380, 9220	Di Pietro et Frascetti 2005 Tab. 1/1-28 (also: Brullo et al. 2001)	38
2692	Aceri heldreichii-Fagetum moesiacae JOVANOVIC 1957		natural forest	single stem cutting	T17723	91W0	Dzwonko et al. 1999 Tab. 1/6	10
2693	Aceri obtusati-Fagetum FABIJANIC, FUKAREK et STEFANOVIC 1963		natural forest	single stem cutting	T17A223	91K0	Dzwonko et al. 1999 Tab. 1/12	27
2694	Lathyro aurei-Fagetum BORHIDI 1962		natural forest	single stem cutting	T17E	91V0	Onyshchenko 2009 Tab. 41	21
2695	Isopyro thalictroidis-Carpinetum ONYSHCHENKO 1998		natural forest	single stem cutting	T1E1C4	91Y0	Onyshchenko 2009 Tab. 47-52	120
2696	Asaro europaei-Carpinetum VOROBYOV et al. 2008	Galeobdolono lutei-Carpinetum SHEVCHYK et al. 1996	natural forest	single stem cutting	T1E162	91Y0	Onyshchenko 2009 Tab. 53-56 (also: Smaglyuk et Solomakha 2015 Tab. 1)	200
2697	Carici pilosae-Quercetum roboris BULOKHOV et SOLOMESHCH 1991		natural forest	single stem cutting	T1315	9190	Onyshchenko 2009 Tab. 58	22
2698	Stellario holosteae-Aceretum platanoidis BAJRAK 1996		natural forest	single stem cutting	T17B2	9170	Onyshchenko 2009 Tab. 59-60	44
2699	Tulipo quercetorum-Quercetum roboris ONYSHCHENKO 2009		natural forest	single stem cutting	T199122	91F0	Onyshchenko 2009 Tab. 61	13
2700	Ceratonio-Pistacietum lentisci ZOHARY et ORSHAN 1959	Oleo-Lentiscetum provincialis Br.-Bl. et Molinier 1951; Oleo-Lentiscetum aegeicum Krause, Ludwig et Seidel 1963	natural forest	single stem cutting	T242	9320	Horvat, Glavac, Ellenberg (1974) Table 3/1-3	49
2701	Erico arboreae-Arbutetum unedonis MOLINIER 1937	Erica arborea-Arbutus unedo-Ges. Krause, Ludwig, Seidel 1963	natural forest	single stem cutting	S51B3	9540	Horvat, Glavac, Ellenberg (1974) Table 3/4 (also: Brullo et al. 2009 tab. 4a; Arrigoni et Di Tommaso 1997 Tab. 8 + p. 15)	22
2702	Arbuto andrachnis-Quercetum ilicis OBERDORFER 1948	Andrachno-Quercetum ilicis Oberdorfer 1948	natural forest	single stem cutting	T2121C	9540	Horvat, Glavac, Ellenberg (1974) Table 11/1-6 (also: Bergmeier 1990 Tab. 2/3)	58
2703	Fraxino orni-Quercetum ilicis HORVATIC (1956) 1958	Orno-Quercetum ilicis Horvatic (1956) 1958	natural forest	single stem cutting	T21219	5230*	Horvat, Glavac, Ellenberg (1974) Table 11/7-11 (also: Bergmeier 1990 Tab. 2/2; Arrigoni et Di Tommaso 1997 Tab. 2+3 p. 10; Arrigoni et al. 1997 Tab. 4 + p. 78; Biondi et al. 2002 Tab. 3 + p.138)	123
2704	Pinetum brutiae STOJANOV et KITANOV (1950) in HORVÁT, GLAVAC, ELLENBERG 1974		natural forest	single stem cutting	T3A5	9540	Horvat, Glavac, Ellenberg (1974) Table 12/1-4	18
2705	Querco cocciferi-Carpinetum orientalis (OBERDORFER 1948) HORVÁT 1954		natural forest	single stem cutting	S357311	91M0	Horvat, Glavac, Ellenberg (1974) Table 29/5 (also: Fotiadi 2004 Tab. 25/8	45
2706	Carpinetum orientalis macedonicum RUDSKI aput HORVÁT 1946	Carpinetum orientalis moesiacum, Carpinetum orientalis montenegrinum	natural forest	single stem cutting	S357311	91M0	Horvat, Glavac, Ellenberg (1974) Table 29/3-4	21
2707	Quercetum trojanae EM 1958 HORVÁT 1959		natural forest	single stem cutting	T1981	9250	Horvat, Glavac, Ellenberg (1974) Table 29/2	9
2708	Querco pubescentis-Ostryetum carpinifoliae HORVÁT 1938		natural forest	single stem cutting	T19B141	91H0*	Horvat, Glavac, Ellenberg (1974) Table 29/11 (also Stupar 2014 tab. 3/3 p. 104)	27
2709	Seslerio autumnalis-Ostryetum carpinifoliae HORVÁT et HORVATIC 1950		natural forest	single stem cutting	T193751	91H0*	Horvat, Glavac, Ellenberg (1974) Table 29/9 (also Stupar 2014 tab. 3/1 p. 101; Poldini 1982 Tab. 3 + p. 76)	83
2710	Myrto communi-Pinetum halepensis KRAUSE, LUDWIG, SEIDEL 1963		natural forest	single stem cutting	T3A48	9540	Horvat, Glavac, Ellenberg (1974) Table 4	39
2711	Pulsatillo macedonicae-Pinetum nigrae EM 1960		natural forest	single stem cutting	T3671A	9530*	Horvat, Glavac, Ellenberg (1974) Table 30  (also: Em Tab. at p. 140)	24
2712	Dracunculus vulgaris-Platanus orientalis-Ass. KRAUSE, LUDWIG et SEIDEL 1963		natural forest	single stem cutting	T1491	92C0	Horvat, Glavac, Ellenberg (1974) Table 5	3
2713	Juglando-Platanetum orientalis EM et DEKOV 1961		natural forest	single stem cutting	T1491	92C0	Horvat, Glavac, Ellenberg (1974) Table 31 (also: Fotiadi 2004 tab. 8 p.35)	33
2714	Populetum albae BRAUN-BLANQUET ex TCHOU 1949		natural forest	single stem cutting	T14252	92A0	Horvat, Glavac, Ellenberg 1974 p. 174 (also Knapp 1944b Vol. 6 Tab. 10-12; Jelem 1975 Annax-Tab. rel. 37-39; Douda et al. 2015 Tab. C-20)	147
2715	Carpinetum orientalis adriaticum WRABER 1969	Carpinetum orientalis croaticum	natural forest	single stem cutting	S35721	91M0	Horvat, Glavac, Ellenberg (1974) Table 29/6-8 (also Stupar 2014 tab. 2/1 p. 94)	54
2716	Junco-Fraxinetum parvifoliae KÁPÁTI 1962		natural forest	single stem cutting	T131324	91F0	Horvat, Glavac, Ellenberg (1974) Table 40/1  (also: Karpati 1962 tab. III; Douda et al. 2015 Tab. C-23)	25
2717	Lauro-Fraxinetum angustifoliae KÁPÁTI 1962	Lauro nobilis-Fraxinetum oxycarpae I. & V. Kárpáti 1961; Lauro-Fraxinetum parvifoliae KÁPÁTI 1962	natural forest	single stem cutting	T131324	91F0	Horvat, Glavac, Ellenberg (1974) Table 40/2 (also: Karpati 1962 tab. V)	10
2718	Nerio-Platanetum orientalis KÁPÁTI 1962		natural forest	single stem cutting	T1491	92C0	Horvat, Glavac, Ellenberg (1974) Table 40/10 (also Douda et al. 2015 Tab. D-25; Karpati 1962 tab. X)	118
2719	Petasiti-Platanetum orientalis KÁPÁTI 1962		natural forest	single stem cutting	T1491	92C0	Horvat, Glavac, Ellenberg (1974) Table 40/9  (also Douda et al. 2016 Tab. 24; Douda et al. 2015 Tab. D-24; Karpati 1962 tab. IX)	45
2720	Platanetum orientalis balcanicum KÁPÁTI 1962		natural forest	single stem cutting	T1491	92C0	Horvat, Glavac, Ellenberg (1974) Table 40/8 (also: Karpati 1962 tab. VIII)	20
2721	Abietetum cephalonicae KNAPP 1965		natural forest	single stem cutting	T3331	9270?	Horvat, Glavac, Ellenberg (1974) Table 125/1-2 (also Regel 1932 p. 2)	4
2722	Castaneo-Quercetum mediterraneum WRABER 1954		natural forest	single stem cutting	T19C3	9260	Horvat, Glavac, Ellenberg (1974) Table 39/1	8
2723	Seslerio autumnalis-Fagetum moesiacae (HORVÁT 1950) WRABER 1957	Fagetum llyricum montanum Horvat 1938	natural forest	single stem cutting	T177311	91K0	Horvat, Glavac, Ellenberg (1974) Table102/2,	5
2724	Fagetum moesiacae hellenicum DAFIS 1968		natural forest	single stem cutting	T178	91W0	Horvat, Glavac, Ellenberg (1974) Table 126/2	56
2725	Carpinetum orientalis serbicum RUDSKI 1949 em. JOVANOVIC 1955		natural forest	single stem cutting	T193721	91M0	Knapp 1944c Tab. 5 p. 18 (also: Horvat, Glavac, Ellenberg (1974) Table 29/1	14
2726	Genisto lydiae-Quercetum pubescentis JAKUCS et ZÓLYOMI 1960		natural forest	single stem cutting	T193722	91G0*	Horvat, Glavac, Ellenberg (1974) Table 49/1	3
2727	Syringo-Carpinetum orientalis JAKUCS 1959		natural forest	single stem cutting	T19B223	91M0	Horvat, Glavac, Ellenberg (1974) Table 49/4	8
2728	Oryzopsi holciformi-Carpinetum orientalis JAKUCS et ZÓLYOMI 1960		natural forest	single stem cutting	T19B224	91M0	Horvat, Glavac, Ellenberg (1974) Table 49/3 (also Walentowski et al. 2015 p. 38,40,45)	12
2729	Asperulo taurinae-Carpinetum betuli (RUDSKI 1949) BORHIDI 1962	Querco-Carpinetum serbicum Rudski 1949	natural forest	single stem cutting	T1F6	9180*	Horvat, Glavac, Ellenberg (1974) Table 50/1-8 (also Soó (1964a) Table II/4b; Stajić et al. 2021)	106
2730	Castanetum sativae macedonicum NIKOLOVSKI 1951		natural forest	single stem cutting	T19C1	9260	Horvat, Glavac, Ellenberg (1974) Table 51/2-7	43
2731	Querco (pubescentis)-Tilietum tomentosum STJEPANOVIC-VESELICIC 1953		natural forest	single stem cutting	T19B413	91H0*	Horvat, Glavac, Ellenberg (1974) Table 57/1-2	26
2732	Epimedio-Carpinetum betuli (HORVÁT 1938) BORHIDI 1963		natural forest	single stem cutting	T1E1A12	91L0	Horvat, Glavac, Ellenberg (1974) Table 85/1 (also Soó (1964a) Table II/1; Willner et Grabherr (2007) Vol 1 p. 144 et Table 20/20)	85
2733	Staphyleo-Carpinetum betuli HORVÁT 1938		natural forest	single stem cutting	T1E1C13	91L0	Horvat, Glavac, Ellenberg (1974) Table 85/4 (also: Knapp 1944b Vol. 5 Tab. 9)	22
2734	Rusco aculeati-Carpinetum betuli HORVÁT 1938		natural forest	single stem cutting	T1E1C3	91L0	Horvat, Glavac, Ellenberg (1974) Table 85/2	17
2735	Leucojo-Fraxinetum parvifoliae GLAVAC 1959		natural forest	single stem cutting	T131311	91G0*	Horvat, Glavac, Ellenberg (1974) Table 87/1-2 (also Douda 2015 Tab. E-30)	40
2736	Lathyro nigrae-Quercetum petraeae HORVÁT 1958		natural forest	single stem cutting	T19641	91I0*	Horvat, Glavac, Ellenberg (1974) Table 29/12 (also Ellenberg et Klötzli 1972 p.702  with Keller et al. 1998; Stupar 2014 tab. 5/1 p. 108)	55
2737	Fraxino angustifoliae-Carpinetum betuli SOÓ et BORHIDI 1962		natural forest	single stem cutting	T1E1B1	91L0	Horvat, Glavac, Ellenberg (1974) Table 41 (also Soó (1964a) Table II/2; Jelem 1975 Annex-Tab. rel. 72-83)	59
2738	Helleboro dumetorum-Carpinetum betuli SOÓ et BORHIDI 1962		natural forest	single stem cutting	T1E1A12	91G0*	Soó (1964a) Table II/3	100
2739	Tilio argentae-Fraxinetum excelsi (HORVÁT 1961) SOÓ et BORHIDI 1962		natural forest	single stem cutting	T1F6	9180*	Soó (1964a) Table II/5; Soó 1964b p. 253+261	18
2740	Haquetio-Fagetum sylvatici KOSIR 1962		natural forest	single stem cutting	T17A11	91K0	Soó (1964a) Table II/6 (also Willner et Grabherr (2007) Table 21a/7)	52
2741	Vicio oroboidi-Fagetum moesiacae (HORVÁT 1938) PÓCS et BORHIDI 1960	Fagetum croaticum boreale Horvat 1938	natural forest	single stem cutting	T17A11	91K0	Soó (1964a) Table II/7b (also Horvat, Glavac, Ellenberg (1974) Table 100/6-7)	43
2742	Lamio orvalae-(Abieto-)Fagetum sylvatici SOÓ et BORHIDI 1960		natural forest	single stem cutting	T17A123	91K0	Soó (1964a) Table II/10a-b	33
2743	Scutellario-Aceretum pseudoplatani SOÓ et BORHIDI 1962		natural forest	single stem cutting	T1F6	9180*	Soó (1964a) Table II/15; Soó 1964b  p. 261	5
2744	Calamintho grandiflorae-Abieti-Fagetum sylvatici (HORVÁT 1938) BORHIDI 1963	Fagetum montenegrinum abietosum Blecic 1958; Fagetum croaticum australe abietosum Horvat 1938	natural forest	single stem cutting	T17A123	91K0	Soó (1964a) Table II/16a-c (also Horvat, Glavac, Ellenberg (1974) Table 100/13-17)	111
2745	Homogyno alpinae-Fagetum sylvatici (HORVÁT 1938) BORHIDI 1963		natural forest	single stem cutting	T17A11	91K0	Soó (1964a) Table II/18 (also Horvat, Glavac, Ellenberg (1974) Table 118/1-4)	56
2746	Seslerio-Pinetum nigrae WAGNER 1941		natural forest	single stem cutting	T366	9530*	Horvat, Glavac, Ellenberg (1974) Table 107/2-6 (also Em 1978 tab. at p. 140 B; Willner et Grabherr (2007) Vol 1 p. 174 et Table 28/3; Mucina et al. (1993) Teil III, S. 256)	260
2747	Erico carnae-Ostryetum HORVÁT 1951		natural forest	single stem cutting	T19B142		Horvat, Glavac, Ellenberg (1974) Table 107/12 (also Willner et Grabherr (2007) Table 13/2)	145
2748	Helleboro odoro-Fagetum moesiacum (RUDSKI 1949) SOÓ et BORHIDI 1960	Asperulo-Fagetum moesiacum Horvat, Glavac, Ellenberg 1974; Fagetum montanum serbicum Rudski 1949	natural forest	single stem cutting	T17A222	91K0	Soó (1964a) Table II/8a-b (also Horvat, Glavac, Ellenberg (1974) Table 117/1-7; Stajić et al. 2021; Donita et al. 2005 p. 190)	236
2749	Blechno-Fagetum moesiacum HORVÁT 1950	Fago-Muscetum Javonovic 1955; Fagus moesiaca-Vaccinium myrtillus-Ass. Jovan. 1948	natural forest	single stem cutting	T1861	91W0	Horvat, Glavac, Ellenberg (1974) Table 101/2,4,8-9	30
2750	Doronico columnae-(Abieti-)Fagetum moesiacum JOVANOVIC 1959		natural forest	single stem cutting	T177312	91K0	Soó (1964a) Table II/17 (also Horvat, Glavac, Ellenberg (1974) Table 117/8-12; Dzwonko et al. 1999 Tab. 3/1-39 (also: Rizovski et Dzekov 1990 Tab. 14/2-4,9,10,12; Em 1961 Tab. 1)	200
2751	Hyperico umbellato-(Piceo-)Fagetum moesiacum (JOVANOVIC 1955) BORHIDI 1963		natural forest	single stem cutting	T18633	91K0	Soó (1964a) Table II/20 (also Horvat, Glavac, Ellenberg (1974) Table 118/6)	12
2752	Lauroceraso-Fagetum moesiacum HORVÁT 1950		natural forest	single stem cutting	T18632	91V0	Horvat, Glavac, Ellenberg (1974) Table 101/10 (also Soó (1964a) Table IV/9)	16
2753	Carici humilis-Pinetum nigrae JOVANOVIC 1955	included in Sanguisorba minor-Pinus sylvestris-Ass.	natural forest	single stem cutting	T36614	9530*	Horvat, Glavac, Ellenberg (1974) Table 120 (also: Tzonev et al. 2018 p. 135)	2
2754	Rhododendro pontici-Fagetum orientalis STEFANOV 1924		natural forest	single stem cutting	T17C122	91W0	Horvat, Glavac, Ellenberg (1974) p. 536, Table 124	2
2755	Staehelino-Pinetum pallasianea GREBENSCIKOV 1956		natural forest	single stem cutting	T36715	9530*	Horvat, Glavac, Ellenberg (1974) Table 127	3
2756	Vaccinio myrtilli-Pinetum peucis EM 1960		natural forest	single stem cutting	T3922	95A0	Horvat, Glavac, Ellenberg (1974) Table 129/1, 3	22
2757	Pteridio-Pinetum peucis EM 1960		natural forest	single stem cutting	T3921	95A0	Horvat, Glavac, Ellenberg (1974) Table 129/4	9
2758	Polygalo-Pinetum heldreichii BLECIC 1959		natural forest	single stem cutting	T3915	95A0	Horvat, Glavac, Ellenberg (1974) Table 129/6	20
2759	Fago-Pinetum heldreichii JANKOVIC 1958		natural forest	single stem cutting	T3915	95A0	Horvat, Glavac, Ellenberg (1974) Table 129/7	5
2760	Verbasco nicolai-Pinetum heldreichii JANKOVIC 1958		natural forest	single stem cutting	T3915	95A0	Horvat, Glavac, Ellenberg (1974) Table 129/8	7
2761	Junipero-Pinetum heldreichii BLECIC et TATIC 1960		natural forest	single stem cutting	T3915	95A0	Horvat, Glavac, Ellenberg (1974) Table 129/9	12
2762	Arctostaphylo-Piceetum MISIC et POPOVIC 1960		natural forest	single stem cutting	T31554	9410	Horvat, Glavac, Ellenberg (1974) Table 130/4+5	11
2763	Erico-Abieti-Piceetum MISIC et POPOVIC 1960		natural forest	single stem cutting	T328	9410	Horvat, Glavac, Ellenberg (1974) Table 130/3	5
2764	Vaccinio myrtilli-Pinetum mugo HADAC 1956		natural woody shrubland	unusable	S267	9430	Chytry et al. 2013 tab. 4/14 p. 151+159 (also Willner et Grabherr 2007 tab. 44/8)	30
2765	Pinetum mugi illyricum HORVÁT 1938		natural forest	single stem cutting	S267	9540	Horvat, Glavac, Ellenberg (1974) Table 131/1-4	56
2766	Fago-Aceretum stevenii BORHIDI 1962		natural forest	single stem cutting	T177332		Onyshchenko 2009 Tab. 65	5
2767	Phyllitido-Aceretum MOOR 1952		natural forest	single stem cutting	T1F641	9140	Ellenberg et Klötzli 1972 p. 664 with Keller et al. 1998 p. 170 (also: Soó 1964b p. 253; Onyshchenko 2009 Tab. 67; Schmider et Burnand 1988 p. 96)	45
2768	Piceo-Alnetum (incanae) MRÁZ 1959		natural forest	single stem cutting	T1233	91E0	Onyshchenko 2009 Tab. 71 (also Chytry et al. 2013 tab. 5/7 p. 183+200)	41
2769	Ficario-Ulmetum minoris KNAPP 1942 em. J. MATUSZKIEWICZ 1976		natural forest	single stem cutting	T12121	91F0	Knapp 1944b Vol. 6 Tab. 13-18 (also Knapp 1944d Tab. 5+6; Hübl 1959 Tab. p. 161 rel. 5-15; Onyshchenko 2009 Tab. 72/17-23; Chytry et al. 2013 tab. 5/11 p.183+213)	152
2770	Fraxino (excelsis)-Alnetum W. MATUSZKIEWICZ 1952		natural forest	single stem cutting	T1312	91E0	Onyshchenko 2009 Tab. 73	9
2771	Fraxino pannonicae-Ulmetum SOÓ 1960	Fraxino danubialis-Ulmetum Sanda et Popescu 1999	natural forest	single stem cutting	T12133	91F0	Onyshchenko 2009 Tab. 75 (also Soó 1964b p. 244; Jelem 1975 Annax-Tab. rel. 40-71; Chytry et al. 2013 tab. 5/12 p.183+216; Coldea et Ursu 2016 Tab. S1/4a +p. 15)	113
2772	Rusco aculeati-Carpinetum orientalis BLECIC et LAKUSIC 1967 		natural forest	single stem cutting	S35721	91M0	Blecic et Lakusic 1967 rel. 32 (also Stupar et al. 2015 tab. 2/2 Text p. 95)	21
2773	Carici hallerianae-Quercetum pubescentis STUPAR et al. 2015		natural forest	single stem cutting	T193	91H0*	Stupar et al. 2015 tab. 2/3 Text p. 95	25
2774	Seslerio autumnalis-Quercetum pubescentis ZUPANCIC 1999		natural forest	single stem cutting	T193	91H0*	Stupar et al. 2015 tab. 2/5 Text p. 97	35
2775	Carpinetum orientalis illyricum STEFANOVIC 1961	Orno-Carpinetum orientalis Fabijanic et al. 1963	natural forest	single stem cutting	S35721	91M0	Stupar et al. 2015 tab. 2/4 (CrC) Text p. 96	118
2776	Asparago tenuifolii-Quercetum pubescentis LAKUSIC et REDZIC 1991		natural forest	single stem cutting	T193	91H0*	Stupar et al. 2015 tab. 2/7 Text p. 100	23
2777	Rusco aculeati-Ostryetum carpinifoliae LAKUSIC et REDZIC 1991		natural forest	natural forest	T193751	91H0*	Lakušić et Redžić 1991, Tab. 6/12 (also Stupar et al. 2015 tab. 3/2 Text p. 103	19
2778	Fraxino orni-Quercetum cerridis STEFANOVIC 1968	Orno-Quercetum cerris STEFANOVIC 1968; Quercetum cerridis hercegovinicum Fukarek 1970; Carpino orientalis-Quercetum cerridis Lakušić 1976; Lathyro nigri-Quercetum cerridis Redžić et Barudanović 2010, Lithospermo-Qeurcetum cerridis Redžić 2011	natural forest	single stem cutting	T1941	91M0	Stefanović 1968 Tab. 1/6 (also Stupar et al. 2015 tab. 4/2 Text p. 105; Stajić et al. 2021)	95
2779	Aceri obtusati-Quercetum petraeae STUPA et al. 2015		natural forest	single stem cutting	T19B34	91G0	Stupar et al. 2015 tab. 5/2 Text p.108	30
2780	Cytiso hirsuti-Quercetum petraeae (STEFANOVIC 1964) PALLAS 2003	Quercetum montanum illyricum Stefanovic 1964	natural forest	single stem cutting	T19B34	91G0	Stupar et al. 2015 tab. 5/3 Text p.109	57
2781	Seslerio autumnalis-Quercetum petraeae POLDINI (1964) 1982		natural forest	single stem cutting	T19B34	91G0	Poldini 1982 Tab. 4 + p. 77 (also: Stupar et al. 2015 tab. 5/6 Text p.115)	43
2782	Rhamno lycioidis-Quercetum cocciferae BRAUN-BLANQUET et BOLÒS 1954		natural forest	single stem cutting	S51162	6310	Rodriguez Rojo et al. 2009 Tab. 1 p. 38 (also Perez Raya et al. 2002 p. 75	43
2784	Daphno oleoidis-Pinetum RIVAS-MARTINEZ 1965		natural forest	single stem cutting	S5145	9530	Rivas-Martinez 1965 p. 379 (also: Pérez Raya et al. 2002 p. 63)	12
2785	Berberido hispanicae-Quercetum rotundifoliae RIVAS-MARTÍNEZ 1987		natural forest	single stem cutting	S5115	9340	Gomez Mercado et Valle 1990 Tab. 2 p. 242 (also Perez Raya et al. 2002 p. 68)	13
2786	Paeonio-Quercetum rotundifoliae RIVAS-MARTÍNEZ 1964		natural forest	single stem cutting	S5115	9340	Rivas-Martinez 1964 p. 396 (also Gomez Mercado et Valle 1990 Tab. 1 p. 240; Martinez et al. 1999 p.107; Perez Raya et al. 2002 p. 66)	31
2787	Rhamno lycioidis-Juniperetum phoeniceae RIVAS-MARTÍNEZ et G.LÓPEZ 1976		natural shrubland	unusable	S51321	9560	Pérez Raya et al. 2002 p. 72	8
2788	Daphno latifoliae-Aceretum granatensis RIVAS-MARTÍNEZ 1965		natural shrubland	single stem cutting	T1443	9240	Rivas-Martinez 1965 p. 389 (also: Gomez Mercado et Valle 1990 Tab. 3 p. 242)	19
2789	Teucrio baetici-Quercetum suberis DIEZ-MARTINEZ, CUENZA et ASENSI 1986		natural shrubland	single stem cutting	S5111	9330	Quinto-Canas et al. 2010 Tab. IV/C	6
2790	Rusco hypophylli-Quercetum canariensis RIVAS-MARTÍNEZ 1975		natural shrubland	single stem cutting	S91271	9240	Vila-Viçosa et al. 2015 Tab. III/C	38
2791	Osyrio quadripartitae-Juniperetum turbinatae (RIVAS-MARTÍNEZ 1975) RIVAS-MARTÍNEZ et al. 1990		natural shrubland	unusable	S5132	9560	Costa et al. 2000 Tab. VII p. 87	16
2792	Querco cocciferae-Juniperetum turbinatae (RIVAS-MARTÍNEZ 1975) RIVAS-MARTÍNEZ et al. 1990		natural shrubland	unusable	S5132	9560	Costa et al. 2000 Tab.XI p. 91 (also: Bartolo et al. 1982 tab. 32)	27
2793	Phillyreo angustifoliae-Arbutetum unedonis RIVAS GODAY et GALIANO 1959		natural shrubland	unusable	S51B1	9340	Loidi et al. 1994 Tab.1/20-47 p. 536	28
2794	Pyro bourgaeanae-Quercetum rotundifoliae RIVAS-MARTÍNEZ 1987		natural shrubland	unusable	S5112	9340	Cano et Valle 1990 Tab.1	13
2795	Pistacio terebinthi-Quercetum broteroi RIVAS GODAY 1964		natural forest	single stem cutting	S5115	9240	Belmonte 2008 Tab. 1 p. 217+193 (also Cano et al. 2004 Tab. 2 p. 58)	22
2796	Aro italici-Oleetum sylvestris RIVAS-MARTÍNEZ et CANTÒ 2002	Tamo communis-Oleetum sylvestris Benabid ex Pérez Latorre, Galán de Mera, Deil & Cabezudo 1996	natural forest	single stem cutting	S5121	9320	Rivas-Martínez 1987 in Rivas-Martínez et al, 2002 p. 39 (also: Gianguzzi et Bazan 2019 Tab. 1/17.1a,b, p. 16+18)	4
2797	Genisto hystricis-Quercetum rotundifoliae P. SILVA 1970		natural shrubland	unusable	S5112	9340	Izco et al. 1985 Tab. 4 p. 98	20
2798	Luzulo cantabricae-Betuletum pubescentis Rivas-Martínez 1965	Luzulo henriquesii-Betuletum celtibericae RIVAS-MARTÍNEZ 1964	natural forest	single stem cutting	T14B11		Rivas-Martinez 1965 p. 382 (also: Izco et a. 1986 tab. 3 p. 200; Rivas-Martinez et al. 1984 Tab. 8 p. 88; Costa et al. 1990 Annex 1)	20
2799	Carici sylvaticae-Fagetum sylvaticae (RIVAS-MARTÍNEZ 1965) NAVARRO 1982	Melico-Fagetum cantabricum RIVAS-MARTÍNEZ 1965	natural forest	single stem cutting	T1723	9130	Rivas-Martinez 1965 p. 383 (also:  Rivas-Martinez et al. 1984 Tab. 5 p. 80; Rodriguez Guitan Tab. 4/C-Ffs)	139
2801	Hippophaeto-Salicetum arenariae TÜXEN 1937	included p.p. in Polypodio-Salicetum arenariae Boerboom 1960 nom. conserv. propos.	natural forest	unusable	N1A11	2160	Tüxen (1937) p. 124	11
2802	Alno-Salicetum cinerae PASSARGE 1956	included in Salicetum pentandro-cinereae Passarge 1961; Salicetum cinereae ZOLYOMI 1931; Myrico-Salicetum cinereae R.TX. et PASS. in PASS. 1961; angulo-Salicetum cinereae OBERD. 1964	natural woody shrubland	unusable	S9212	91D0*	Passarge et Hofmann (1968) Table 38/a-c (also Hübl 1959 Tab. p. 161 rel. 25; Mucina et al. 1993 Vol III, p. 28; Oberdorfer 1992 Vol. IV, Table 248/4 and Text Vol. IV p. 29; Schubert 2001 p. 115; Willner et Grabherr (2007) Teil 1 S. 59 et Table 3/1-3; Scha	476
2803	Pyrolo-Hippophaetum WEBER 1999		natural woody shrubland	unusable	N1918	2170	Weber 1999 Tab. 1/7 and p. 24 (also Oostra (2006) Table 2.1/8)	22
2804	Salicetum auritae JONAS 1935	Frangulo-Salicetum auritae Tx. 1937; Frangulo-Salicetum cinereae Malc. 1929	natural woody shrubland	unusable	S922	91D0*	Passarge et Hofmann (1968) Table 38 d-f (also Sauer 1955 Tab. 9; Dierßen 1973b Tab. 26 + p. 59; Willner et Grabherr (2007) Vol 1 S. 60 et Table 3/4; Mucina et al. (1993) Teil III, S. 30; ; Berg et al 2001 Table 29.2.1.1 and Text S. 431; Chytry et al. 2013	280
2805	Betuletum humilis STEFFEN 1931	Betulo humilis-Salicetum repentis angustifiliae Oberdorfer 1964	natural woody shrubland	unusable	S924	91D0*	Schlatte 1965 Tab. 1 (also Willner et Grabherr (2007) Vol 1 p. 61 et Table 3/5; Mucina et al. (1993) Teil III, S. 31	14
2806	Salici incanae-Hippophaetum BRAUN-BLANQUET in VOLK 1939		natural woody shrubland	unusable	S9112	2160	Willner et Grabherr (2007) Vol 1 p. 57 et Table 2/12 (also Soó 1964b p. 234; Oberdorfer (1992) Teil IV, Table 275/6 and Text Vol. S. 93; Mucina et al. (1993) Teil III, S. 47; Donita et al. 2005 p. 272)	134
2807	Salicetum incano-purpureae SILLINGER 1933	Salicetum eleagno-purpureae Sillinger 1933 nom. mutat. propos.	natural woody shrubland	unusable	S9112	91D0*	Willner et Grabherr (2007) Vol 1 p. 56 et Table 2/8-9 (also Mucina et al. (1993) Teil III, S. 49; Chytry et al. 2013 tab. 2/2 p. 51+55; Donita et al. 2005 p. 274; Fariselli et al. 2024 Tab. 47.5A-D)	163
2808	Salici-Myricarietum germanicae MOOR 1958	Myricarietum Jeník 1955	natural woody shrubland	unusable	S9111	91D0*	Oberdorfer (1992) Vol IV, Table 241/1 and Text Vol. p. 17 (also Soó 1964b p. 234; Willner et Grabherr 2007 S. 56 u.Table 2/10-11; Mucina et al. (1993) Teil III, S.46; Chytry et al. 2013 tab. 2/4 p. 51+60; Donita et al. 2005 p. 269; Fariselli et al. 2024 T	106
2809	Cotoneastro-Amelanchieretum TÜXEN 1952		natural woody shrubland	unusable	S35123	40A0	Oberdorfer (1992) Vol IV, Table 275/1 and Text Vol. p. 85 (also Soó 1964b p. 268; Mucina et al. (1993) Teil III, S. 63; Chytry et al. 2013 tab. 3/3 p. 81+94)	101
2810	Berberido-Rosetum BRAUN-BLANQUET 1961		natural woody shrubland	unusable	S35125	40A0	Oberdorfer (1992) Vol IV, Table 275/6 and Text Vol. p. 93 (also Willner et Grabherr (2007) Teil 1 S. 67 et Table 4/6; Mucina et al. (1993) Teil III, S. 64)	35
2811	Hippophae-Berberidetum MOOR 1958	Berberido-Hippophaëtum fluviatilis Moor 1958 nom. invers. propos.	natural woody shrubland	unusable	S35124	3240	Willner et Grabherr (2007) Vol 1 p. 70 et Table 4/9 (also Mucina et al. (1993) Teil III, S. 65; Westhoff 1969 p. 242 and Schaminée et al. 2010 p. 257)	57
2812	Roso glaucae-Coryletum OBERDORFER 1957	Roso vosagiacae-Coryletum Oberd. 1957	natural woody shrubland	unusable	S3713	40A0	Oberdorfer (1992) Vol IV, Table 275/4 and Text Vol. p. 89 (also Mucina et al. (1993) Teil III, S. 66; Chytry et al. 2013 tab. 3/5 p.81+99)	137
2813	Pruno spinosae-Ligustretum vulgaris TÜXEN 1952		natural woody shrubland	unusable	S351211	40A0	Oberdorfer (1992) Vol IV, Table 275/3 and Text Vol. p. 87 (also Lohmeyer 1953 p. 67; Diekjobst 1967a Tab. 1a p. 22; Marstaller 1969 Tab. 9 + p. 250; Willner et Grabherr (2007) Teil 1 S. 68 et Table 4/8; Mucina et al. (1993) Teil III, S. 68; Pujol et al. 2	414
2814	Euonymo-Ulmetum carpinifoliae PASSARGE 1957	Ulmus minor-Ass.; Roso-Ulmetum campestris SCHUBERT et MAHN 1959	natural woody shrubland	unusable	T1E514	40A0	Passarge et Hofmann (1968) Table 40 k (also Willner et Grabherr (2007) Vol 1 p. 70 et Table 4/11; Mucina et al. (1993) Teil III, S. 69; auch Oberdorfer (1992) Teil IV, Table 283 and Text Vol. S. 97; Schubert 2001 p. 128)	90
2815	Prunetum fructicosae DZIUBALTOWSKI 1926	Crataego-Prunetum fruticosae SOO 1951, Peucedano-Prunetum fruticosae KOZLOWSKA 1928	natural woody shrubland	unusable	S35711	40A0	Oberdorfer (1992) Vol IV Table 275/9 and Text Vol. p. 98 (also Soó 1964b p. 284; Willner et Grabherr (2007) Teil 1 S. 64 et Table 4/2; Mucina et al. (1993) Teil III, S. 73; Chytry et al. 2013 tab. 3/1 p. 88+81; Schubert 2001 p. 141; Donita et al. 2005 p. 	85
2816	Prunetum tenellae SOÓ 1951		natural woody shrubland	unusable	S357122	40A0	Willner et Grabherr (2007) Vol 1 p. 64 et Table 4/1 (also Mucina et al. (1993) Teil III, S. 74; Chytry et al. 2013 tab. 3/2 p. 81+84; Donita et al. 2005 p. 109; Schneider-Binder 2015 tab.2 p. 38)	48
2817	Waldsteinio geoidis-Spiraeetum mediae MUCINA et al. 1993	Spiraeetum mediae Zólyomi (1934) 1936	natural woody shrubland	unusable	S357124	40A0	Willner et Grabherr (2007) Vol 1 p. 65 et Table 4/4 (also Mucina et al. (1993) Teil III, S. 76; Soó 1964b p. 276)	13
2818	Salicetum triandro-viminalis (TÜXEN 1931) LOHMEYER 1952	Salicetum triandrae Malcuit ex Noirfalise in Lebrun et al. 1955	natural woody shrubland	unusable	S9121	91D0*	Passarge et Hofmann (1968) Table 39 c-d (also Soó 1964b p. 236; Jelem 1975 Annex-Tab. rel. 8-17; Berg et al 2001 Table 27.1.1.1 and Text p. 413; Chytry et al. 2013 tab. 2/1 p. 48+51; Niemeyer et al. 2010 tab. 1/1 p. 20; Donita et al. 2005 p. 271)	118
2819	Euonymo-Coryletum avellanae PASSARGE et HOFMANN 1968		natural woody shrubland	unusable	S371	40A0	Passarge et Hofmann (1968) Table 40 a-b	13
2820	Euonymo-Cornetum sangiunei PASSARGE 1957		natural woody shrubland	unusable	S351		Passarge et Hofmann (1968) Table 40 c-e (also: Chytry et al. 2013 tab. 3/7 p. 81+106	32
2821	Rhamno catharticae-Betuletum pubescens KLOSS 1962	Rhamnus cathartica-Betula carpatica-Ass.	natural woody shrubland	unusable	T1C111	91D0*	Succow et Joosten (2001) Table 4-14/26 (also Böcker 1978 Tab. 17; Berg et al 2001 Table29.1.2.1 and Text p. 429)	213
2822	Crataego-Prunetum spinosae HUECK 1931	Crataego-Prunetum spinosae Hueck 1931 nom. invers. propos.	natural woody shrubland	unusable	S351211	40A0	Willner et Grabherr (2007) Vol 1 p. 71 et Table 4/12 (also Soó 1964b p. 284; Fink 1977 p. 264; in Berg et al. 2004 Text Vol. S. 452; Chytry et al. 2013 tab. 3/8 p.81+109; Schubert 2001 p. 152; Donita et al. 2005 p. 100; Oprea 2004 tab. 9 p. 73)	313
2823	Vaccinio-Juniperetum communis PASSARGE et HOFMANN 1968	Dicrano-Juniperetum communis BARKM. 1968 in WESTH. et DEN HELD 1969	natural woody shrubland	unusable	S312	5130	Passarge et Hofmann (1968) Table 43 a-b (also Schubert, Hilbig, Klotz (1995) p. 113; Westhoff 1969 p. 254 and Schaminée et al. 2010 p. 376)	41
2824	Urtico-Salicetum cinerae SOMSAK 1963		natural woody shrubland	unusable	S9212	91D0*	Passarge et Hofmann (1968) Table 39 e-f (also: Schubert 2001 p. 114)	27
2825	Molinio-Rhamnetum frangulae PASSARGE 1955		natural woody shrubland	unusable	S351	9190	Passarge et Hofmann (1968) Table 42 a-c	11
2826	Agrostio-Rhamnetum frangulae PASSARGE 1955	Frangulo-Rubetum plicati Oberdorfer 1983	natural woody shrubland	unusable	S351	9190	Passarge et Hofmann (1968) Table 42 f (also: Schubert 2001 p. 106)	32
2827	Prunetum mahaleb NEVOLE 1931 ex TH. MÜLLER 1986	Violo hirtae-Cornetum maris Hilbig et Klotz in Rauschert 1990	natural woody shrubland	unusable	S35122	40A0	Oberdorfer (1992) Vol IV, Table 275/2 and Text Vol. p. 86 (also Knapp 1969 p. 8; Chytry et al. 2013 tab. 3/4 p. 81+96; Schubert 2001 p. 149)	92
2828	Senecioni fuchsii-Sambucetum racemosae NOIRFALISE ex OBERDORFER 1957		natural woody shrubland	unusable	S3571		Chytry et al. 2013 tab. 4/3 p. 151+118 (also Soó 1964b p. 230; Willner et Grabherr 2007 tab. 8/1; Oberdorfer et Hofmann 1967 Tab. 11/73 p. 134)	34
2829	Salicetum capreae SCHREIER 1955		natural woody shrubland	unusable	S3571		Chytry et al. 2013 tab. 4/5 p. 151+123 (also: Richter 1966 Tab. p. 135; Schubert 2001 p. 127; Donita et al. 2005 p. 271; Oberdorfer et Hofmann 1967 Tab. 11/71 p.134)	37
2830	Sambucetum nigrae FIJALKOWSKI 1967		natural woody shrubland	unusable	S3571		Chytry et al. 2013 tab. 4/7 p. 151+129 (also: Fink 1977 p. 273; Schubert 2001 p. 130; Donita et al. 2005 p. 99)	129
2831	Irido-Salicetum albae PASSARGE et HOFMANN 1968		natural forest	unusable	T1111	92A0	Passarge et Hofmann 1968 Table 39a (also Schaminée et al. 2010 p. 365; Hofmann et Pommer 2013 p. 184)	111
2832	Salicetum cantabricae RIVAS-MARTÍNEZ et al. 1984		natural woody shrubland	unusable	S9125		Rivas-Martinez et al. 1984 Tab. 50 p. 172	8
2833	Avenello ibericae-Juniperetum nanae RIVAS-MARTÍNEZ, FERNANDEZ-GONZALEZ, SANCHES-MATA et SARDINERO 2002		natural shrubland	unusable	S2311	9560	Rivas-Martinez et al. 2002 Tab. 12 p. 51	10
2834	Laserpitio eliasii-Coryletum avellanae PUENTE, LOPEZ, PENAS et SALEGUI 2002		natural shrubland	unusable	S37	40A0	Rivas-Martinez et al. 2002 Tab. 15 p. 59	7
2835	Coremato albi-Juniperetum macrocarpae CRESPO, DE LA TORRE, ALCARAZ, COSTA et SOLANAS 2002		natural shrubland	unusable	S51312	9560	Rivas-Martinez 2002 Tab. 29 p. 83	5
2836	Rhamno catharticae-Ribesetum alpini L. HERRERO, M.E. GARCíA, T.E. DíAZ, PENAS et F. SALEGUI 2002		natural shrubland	unusable	S3553		Rivas-Martinez 2002 Tab. 82 p. 186	5
2837	Sambuco racemosae-Prunetum padi RIVAS-MARTíNEZ, COSTA et P. SORIANO 2002		natural shrubland	unusable	S3553		Rivas-Martinez 2002 Tab. 85 p. 197	4
2838	Suaedo braun-blanquetii-Tamaricetum canariensis RIVAS-MARTíNEZ, CANTÓ et SÁNCHEZ-MATA 2002		semi-)aquatic community	unusable	S94/S66	92D0	Rivas-Martinez 2002 Tab. 93 p. 212	6
2839	Alno incanae-Syringetum josikaeae (BORZA 1965) RABIU et al. 1984		natural shrubland	unusable	T11214	40A0	Donita et al. 2005 p.267 (also Onete et al. 2025 Tab.1 p. 866)	8
2840	Calamagrostio-Tamaricetum ramosissimae SIMON et DIHORI (1962) 1963		natural shrubland	unusable	S93141	92D0	Oprea 2004 tab. 3 p. 59  (also Donita et al. 2005 p.278)	13
2841	Juniperetum sabinae CSÜRÖS 1958		natural shrubland	unusable	S23125	9560	Donita et al. 2005 p.94 (also Exner et Willner 2004 tab.1/Js p. 34)	21
2842	Cariceto humilis-Sorbetum dacicae GERGELY 1962		natural shrubland	unusable	S2531	40A0	Donita et al. 2005 p.104	7
2843	Spireetum crenatae MORARIU et ULARU 1981		natural shrubland	unusable	S35714	40C0	Donita et al. 2005 p. 96 (also Fink 1977 p. 2004)	8
2844	Euonymo-Prunetum spinosae (HUECK 1931) TÜXEN 1952		natural shrubland	unusable	S351211	40A0	Passarge et Hofmann (1968) Table 40 f-h (also: Donita et al. 2005 p. 99)	75
2845	Paliuretum spinae-christi (BORZA 1931) DIHORU (1969) 1970		natural shrubland	unusable	S35733	40C0	Donita et al. 2005 p. 107 (also: Sanda et al. 2008 p.426)	5
2846	Calamagrostio-Salicetum cinereae SOÓ et ZÓLYOMI 1934	Salicetum cinereae Zólyomi 1934	natural shrubland	unusable	S9213		Donita et al. 2005 p. 275 (also: Oprea et Sirbu 2009 Tab. 2 + p. 75)	15
2847	Salici cinereae-Sphagnetum recurvi (ZÓLYOMI 1931) SOÓ 1954		natural shrubland	unusable	S922		Donita et al. 2005 p. 276	5
2848	Rubo ulmifolii-Crataegetum brevispinae O. BOLÓS 1962		natural woody shrubland	unusable	S356	40A0	Minissale et Spampinato 1985 tab. 9	4
2849	Euphorbietum dendroidis GUINOCHET 1944		natural woody shrubland	unusable	S51K	5330	Brullo et Marcenò 1985 tab. 19	20
2850	Chamaeropo humilis-Sarcopoterietum spinosi BARBAGALLO, BRULLO et FAGOTTO 1979		natural woody shrubland	unusable	S51J3	5330	Barbagallo et al. 1979 tab. 3	22
2851	Vaccinio-Juniperetum nanae RIVAS-MARTINEZ 1964		natural shrubland	unusable	S2311		Rivas-Martinez 1964 p. 377	7
2852	Salicetum salviifolio-purpureae RIVAS-MARTINEZ 1964	Salicetum salviejuliae (V. et P. Allorge 1949) Oberd. et Tx. 1948; Salicetum lambertiano-salviifoliae Rivas-Martínez 1964 corr.	natural shrubland	unusable	S9126		Rivas-Martinez 1964 p. 391 (also Loidi et al. 1997 Tab. 15/1-3 + p. 275)	8
2853	Rhamno (oleoidis)-Juniperetum macrocarpae RIVAS-MARTINEZ 1964		natural shrubland	unusable	N1B21		Rivas-Martinez 1964 p. 399 (also Gehu et al. 1990 Tab. 1/1 p. 308)	8
2854	Rubeto-Nerietum oleandri BOLÒS 1956	Rubo ulmifolii-Nerietum oleandri Alcaraz, Ríos et Sánchez Gómez 1987	natural shrubland	unusable	S93		Bolòs 1956 Tab. XXVII p. 236 (also 8 sources cited in Garelleti et al. 2012 p. 276)	49
2855	Vinceto-Viticetum agni-casti BOLÒS 1956	Vinco-Viticetum agnicasti O. Bolòs 1956	natural shrubland	unusable	S93		Bolòs 1956 Tab. XXVIII p. 238	4
2856	Polysticheto-Coryletum BOLÒS 1956	Polysticho-Coryletum BOLÒS 1956	natural shrubland	unusable	S37		Bolòs 1956 Tab. XXIX p. 240 (also Ninot et al. 2007 Tab. 4/14)	16
3001	Caricetum paniculatae WANGERIN 1916	Caricetum paniculatae Wangerin ex von Rochow 1951	natural moorland	Mowing twice, subsequent grazing	Q5316	7140	Oberdorfer (1998) Vol I, Table 37/3 (also Eggler 1958 Tab. 5/7-8; Pott 1980 Tab. 30 p. 132; Schmidt 8.2,Ob.307/7Ba; Soó 1964b p. 147; Böcker 1978 Tab. 7/2-4 p. 61; Pujol et al. 2023 p. 141; Chytry et al. 2011 tab. 12/9 p. 549+555; Schubert 2001 p. 327; Mo	114
3002	Allio montani-Veronicetum vernae OBERDORFER 1957 em. KORNECK 1975	Festuco-Veronicetum vernae Oberd. ex Moravec 1967	semi-natural grassland	Mowing twice, subsequent grazing	R12	8230	Korneck 1975 Tab. 15 + p. 67 (Oberdorfer (1993) Vol II, Table 83/11)	6
3003	Allio-Stipetum capillatae (KNAPP 1944) KORNECK 1974	Allio-Stipetum capillatae Korneck 1974	semi-natural grassland	Mowing twice, subsequent grazing	R1B121	6240*	Oberdorfer (1993) Vol II, Table 94/1c/2 (also Riemenschneider 1956 Tab. 1; Soó 1964b p. 200)	27
3004	Gentiano vernae-Brometum KUHN 1937	included in Brometum Scherrer 1925	semi-natural grassland	Mowing twice, subsequent grazing	R1A32	6210	Oberdorfer (1993) Vol II, Table 98/5b	14
3005	Genistello-Phleetum phleoides KORNECK 1974		semi-natural grassland	Mowing twice, subsequent grazing	R1M21	6210	Oberdorfer (1993) Vol II, Table 103/10a	20
3006	Helianthemo-Xerobrometum SCHUBERT 1974	included in Trinio-Caricetum humilis Volk in Br.-Bl. et Moor 1938	semi-natural grassland	Mowing twice, subsequent grazing	R1A426	6210	Knapp 1944a Vol. 2Tab. 2/1-5 (also: Schubert 1974b Tab. 1/5 + p. 24; Oberdorfer 1993 Vol II Table 106/14a/2; Pujol et al. 2023 p. 189)	35
3007	Leontodonto-Xerobrometum VOLK 1938		semi-natural grassland	Mowing twice, subsequent grazing	R1A426	6210	Oberdorfer (1993) Vol II, Table 107/15a	60
3008	Teucrio montani-Seslerietum variae VOLK 1937		semi-natural grassland	Mowing twice, subsequent grazing	R1A426	6210	Volk (1937) Table 3 (also Oberdorfer (1993) Vol II, Table 109/16a; Becker 1998 Tab. 8/1-36 + p. 190; Schubert 2001 p. 409)	357
3009	Caricetum firmae (KERNER 1863) BRAUN-BLANQUET 1926	Caricetum firmae Rübel 1911	semi-natural grassland	Mowing twice, subsequent grazing	R44331	6170	Zöttl 1951 p. 24 Tab. V (also: Höpflinger 1957 Tab. 10; Heiselmayer 1982 Tab. 7 p. 178+177; Haderlapp 1982 Veg.Tab. C1-2, 44-52 + p. 27; Oberdorfer (1993) Vol II, Table 111/2)	151
3010	Seslerio-Caricetum sempervirentis BEGER 1922 em. BRAUN-BLANQUET 1926	Seslerio-Caricetum sempervirentis Br.-Bl. in Br.-Bl. et Jenny 1926	semi-natural grassland	Mowing twice, subsequent grazing	R44311	6170	Frey 1921 Tab. IV/1-9 (also Höpflinger 1957 Tab. 11; Meyer et al. 1967 Tab. 2/VII + p. 28; Heiselmayer 1982 Tab. 7 p. 178+181; Haderlapp 1982 Veg.Tab. D3-7, 74-92 + p. 38; Oberdorfer (1993) Vol II, Table 111/3b: Dullinger et al. 2001)	152
3011	Caricetum ferrugineae LÜDI 1921		semi-natural grassland	Mowing twice, subsequent grazing	R4413	6170	Besler et Bornkamm 1982 Tab. 3/1-14 + p. 147 (also Heiselmayer 1982 Tab. 7 p. 178+185; Oberdorfer (1993) Vol II, Table 111/7a; Dullinger et al. 2001 p. 100)	54
3012	Trinio glaucae-Caricetum humilis VOLK in BRAUN-BLANQUET et MOOR 1938		semi-natural grassland	Mowing twice, subsequent grazing	R1A426	6210	Volk (1937) Table 2 (also Oberdorfer (1993) Vol II, Table 106/14a/3; Becker 1998 Tab. 6 + p. 180; Schubert 2001 p. 408)	145
3013	Xerobrometum erecti BRAUN-BLANQUET 1915 em. 1931	Xerobrometum Br.-Bl. 1931 nom. illegit.	semi-natural grassland	Weakly grazed	R1A426	6210	Schwarz 1941 Tab. VII/1-6 + p. 55 (also: Knapp 1944a Vol. 2 Tab. 3, 1969 Tab. 2; Oberdorfer (1993) Vol II, Table 105/13b; Soó 1964b p. 194; Pujol et al. 2023 p. 189)	94
3014	Aveno-Seslerietum argentae BRAUN-BLANQUET 1967		semi-natural grassland	Mowing twice, subsequent grazing	R1A32K		Braun-Blanquet 1967 Tab. 22	6
3015	Antennarietum hibernicae BRAUN-BLANQUET et TÜXEN 1951		semi-natural grassland	Mowing twice, subsequent grazing	R1A4	6210	Braun-Blanquet et Tüxen 1951 Tab. 39 + p. 319	10
3016	Camptothecio-Asperuletum cynanchicae BRAUN-BLANQUET et TÜXEN 1951		natural grassland	Weakly grazed	R1A4	6210	Braun-Blanquet et Tüxen 1951 Tab. 40 + p. 326	9
3017	Asperuleto-Dryadetum BRAUN-BLANQUET et TÜXEN 1951		natural grassland	Weakly grazed	R1A4	6170	Braun-Blanquet et Tüxen 1951 Tab. 42 + p. 331	6
3018	Oxytropido pyrenaicae-Elynetum myosuroides RIVAS-MARTÍNEZ et al. 1984		natural grassland	Weakly grazed	R4423	6170	Rivas-Martinez et al. 1984 Tab. 1 p. 70 (also: Gutiérrez Villarías et Homet 1985 Tab.3 p. 34; Nava Fernández 1988 Tab. 14/1-5+7-12 p. 187)	21
3019	Junco trifidi-Oreochloetum blankae RIVAS-MARTÍNEZ et al. 1984		natural grassland	Weakly grazed	R4336	6140	Rivas-Martinez et al. 1984 Tab. 2 p. 72 (also Donita et al. 2005 p. 136)	29
3020	Bromo erecti-Caricetum brevicollis RIVAS-MARTÍNEZ et al. 1984		natural grassland	Weakly grazed	R1A32K	6170	Rivas-Martinez et al. 1984 Tab. 26 p. 130	6
3021	Oreochloo confusae-Festucetum burnatii RIVAS-MARTÍNEZ et al. 1984		natural grassland	Weakly grazed	R1G1		Rivas-Martinez et al. 1984 Tab. 32 p. 141	7
3022	Anthoxantho ovati-Vulpietum geniculatae CANTO 2002		natural grassland	Weakly grazed	R31		Rivas-Martinez et al. 2002 Tab. 4 p. 34+35	7
3023	Armerio transmontanae-Plantaginetum radicatae AGUIAR 2002		natural grassland	Weakly grazed	R243		Rivas-Martinez et al. 2002 Tab. 6 p. 40	8
3024	Festuco pruinosae-Brachypodietum rupestris ARBESÚ, BUENO et F. PRIETO 2002		natural grassland	Weakly grazed	R1A32K	6210	Rivas-Martinez 2002 Tab. 44 p. 109	7
3025	Polytricho-Allietum montani KORNECK 1975		natural grassland	Weakly grazed	R1B1	8220	Korneck 1975 Tab. 8-9 + p. 56	26
3026	Scillo autumnalis-Sedetum albi KORNECK 1975		natural grassland	Weakly grazed	R1A3	8230	Korneck 1975 Tab. 17-20 + p. 71	122
3027	Agropyro-Asteretum linosyridis FERRARI 1971		natural grassland	Weakly grazed	R1A4		Ferrari 1971 Tab. p. 52 (also Zitti et al. 2013 Tab. 12 in Fariselli et al. 2024 Tab. 24.10.1B	55
3028	Arenario-Festucetum indigestae RIVAS GODAY et RIVAS-MARTINEZ 1963 		natural grassland	Weakly grazed	R1G1		Rivas-Martinez 1964 p. 374	5
3081	Pastinaco-Arrhenatheretum elatioris alopeculetosum KNAPP 1954	included in Arrhenatheretum elatioris Braun 1915	semi-natural grassland	Mowing twice, subsequent grazing	R231	6510	Passarge (1964) Table 66a (also: Eggler 1958 Tab. 1)	34
3082	Pastinaco-Arrhenatheretum elatioris typicum KNAPP 1954	included in Arrhenatheretum elatioris Braun 1915	semi-natural grassland	Mowing twice, subsequent grazing	R231	6510	Passarge (1964) Table 66c (also: Eggler 1958 Tab. 2; Chytry et al. 2007 tab. 5/1  p. 182+170)	275
3083	Heracleo-Arrhenatheretum elatioris TÜXEN (1937) 1955 em. PASSARGE 1964	included in Arrhenatheretum elatioris Braun 1915; Dauco-Arrhenatheretum elatioris heracleetosum TX.  1937	semi-natural grassland	Mowing twice, subsequent grazing	R222	6510	Passarge (1964) Table 66d (also Krisch 1967 Tab. 1C + p. 383)	70
3084	Arrhenatheretum medioeuropaeum (BRAUN-BLANQUET 1919) OBERDORFER 1952	included in Arrhenatheretum elatioris Braun 1915; Arrhenatheretum elatioris GÖRS 1966	semi-natural grassland	Mowing twice, subsequent grazing	R222	6510	Klapp (1965) Table 52I p. 159 (also Passarge (1964) Table 66e-i; Oberdorfer (1993) Vol III, Table 234/1; Soó 1964b p. 172; Westhoff 1969 p. 70 and Schaminée et al. 2010 p. 271; Ullmann 1972 p. 34 rel. 1-2; Dierschke et Vogel 1981 Tab. 1/4 + p. 150; Schube	1256
3085	Malvo moschatae-Arrhenatheretum elatioris TÜXEN et OBERDORFER 1958		semi-natural pasture	Mowing twice, subsequent grazing	R2314	6510	Tüxen et Oberdorfer 1958 Tab. 37 p. 106 (also: Allorge 1941 p.315 in Tüxen et Oberdorfer 1958 Tab. 37;  Rivas-Martinez et al. 1984 tab. 28 p. 134)	33
3110	Arrhenatheretum alopecuretosum TÜXEN  1937	included in Arrhenatheretum elatioris Braun 1915; Heracleo-Arrhenatheretum elatioris alopecuretosumTÜXEN (1937) 1955 em. PASSARGE 1964	semi-natural grassland	Mowing twice, subsequent grazing	R231	6510	Tüxen (1937) p. 104 (auch Passarge (1964)  Table 66 b; Oberdorfer (1993) Vol III, Table 1h; Soó 1964b p. 172; Krisch 1967 Tab. 1D + p. 383; Ullmann 1972 p. 34 rel. 3-5; Dierschke et Vogel 1981 Tab. 1/2,3 + p. 149; Pujol et al. 2023 p. 174)	166
3111	Arrhenatheretum brometosum OBERDORFER 1936	Ranunculo bulbosi-Arrhenatheretum elatiorisEllmauer in Mucina et al. 1993	semi-natural grassland	Mowing twice, subsequent grazing	R231	6510	Klapp (1965) Table 52II p. 159 (also Oberdorfer (1993) Vol III, Table 236/1c; Soó 1964b p. 172; Dierschke et Vogel 1981 Tab. 1/6,7 + p. 150; Chytry et al. 2007 tab. 5/2 p. 182+173)	422
3114	Arrhenatheretum salvietosum GÖRS 1966	included in Arrhenatheretum elatioris Braun 1915; Heracleo-Arrhenatheretum elatioris salvietosum TÜXEN (1937) 1955 em. PASSARGE 1964	semi-natural grassland	Mowing twice, subsequent grazing	R231	6510	Görs 1966 tab. 19/1-16 p. 523 (also Knörzer 1960 Tab. 3; Krisch 1967 Tab. 1B + p. 381; Oberdorfer (1993) Vol III, Table 236/1f)	60
3115	Alchemillo-Arrhenatheretum ranunculietosum bulbosi SOUGNEZ et LIMBOURG 1963	included in Arrhenatheretum elatioris Braun 1915	semi-natural grassland	Mowing twice, subsequent grazing	R222	6510	Philippi (n.p.) in Oberdorfer (1993) Vol III,   Table 234/2 (also Schubert 2001 p. 422)	15
3120	Caricetum elatae typicum (KERNER 1858) W. KOCH 1926		natural moorland	unusable	Q531	7230	Passarge (1964) Table 20a/c (also Oberdorfer (1998) Vol I, Table 36/1a; Tüxen (1937) p. 52; Aichinger 1960 Tab. 2 p. 154; Pietsch 1968 Tab. 5 + p. 62; Pott 1980 Tab. 27 p. 128; Bachmann 1982 Tab. 8 + p. 49; Schmidt 8.2,Ob.307/7Ba; Soó 1964b p. 144; Linhar	251
3121	Hyperico-Isolepidetum fluitantis BRAUN-BLANQUET 1967		natural moorland	unusable	Q52235		Braun-Blanquet 1967 Tab. 17 	3
3130	Caricetum gracilis TÜXEN 1937	Caricetum gracilis Almquist 1929	natural moorland	unusable	Q531	7230	Passarge (1964) Table 21g-k (also Oberdorfer (1998) Vol I, Table 40/10a; Tüxen (1937) p. 54; Soó 1964b p. 146; Linhard 1964 Tab. Va-d; Krisch 1967 Tab. IV/158-160 + p. 396; Klemm 1969 Tab. 15/1 p. 53; Pott 1980 Tab. 26/1-29 + p. 126; Pujol et al. 2023 p.1	992
3140	Polygalacto-Festucetum rubrae OBERDORFER 1957		semi-natural grassland	Mowing twice, subsequent grazing	R1M2	6520	Passarge (1964) Table 67 (auch: Klemm 1970 Tab. 20/3 + p. 3; Schubert 2001 p. 426)	21
3141	Trifolio-Festucetum rubrae OBERDORFER 1957	Poa pratensis-Trisetum flavescens-Ass.	semi-natural grassland	Mowing twice, subsequent grazing	R2315	6520	Oberdorfer (1993) Vol III, Table 237/3b (also: Eggler 1933 Tab. 22)	9
3142	Gaudinio-Festucetum pratensis lolietosum BRAUN-BLANQUET 1967		semi-natural grassland	Mowing twice, subsequent grazing	R24	6520	Braun-Blanquet 1967 Tab. 19	21
3143	Loeflingio hispanicae-Malcolmietum patulae RIVAS GODAY 1958		natural grassland	Weakly grazed	R1F		Rodriguez Rojo et al. 2009 Tab. 6 p. 46	30
3150	Caricetum vulpinae NOWINSKI 1927	Caricetum vulpinae Soó 1927	semi-natural grassland	Mowing twice, subsequent grazing	Q425	7230	Passarge (1964) Table 21a-b (also Oberdorfer (1998) Vol I, Table 40/11; Soó 1964b p. 146; Shelyag-Sosonko et al. 1987 tab. 15 p. 156; Chytry et al. 2011 tab. 12/15 p. 549+575; Schubert 2001 p. 333)	123
3170	Agrostietum coarctatae KOBENDZA 1930	Agrostietum caninae Kobendza 1930	natural grassland	extensive grazing	R1Q1	2130	Böhnert et Reichhoff 1978 Tab. 1/5.3-4 p. 108 (also: Dierßen 1973b Tab. 15a-c + p. 42; Jeckel 1974 Tab. 3 + p. 107; Hasse et al. 2002 in Fleischer et Hölzel 2012 p. 99 Tab. 1/6)	28
3171	Violo-Corynephoretum canescentis WESTHAGEN 1947	included p.p. in Corniculario aculeatae-Corynephoretum canescentis Steffen 1931 nom. invers. propos.	semi-natural grassland	Mowing twice, subsequent grazing	R1Q1	2130*	Passarge (1964) Table 79a,b	23
3172	Spergulo-Corynephoretum canescentis TÜXEN 1928	Corniculario-Corynephoretum Steffen 1931;  Spergulo-Corynephoretum Libbert 1933; Ornithopodo-Corynephoretum canescentis Passarge 1960	semi-natural grassland	Recurrent disturbance of soil surface	R1Q1	2330	Tüxen (1937) p. 55 (also Knapp 1944a Vol. 1 Tab. 1/1-5; Hohenester 1969 Tab. 1a p. 40; Passarge (1964) Table 79c-f; Rodi 1974 Tab. 1b + p. 153; Jeckel 1975 p. 103; Oberdorfer 1993 Vol II, Table 79/5a/2; Chytry et al. 2007 tab. 9/1 p. 331+325; Klemm 1970 T	485
3173	Bromo tectorum-Phleetum arenarii KORNECK 1974		semi-natural pasture	extensive grazing	R1Q1	6120*	Oberdorfer (1993) Vol II, Table 80/6a, 6b	57
3174	Sileno conicae-Cerastietum semidecandri KORNECK 1974		semi-natural grassland	unusable	R1Q1	6120*	Oberdorfer (1993) Vol II, Table 80/7a-7c	27
3175	Festuco vaginatae-Corynephoretum SOÓ 1935		natural grassland	extensive grazing	R1BA22	2330	Donita et al. 2005 p. 363 (also: Bauer 2006 tab. 4 p. 20)	10
3176	Festucetum beckeri POPESCU et SANDA (1976) 1997		natural grassland	extensive grazing	R1BB		Donita et al. 2005 p. 363	2
3177	Heliotropio curassavicae-Petunietum parviflorae DIHORU et NEGREAN 1975 emend. POPESCU et SANDA 2001	Artemisio annuae‐Heliotropietum curassavicaeDihoru et Negrean 1975	natural grassland	extensive grazing	R211		Donita et al. 2005 p. 371 (also:  Sanda et al. 2008 p.316)	4
3200	Crepido-Juncetum subnudolosi TÜXEN 1937	Juncus subnodulosus-Ass.	semi-natural grassland	Mowing twice, subsequent grazing	Q433	7230	Tüxen (1937) p. 77 (also Passarge (1964) Table 60a-b; Oberdorfer 1998 Vol I, Table 38/7; Soó 1964b p. 161; Böcker 1978 Tab. 16 p. 92; Schubert 2001 p. 361)	68
3201	Eleocharitetum pauciflorae LÜDI 1921	Eleocharitetum quinqueflorae Lüdi 1921 nom. mutat. propos.	semi-natural pasture	extensive mowing 	Q433	7230	Braun 1970 p. 118 (also: Berg et al. 2004 Text  p. 187 et Table 12.2.4.2; Chytry et al. 2011 tab. 14/6 p. 642+639; Bergmeier et Papaioannou 2008 Tab. 1/20 p. 294)	17
3261	Diantho superbi-Molinietum coeruleae PASSARGE 1955	included in Molinietum caeruleae W. Koch 1926	semi-natural grassland	Mowing twice, subsequent grazing	Q412	6410	Passarge (1964) Table 61c-i (also: Klemm 1970 Tab. 29 p. 19; Böcker 1978 Tab. 15)	116
3262	Stachyo officinalis-Molinietum coeruleae typicum W. KOCH 1926	included in Molinietum caeruleae W. Koch 1926	semi-natural grassland	Mowing twice, subsequent grazing	Q412	6410	Passarge (1964) Table 61a-b (also Soó 1964b p. 163)	20
3263	Succiso-Molinietum caeruleae KOVÀCS 1962		natural grassland	Weakly grazed	R355	6410	Kuyper et al. 1978 Tab. X + p. 267	42
3264	Allio suaveolentis-Molinietum GÖRS in OBERDORFER 1979		natural grassland	Weakly grazed	R355	6410	Burkart et al. 2004 Tab. 3/4 + p. 71 (also: Fariselli et al. 2024 Tab. 41.5 p. 501)	50
3310	Festuco psammophilae-Koelerietum glaucae KLIKA 1931		semi-natural grassland	Mowing twice, subsequent grazing	R1M2	6120*	Knapp 1944a Vol. 1 Tab. 8 (also Passarge (1964) Table 83e,f; Chytry et al. 2007 tab. 9/2 p. 331+328; Schubert 1974a + p. 209, 2001 p. 381)	71
3311	Caricetum acutiformis-ripariae SOÒ 1930	Caricetum acutiformis Eggler 1933	natural moorland	Mowing twice, subsequent grazing	Q53122	7140	Oberdorfer (1998) Vol I, Table 38/6 (also Schmidt 8.2,Ob.307/7Ba; Soó 1964b p. 145; Klemm 1969 Tab. 13 p. 50; Pujol et al. 2023 p. 142; Weisser 1970 Tab. 16 + p. 61; Chytry et al. 2011 tab. 12/10 p. 549+558; Schubert 2001 p. 335; Donita et al. 2005 p. 292	277
3370	Loto-Holcetum lanati ISSLER 1936	included in Calthion-Basalass.	semi-natural grassland	Mowing twice, subsequent grazing	R231	7230	Passarge (1964) Table 57d-i (also: Eggler 1959 Tab. 5; Klemm 1969 Tab. 19/1-7 + p. 58; Chytry et al. 2007 tab. 6/4 p. 216+226; Schubert 2001 p. 451)	377
3371	Loto-Brometum racemosae OBERDORFER 1957		semi-natural grassland	Mowing twice, subsequent grazing	R222	7230	Passarge (1964) Table 57a-c (also: Schubert 2001 p. 449)	84
3391	Violo-Molinietum PASSARGE 1955	included in Molinietum caeruleae W. Koch 1926; Junco effusi-Molinietum caeruleae Tüxen 1954	semi-natural grassland	Mowing once, subsequent grazing	R371	6410	Passarge (1964) Table 63a (also: Chytry et al. 2007 tab. 6/2 p. 216+213)	88
3392	Junco acutiflori-Molinietum coeruleae PASSARGE 1951	included in Succisa pratensis-Juncus conglomeratus-Ass.	semi-natural grassland	Mowing once, subsequent grazing	R371	6410	Passarge (1964) Table 63d-h (also Soó 1964b p. 165; Ullmann 1972 p. 20 rel. 1-7; Dragulescu 1987 Tab.1/A; Schubert 2001 p. 460; Budzhak et al_2016 Tab.1/2 p. 67)	119
3440	Phalaridetum arundinaceae LIBBERT 1931		semi-natural grassland	Mowing twice, subsequent grazing	R362	7230	Passarge (1964) Table 21c-f (also: Soó 1964b p. 139; Krisch 1967 Tab. IV/167-169 + p. 398; Klemm 1969 Tab. 16 + p. 54; Böcker 1978 Tab. 5 p. 55; Schnelle 1979 Tab. 2/5,6 + p. 149; Pott 1980 Tab. 23/14-81 + p. 106; Shelyag-Sosonko et al. 1987 tab. 14 p. 15	557
3480	Angelico-Cirsietum oleracei OBERDORFER 1967	included in Calthion-Basalass.; Angelico-Cirsietum oleracei Tx. 1937	semi-natural grassland	Mowing twice, subsequent grazing	R222	7230	Passarge (1964) Table 59a-c (also Lutz 1950 Tab. 8; Krisch 1967 Tab. IIIA + p. 389; Lienenbecker 1971 Tab. 27c + p. 129; Oberdorfer (1993) Vol III, Table 223/6a; Dierschke et Vogel 1981 Tab. 6/1 + p. 173; Chytry et al. 2007 tab. 7/1 p. 251+241; Schubert 2	536
3481	Thalictro flavi-Cirsietum oleracei PASSARGE 1955	Bistorto officinalis - Cirsietum oleracei Tüxen in Tüxen & Preising 1951 nom. inv.	semi-natural grassland	Mowing twice, subsequent grazing	R231	7230	Passarge (1964) Table 59d-g (also Böcker 1978 Tab. 10)	201
3501	Elymo-Ammophiletum arenariae festucetosum arenariae BRAUN-BLANQUET et DE LEEUW 1936		semi-natural grassland	Mowing twice, subsequent grazing	N112	2120	Tüxen (1937) p. 15 (also Passarge (1964) Table 77d; Dircksen 1968 p. 187)	32
3502	Galio veri-Festucetum ovinae HALLBERG 1971		semi-natural grassland	Mowing twice, subsequent grazing	N151	2130*	Wolfram (1996) Table 13/1-55	55
3503	Elymo-Ammophiletum arenariae typicum BRAUN-BLANQUET et DE LEEUW 1936		semi-natural pasture	extensive grazing	N112	2120	Passarge (1964) Table 77c (also Tüxen et Böckelmann 1957 Tab. 5; Westhoff 1969 p. 102 and Schaminée et al. 2010 p. 266)	40
3504	Loto cretici-Ammophiletum australis RIVAS-MARTÍNEZ 1964		natural grassland	extensive grazing	N144	2120	Rivas-Martinez 1965 p. 401 (also: Costa et al. 2000 Tab. III p. 83)	9
3505	Rubio longifoliae-Coremetum albi RIVAS-MARTÍNEZ et al. 1980		natural grassland	extensive grazing	S51JH	2250	Costa et al. 2000 Tab. VIII p. 88	13
3506	Euphorbietum acuminato-merinoi AGUIAR et PENAS 2002		natural grassland	Weakly grazed	R1F11		Rivas-Martinez 2002 Tab. 39 p. 101	8
3540	Ranunculo-Deschampsietum caespitosae SCAMONI 1955		semi-natural grassland	Mowing twice, subsequent grazing	R362	6440	Passarge (1964) Table 64a-f (also: Eggler 1933 p.119;  Glavac et Raus 1982 Tab. 13 p. 91; Schubert 2001 p. 465)	182
3541	Cnidio dubii-Deschampsietum caespitosae HUNDT 1958	Cnidio-Deschampsietum cespitosae Hundt ex Passarge 1960	semi-natural grassland	Mowing twice, subsequent grazing	R362	6440	Passarge (1964) Table 64g-h (also: Chytry et al. 2007 tab.6/6 p. 216+233; Schubert 2001 p. 463)	103
3542	Cnidio dubii-Violetum pumilae (KORNECK 1962) BALATOVA-TULACKOVA 1969		semi-natural grassland	Mowing twice, subsequent grazing	R353	6440	Mucina et al. (1993) Vol I, p. 334	5
3543	Lathyro palustris-Gratioletum BALATOVA-TULACKOVA 1966		semi-natural grassland	Mowing twice, subsequent grazing	R353	6440	Chytry et al. 2007 tab. 6/5 p. 216+229 (also: Mucina et al. (1993) Vol I, p. 333	10
3544	Potentillo-Deschampsietum mediae OBERDORFER 1957		semi-natural grassland	Mowing twice, subsequent grazing	R353	6440	Oberdorfer (1993) Vol III, Table 216/13	14
3601	Cirsio tuberosi-Molinietum arundinaceae OBERDORFER et PHILIPPI ex. GÖRS 1974	included in Molinietum caeruleae W. Koch 1926	semi-natural grassland	Mowing once, subsequent grazing	R371	6410	Oberdorfer (1993) Vol III, Table 229/18a (also Riemenschneider 1956 Tab. 2)	129
3602	Oenantho lachenalii-Molinietum caurulae PHILIPPI 1960	included in Molinietum caeruleae W. Koch 1926	semi-natural grassland	Mowing once, subsequent grazing	R371	6410	Oberdorfer (1993) Vol III, Table 220/20	41
3603	Galio borealis-Molinietum W.KOCH 1926 em PHILIPPI 1960	included in Molinietum caeruleae W. Koch 1926	semi-natural grassland	Mowing once, subsequent grazing	R371	6410	Treiber 1988/1989 tab. 7a-d, 8)	32
3604	Centaureo radiatae-Molinietum TÜXEN et OBERDORFER 1958		natural grassland	Mowing once	R351	6410	Tüxen et Oberdorfer 1958 Tab. 42 p. 136 	8
3606	Senecieto-Juncetum acutiflori BRAUN-BLANQUET et TÜXEN 1951		semi-natural grassland	Mowing twice, subsequent grazing	Q22224	7230	Braun-Blanquet et Tüxen 1951 Tab. 31 + p. 293 (also: Tüxen et Oberdorfer 1958 Tab. 41 + p. 131; Rivas-Martinez et al. 1984 tab. 30 p. 137)	21
3607	Crepido-Juncetum acutiflori (BRAUN-BLANQUET 1915) OBERDORFER 1957	included p.p. in Crepis paludosa-Juncus acutiflorus-Gesellschaft	semi-natural grassland	Mowing twice, subsequent grazing	Q22222	7230	Tüxen (1937) p. 64 (also Altehage 1960 Tab. VI; Oberdorfer (1993) Vol III, Table 226/16e; Dierschke et Vogel 1981 Tab. 6/4 + p. 175; Chytry et al. 2007 tab. 7/4 p. 251; Westhoff 1969 p. 180 and Schaminée et al. 2010 p. 223; Schubert 2001 p. 452; Fariselli	216
3608	Trollio europaei-Molinietum GUINOCHET 1955		semi-natural grassland	Mowing twice, subsequent grazing	R371	6410	Oberdorfer (1993) Vol III, Table 227/17b	41
3609	Gentiano asclepiadeae-Molinietum OBERDORFER 1957 em. OBERDORFER et al. 1967	included in Molinietum caeruleae W. Koch 1926; Allio suaveolentis-Molinietum GÖRS (in OBERD. 1979 n.n.); Selino-Molinietum coeruleae KUHN 1937	semi-natural grassland	Mowing twice, subsequent grazing	R371	6410	Oberdorfer (1993) Vol III, Table 227/17c (also: Bachmann 1982 Tab. 4 + p. 85)	120
3610	Poo-Trisetetum flavescentis KNAPP 1951	Poa pratensis-Trisetum flavescens-Ass.	semi-natural grassland	Mowing twice, subsequent grazing	R2315	6520	Tüxen 1937 p. 106 (also Knapp 1944m Tab. 3; Oberdorfer 1993 Vol III, Table 237/3a; Chytry 2007 tab. 5/3 p. 182+175; Budzhak et al. 2016 tab. 1/8 p. 67)	233
3611	Geranio sylvatici-Trisetetum flavescentis KNAPP ex OBERDORFER 1951		semi-natural grassland	Mowing twice, subsequent grazing	R233	6520	Oberdorfer (1993) Vol III, Table 234/4 (also Soó 1964b p. 175; Dierschke et Vogel 1981 Tab. 3 + p. 153; Chytry et al. 2007 tab. 5/5 p.182+189; Schubert 2001 p. 435)	317
3612	Meo-Festucetum rubrae BARTSCH 1940	Centaureo pseudophrygiae - Meetum athamantici Tüxen 1937	semi-natural grassland	Mowing twice, subsequent grazing	R233	6520	Oberdorfer (1993) Vol III, Table 238/4b/2 (also: Chytry et al. 2007 tab. 5/7 p.182+193; Schubert 2001 p. 440)	62
3613	Astrantio-Trisetetum flavescentis KNAPP 1951	 Astrantio-Trisetetum G. Knapp et R. Knapp 1952 nom. prov.; Astrantia major-Trisetum flavescens-Ass.	semi-natural grassland	Mowing twice, subsequent grazing	R233	6520	Oberdorfer (1993) Vol III, Table 234/5 (also: Lutz 1950 Tab. 7)	49
3911	Galio albae-Alopecuretum pratensis HUNDT 1958	Ranunculo-Alopecuretum pratensis KRISCH 1974; Galium album-Alopecurus pratensis-Ass.	semi-natural grassland	Mowing twice, subsequent grazing	R361	6510	Passarge (1964) Table 65a,b (also Eggler 1958 Tab. 3, 1959 Tab. 4; Soó 1964b p. 168; Schubert 2001 p. 428)	398
3912	Filipendulo ulmariae-Alopecuretum pratensis HUNDT 1958		semi-natural grassland	Mowing twice, subsequent grazing	R353	6510	Passarge (1964) Table 65d	11
3913	Trifolio pallidi–Alopecuretum pratensis CINCOVIC 1959		semi-natural grassland	Mowing twice, subsequent grazing	R344	6510	Carni et al. 2021 tab. A3/1-13 + p. 10	13
4000	Potentillo-Juncetum inflexi PASSARGE 1964		semi-natural pasture	extensive grazing	Q433		Passarge (1964) Table 51e	2
4021	Festuco capillati-Galietum veri BRAUN-BLANQUET et DE LEEUW 1936		semi-natural grassland	Mowing twice, subsequent grazing	N1512	6230*	Tüxen (1937) p. 57 (also Passarge (1964) Table 82k)	12
4040	Mentho longifoliae-Juncetum inflexi LOHMEYER 1953	Junco inflexi-Menthetum longifoliae Lohmeyer 1953	semi-natural pasture	extensive grazing	R362		Tüxen et Oberdorfer 1958 Tab. 25A (also Lohmeyer 1953 p. 73;  Passarge (1964) Table 51e; Markovic 1973 Tab. 4 + p. 203; Brullo et Marcenò 1983 tab. 63; Oberdorfer (1993) Vol  III Table 218/7a-b; Chytry et al. 2007 tab. 7/11 p. 251, 271; Schubert 2001 p. 5	204
4041	Nardetum alpigenum BRAUN-BLANQUET 1949	included in Geo montani-Nardetum strictae Lüdi 1948 nom. mutat. propos.	semi-natural pasture	extensive grazing	R4311	6150	Besler et Bornkamm 1982 Tab. 5/5-12 + p. 153 (also: Oberdorfer (1993) Vol II, Table 116/2a)	11
4042	Lycopodio alpini-Nardetum PREISING 1953	Festuco supinae-Nardetum strictae Šmarda 1950	semi-natural pasture	extensive grazing	R43161	6230*	Oberdorfer (1993) Vol II, Table 115/5 (also Preising 1953 p. 116; Chytry et al. 2007 tab. 8/1 p. 284+289; Schubert 2001 p. 473)	29
4043	Aveno-Genistetum sagittalis OBERDORFER 1957		semi-natural pasture	extensive grazing	R1M12	6230*	Oberdorfer (1993) Vol II, Table 117/7	74
4044	Homogyno alpinae-Nardetum MRAZ 1956	Nardetum montanum OBERD. 1950	semi-natural pasture	extensive grazing	R43161	6230*	Oberdorfer (1993) Vol II, Table 117/9e (also in Eggler 1954 tab. 2; Mucina et al. (1993) Teil I, p. 414; Dullinger et al. 2001 p. 102)	17
4045	Polygalo edmundii-Nardetum RIVAS-MARTÍNEZ et al. 1984		semi-natural pasture	extensive grazing	R1N3	6230*	Rivas-Martinez et al. 1984 Tab. 53 p. 178	12
4046	Plantagini majoris-Poetum supinae RIVAS-MARTÍNEZ et GEHU 1978	Poetum variae [AICHINGER 1933] WENDELBERGER 1971	semi-natural pasture	intensive grazing	R1D2		Rivas-Martinez et al. 1984 Tab. 68 p. 201 (also: Schubert 2001 p. 494)	12
4047	Artemisio valentinae-Camphorosmetum monspeliacae RIVAS-MARTÍNEZ ,CANTO et SANCHEZ-MATA2002		natural shrubland	extensive grazing	S6623		Rivas-Martinez et al. 2002 Tab. 8 p. 43	11
4048	Cirsio gregarii-Deschampsietum hispanicae RIOS et ALCARAS 2002		natural grassland	extensive grazing	R1G		Rivas-Martinez 2002 Tab. 28 p. 81	7
4049	Cirsieto (monspessulani)-Menthetum longifoliae BOLÒS et VIVES 1956		semi-natural grassland	Mowing twice, subsequent grazing	R311		Bolòs 1956 Tab. XXIII p. 220 (also: De Foucault et Catteau 2012 Tab. 9/F03-36 + p. 78)	19
4150	Carici asturicae-Callunetum vulgaris BUENO et F. PRIETO 2002		semi-natural pasture	extensive grazing	S4215	2310	Rivas-Martinez 2002 Tab. 24 p. 72	15
4151	Euphorbio cyparissiae-Callunetum vulgaris SCHUBERT 1960		semi-natural pasture	extensive grazing	S4262	2310	Schubert  (1960) Table 21/IV (also Chytry et al. 2007 tab. 8/7 p. 289+308; Schubert 2001 p. 156)	258
4201	Ranunculo repentis-Alopecuretum geniculati TÜXEN 1937	Galium album-Alopecurus pratensis-Ass.	semi-natural pasture	extensive grazing	R362		Tüxen (1937) p. 97 (also Oberdorfer 1993 Vol III, Table 216/1; Lohmeyer 1953 p. 74; Passarge 1964 Table 51a-d; Soó 1964b p. 185; Krisch 1967 Vol. 2 Tab. V/D,E + p. 53; Markovic 1973 Tab. 1 + p. 199; Gutte et Hilbig 1974 Tab. 9/1 + p. 32; Pujol et al. 2023	549
4202	Rorippo-Agrostietum stoloniferae OBERDORFER et MÜLLER 1961	Ranunculo-Alopecuretum geniculati Tx. 1937	semi-natural pasture	extensive grazing	Q61 		Oberdorfer (1993) Vol III, Table 216/3 (also Soó 1964b p. 228; Markovic 1973 Tab. 2 + p. 201; Schubert 2001 p. 499)	91
4203	Potentillo-Menthetum suaveolentis OBERDORFER 1952	Junco inflexi-Menthetum longifoliae Lohmeyer 1953	semi-natural pasture	extensive grazing	R3		Oberdorfer (1993) Vol III, Table 216/8	6
4214	Poo alpinae-Prunelletum vulgaris OBERDORFER 1950		semi-natural pasture	extensive grazing	R233	6520	Oberdorfer 1993 Vol III, Table 234/6	17
4215	Trifolio-Festucetum violaceae BRAUN-BLANQUET 1926	Trifolio-Festucetum violaceae Br.-Bl. in Br.-Bl. et Jenny 1926	semi-natural pasture	extensive grazing	R4414	6520	Oberdorfer (1993) Vol III, Table 234/7 (also: Heiselmayer 1982 Tab. 7 p. 178+183; Fariselli et al. 2024 Tab. 32.2	81
4216	Alchemillo-Cynosuretum TH. MÜLLER 1967		semi-natural pasture	extensive grazing	R2111	6510	Oberdorfer (1993) Vol III, Table 240/8b bzw. Table 234/8b (also: Glavac et Raus 1982 Tab. 20 + p. 95)	61
4217	Crepido-Cynosuretum KNAPP 1962		semi-natural pasture	extensive grazing	R2111	6510	Oberdorfer (1993) Vol  III, Table 240/8a bzw. Table 234/8a	25
4218	Elymo-Agropyretum juncei TÜXEN 1937	Elymo-Agropyretum juncei Br.-Bl. et De Leeuw 1936	semi-natural pasture	extensive grazing	MA221	2110	Tüxen (1937) S. 14/1a (also Tüxen et Böckelmann 1957 Tab. 3; Dircksen 1968 p. 186; Preising et al. (1997) p.29)	76
4219	Merendero montanae-Cynosuretum cristati TÜXEN et OBERDORFER 1958		semi-natural pasture	extensive grazing	R2111		Tüxen et Oberdorfer 1958 Tab. 36/A p. 104 (also: Conzález-Garzia et Diaz 2021 Annex 1 p.26)	16
4220	Lino angustifolii-Cynosuretum  cristati (ALLORGE 1941) TÜXEN et OBERDORFER 1958		semi-natural pasture	extensive grazing	R2111		Tüxen et Oberdorfer 1958 Tab. 38 + p. 119 	25
4221	Trifolio subterranei-Poetum bulbosae RIVAS GODAY 1964		semi-natural pasture	extensive grazing	R1D1	6220	Belmonte 2008 Tab. 35 p. 308+291 (also Sciandrello et al. 2013 tab. 4)	30
4222	Cynosuro cristati-Leontodontetum siculi BRULLO et GRILLO 1978	Cynosuro cristati-Plantaginetum cupanii Raimondo 1980	semi-natural pasture	extensive grazing	R1D1		Brullo et Grillo 1978 tab. 1	35
4223	Paspalo distichi-Polypogonetum viridis BRAUN-BLANQUET 1936		semi-natural pasture	extensive grazing	R1D1		Cambria 2019 p. 743 (also: Fariselli et al. 2024 Tab. 05.7A-B)	9
4224	Lippio nodiflorae-Panicetum repentis O. BOLÓS 1957		natural grasland	Weakly grazed	Q512		Brullo et Sciandrello 2006 tab.12	5
4225	Matthiolo pulchellae-Helichrysetum errerae BRULLO, DI MARTINO et MARCENO 1977		natural shrubland	unusable	S51J7		Brullo et al. 1977 tab. 6	16
4226	Spartino versicoloris-Juncetum maritimi O. BOLÓS 1962		natural grasland	Weakly grazed	MA2511	6420	Brullo et Di Martino 1974 tab. 10	12
4227	Centranthetum rubri OBERDORFER 1969		natural tall-herb community	unusable	U38	8130	Bartolo et Brullo 1986 tab. 2	10
4228	Arenario grandiflorae-Rumicetum scutati RAIMONDO 1980		natural tall-herb community	unusable	U38	8120	Brullo 1984 tab. 6	18
4229	Tripolietum sorrentinoi BRULLO 1985	Asteretum sorrentinii Brullo 1985	natural tall-herb community	unusable	R1F15		Brullo 1985 table 2	6
4230	Atropetum belladonnae (BRAUN-BLANQUET 1930) TÜXEN 1931		natural shrubland	unusable	R572		Diemont 1938 Tab. 28/1-13 + p.100 (also Lienebecker 1971 Tab. 17c + p. 107, Besler et Bornkamm 1982 Tab. 2/12,13 + p. 146; Schubert 2001 p. 196)	28
4231	Trifolio medii-Agrimonietum MÜLLER 1962		natural tall-herb community	unusable	R57		Lienenbecker 1971 Tab. 31 + p. 141 (also Hilbig et al. 1982 Tab. 3 + p. 226; Bergmeier 1990 Tab. 22 ba,bb + p. 136; Schubert 2001 p. 178)	88
4232	Teucrio-Melicetum KAISER (1926) VOLK 1937		natural grassland	Weakly grazed	R1B5		Volk 1937 Tab. 4 + p. 593 (also Reichhoff in Hilbig et Reichhoff 1977 Tab. 6/2 + p. 38; Schubert 1974b Tab. 1/6 + p. 23, 2001 p. 393; Zündorf 1980 Veg.tab. 14 + p. 35; Becker 1998 Tab. 1 + p. 160)	176
4233	Bupleuro-Brachypodietum  MAHN 1965		natural grassland	Weakly grazed	R1B2	6240	Mahn 1965 Tab. 26/3 + p. 93 (also Schubert 1974b Tab. 4/1 + p. 38)	95
4290	Potentillo-Festucetum arundinaceae NORDHAGEN 1940		semi-natural pasture	extensive grazing	R362	7230	Passarge (1964) Table 49e-h (also: Lohmeyer 1953 p. 74; Lienenbecker 1971 Tab. 16a + p. 103; Schubert 2001 p. 500)	38
4501	Hieracio-Empetretum nigri LIBBERT 1940	Salici repentis-Empetretum FUKAREK 1961	semi-natural pasture	extensive grazing	N18	2140*	Passarge (1964) Table 90g	7
4502	Polypodio-Empetretum nigri WESTHOFF 1946		semi-natural pasture	extensive grazing	N18	2140*	Passarge 1964 Table 90	7
4724	Nardo-Gentianetum pneumonanthis PREISING 1950		semi-natural pasture	extensive grazing	R372	6230	Preising 1950 Tab. I + p. 33 (also Pietsch 1968 Tab. 12 + p. 70)	21
4725	Anthoxantho-Agrostetum capillaris SILLINGER 1933		semi-natural pasture	extensive grazing	R1M21	6520	Shelyag-Sosonko et al. 1987 tab. 9 p. 144 (also Donita et al. 2005 p. 176; Niculescu et al. 2012 Tab.1 p. 190; Oana et al. 2012 p.105; Budzhak et al. 2016 Tab. 1/5 p. 67)	66
4726	Agrostetum stoloniferae (ÚJVÁROSI 1941) BURDUJA et al. 1956		semi-natural pasture	extensive grazing	R2231		Dragulescu 1987 Tab.1/D (also Markovic 1973 Tab. 3 + p. 201; Donita et al. 2005 p. 170; Czirjak 2010 Tab.1)	33
4727	Juncetum tenuis DIEMONT, SISSINGH et WESTHOFF 1940		semi-natural pasture	extensive grazing	R355		Lienenbecker 1971 Tab. 15d +. p. 102 (also: Gutte et Hilbig 1974 Tab. 7/8 + p. 30; E. Schröder 1989 tab. 26 p.80; Burrichter et Wittig 1974 Tab. 11 p. 17; Schubert 2001 p. 493; Donita et al. 2005 p. 170)	49
4728	Agrostio stoloniferae-Deschampsietum caespitosae UJVÁROSI 1947		semi-natural pasture	extensive grazing	R2313		Dragulescu 1987 Tab.1/C (also Shelyag-Sosonko et al. 1987 tab. 13 p. 152; Donita et al. 2005 p. 169 ; Domokos et al. 2017 tab. 1; Kricsfalusy 2013 tab. 3/PD p. 99)	37
4729	Nardo-Molinietum GERGELY 1958		semi-natural pasture	extensive grazing	R3712	6410	Dragulescu 1987 Tab.1/B (also Donita et al. 2005 p. 168; Treiber 1999 tab. 9a; Stöhr 2003 Rel. 248, 249)	33
4730	Carici-Nardetum strictae PASSARGE 1964		semi-natural pasture	extensive grazing	R1M1	6230*	Passarge (1964) Table 88e-f (also Klemm 1970 Tab. 30/2 p. 20)	5
4731	Nardo-Juncetum squarrosi (PREISING 1953) OBERDORFER 1957	 Juncetum squarrosi Nordhagen 1922 nom. conserv. propos.	semi-natural pasture	extensive grazing	R372	6230*	Preising 1953 Tab. 2 + p. 114 (also: Oberdorfer (1993) Vol II Table 119/11; Reichert 1973 Tab. VII/1-5 + p. 49; Burrichter et Wittig 1974 Tab. 10A p. 16; Pujol et al. 2023 p. 212; Chytry et al. 2007 tab. 8/6 p. 289+304; Schubert 2001 p. 477)	110
4732	Genisto-Juncetum squarrosi PASSARGE 1964		semi-natural pasture	extensive grazing	R1M1	6230*	Passarge (1964) Table 88a-c	30
4733	Genisto-Caricetum binervis BRAUN-BLANQUET 1967		natural moorland	unusable	Q2233	4030	Braun-Blanquet 1967 p. 49	2
4734	Ulici-Ericetum ciliaris BRAUN-BLANQUET 1967		natural shrubland	unusable	N1917	4020	Braun-Blanquet 1967 p. 71f	16
4735	Nardo-Caricetum binervis BRAUN-BLANQUET et TÜXEN 1950		natural grassland	Weakly grazed	R1M11	3230	Braun-Blanquet et Tüxen 1951 Tab. 50 + p. 352	9
4736	Ericeto-Caricetum binervis BRAUN-BLANQUET et TÜXEN 1950		natural grassland	Weakly grazed	N1913	3230	Braun-Blanquet et Tüxen 1951 Tab. 52 + p. 366	36
4737	Serratulo seoanei-Nardetum TÜXEN et OBERDORFER 1958		natural grassland	Weakly grazed	R1M12	6230*	Tüxen et Oberdorfer 1958 Tab. 57/A p. 178 	5
4738	Festuco microphyllae-Nardetum TÜXEN et OBERDORFER 1958		natural grassland	Weakly grazed	R1M12	6230*	Tüxen et Oberdorfer 1958 Tab. 59 p. 185 	10
4739	Campanulo herminii-Nardetum TÜXEN et OBERDORFER 1958		natural grassland	Weakly grazed	R1M12	6230*	Tüxen et Oberdorfer 1958 Tab. 60 p. 193 	9
4740	Ulici eriocladi-Ericetum andevalensis FUENTE, AMILS et RIVAS-MARTíNEZ 2002	Junco rugosi-Ericetum andevalensis ulicetosum eriocladi A.V. Pérez, Nieto & Cabezudo 1993	natural shrubland	unusable	S62	4030	Rivas-Martinez 2002 Tab. 95 p. 217	11
4741	Pteridio aquilini-Cytisetum oromediterranei GAVILÁN, CANTÓ, FERNÁNDEZ-GONZÁLEZ, RIVAS-MARTíNEZ et SÁNCHEZ-MATA 2002		natural shrubland	unusable	S3343		Rivas-Martinez 2002 Tab. 74 p. 173	11
4742	Genisto scorpii-Cistetum laurifolii PENAS, DE PAZ, M.E. GARCíA, M.J. LÓPEZ, R. ALONSO, DEL RÍO et F. SALEGUI 2002		natural shrubland	extensive grazing	S51E4	4090	Rivas-Martinez 2002 Tab. 45 p. 112	6
4743	Carici asturicae-Genistetum obtusirameae BUENO et F. PRIETO 2002		natural shrubland	extensive grazing	S4215	4090	Rivas-Martinez 2002 Tab. 25 p. 75	11
4744	Adenocarpetum argyrophylli RIVAS-MARTÍNEZ, CANTO, SANCHEZ-MATA et BELMONTE 2002		natural shrubland	extensive grazing	S3342		Rivas-Martinez et al. 2002 Tab. 1 p. 30	9
4745	Arctostaphylo crassifoliae-Genistetum occidentalis RIVAS-MARTÍNEZ et al. 1984		natural shrubland	extensive grazing	S3342	4090	Rivas-Martinez et al. 1984 Tab. 22 p. 124	10
4746	Lithodoro diffusae-Genistetum occidentalis RIVAS-MARTÍNEZ et al. 1984		natural shrubland	extensive grazing	S3342	4090	Rivas-Martinez et al. 1984 Tab. 21 p. 123	6
4747	Lithodoro diffusae-Genistetum legionensis RIVAS-MARTÍNEZ et al. 1984		natural shrubland	extensive grazing	S3342	4090	Rivas-Martinez et al. 1984 Tab. 20 	25
4748	Cytisetum scopario-oromediterranei RIVAS-MARTÍNEZ et BELMONTE 1987		natural shrubland	extensive grazing	S3343	4090	Penas Merino et al. 1988 Tab. IV p. 692	3
4749	Cytiso scoparii-Genistetum polygaliphyllae RIVAS-MARTÍNEZ et al. 1984		natural shrubland	extensive grazing	S3343	4090	Rivas-Martinez et al. 1984 Tab. 16 p. 112 (also: Penas Merino et al. 1988 Tab. I p. 691)	20
4750	Parnassio-Molinietum coeruleae typicum (LIBBERT 1928) PASSARGE 1964	included in Molinietum caeruleae W. Koch 1926	semi-natural pasture	extensive grazing	R371	6410	Tüxen (1937) p. 84 (also Passarge (1964) Table 62)	13
4751	Genistetum polygaliphyllo-obtusirameae BELLOT 1968		natural shrubland	extensive grazing	S3342	4090	Rivas-Martinez et al. 1984 Tab. 15 p. 110 (also: Penas Merino et al. 1988 Tab. II p. 692)	7
4752	Cytiso cantabrici-Genistetum obtusirameae RIVAS-MARTÍNEZ et al. 1984		natural shrubland	extensive grazing	S3343	4090	Rivas-Martinez et al. 1984 Tab. 14 p. 109 (also: Penas Merino et al. 1988 Tab. III p. 693)	17
4753	Genisto hystricis-Cytisetum multiflori RIVAS-MARTÍNEZ et al. 1984		natural shrubland	extensive grazing	S3341	4090	Rivas-Martinez et al. 1984 Tab. 13 p. 107 (also: Costa et al. 2003 Tab. III p. 58)	9
4754	Daboecio cantabricae-Ulicetum galli  (BRAUN-BLANQUET 1967) RIVAS-MARTINEZ 1979		natural shrubland	extensive grazing	S4236	4030	Rivas-Martinez 1979 Tab. 2 p. 31	11
4755	Cytiso cantabrici-Genistetum polygaliphyllae RIVAS-MARTÍNEZ et al. 1984		natural shrubland	extensive grazing	S3342	4090	Rivas-Martinez et al. 1984 Tab. 18/1-11 p. 114 (also: Loidi et al. 2014 Tab. 26 p. 98+88)	28
4756	Cytiso multiflori-Retametum sphaerocarpae RIVAS-MARTÍNEZ ex NAVARRO et al. 1987		natural shrubland	unusable	S51N1	5330	Belmonte 2008 Tab. 19	15
4757	Salvio lavandulifoliae-Genistetum mugronensis COSTA, PERIS, IZCO et MOLINA 1984		natural shrubland	extensive grazing	S61M		Esteso et al. 1991 Tab. 5/8 + p. 247 	15
4758	Armerio-Salvietum phlomoidis RIVAS GODAY et RIVAS-MARTINEZ 1968		natural shrubland	extensive grazing	S61M		Esteso et al. 1991 Tab. 5/6 + p. 247 	5
4759	Paronychio-Astragaletum tumidi RIVAS GODAY et RIVAS-MARTINEZ 1968		natural shrubland	extensive grazing	S61M		Esteso et al. 1991 Tab. 5/5 + p. 247 (also Pérez Raya et al. 2002 p. 85)	15
4760	Armerio alliaceae-Salvietum mariolensis (BOLÒS et RIGUAL 1967) SOLANAS et CRESPO 1998		semi-natural pasture	extensive grazing	S61M	4090	Solanas et Crespo 1998 tab. 1 p. 122	13
4761	Erinaceo anthyllidis-Genistetum longipedis BOLÒS et RIGUAL 1967		semi-natural pasture/natural shrubland	unusable	S61M	4090	Pérez Raya et al. 2002 p. 88 (also Solanas 1996)	8
4762	Erico scopariae-Arctostaphyletum crassifoliae MATEO et MANSANET 1983		semi-natural pasture	extensive grazing	S51C		Rodriguez Rojo et al. 2009 Tab. 5 p. 45	17
4763	Gypsophilo struthii-Ononidetum edentulae COSTA, PERIS et FIGUEROLA 1985		semi-natural pasture	extensive grazing	S51Q2		Rodriguez Rojo et al. 2009 Tab. 3 p. 41	18
4764	Saturejo-Erinacetum anthyllidis (RIVAS GODAY et BORJA 1961) IZCO et MOLINA 1989		semi-natural pasture	extensive grazing	S61M	4090	Aguilella 1985 Tab. 65	10
4765	Genisto hispanicae-Erinacetum anthyllidis RIVAS GODAY et BORJA 1961		semi-natural pasture	extensive grazing	S61M	4090	Aguilella 1985 Tab. 63	19
4766	Senecioni tournefortii-Genistetum oromediterranei (GONZALEZ ALBO 1941) TÜXEN et OBERDORFER 1958		semi-natural pasture	extensive grazing	S3336		Tüxen et Oberdorfer 1958 Tab. 73 p. 229	3
4767	Leontodonto-Vaccinietum myrtilli BARTSCH et BARTSCH 1940		semi-natural pasture	extensive grazing	S2212	4030	Schaminée 1993 Tab. 1/A6 + p. 163	64
4768	Pulsatillo alpinae-Vaccinietum CARBIENER 1966		semi-natural pasture	extensive grazing	S2212	4030	Schaminée 1993 Tab. 1/A5 + p. 163	59
4769	Vaccinietum uliginosi-myrtilli BRAUN-BLANQUET 1926	Vaccinieto-Gentianetum luteae BRAUN-BLANQUET 1939	semi-natural pasture	extensive grazing	S2212	4030	Schaminée 1993 Tab. 1/A2 + p. 160	27
4770	Pulsatilla vernalis-Genistetum QUEZEL et RIOUX 1954		semi-natural pasture	extensive grazing	S4226	4030	Schaminée 1993 Tab. 1/A1 + p. 157	41
4771	Genisto anglicae-Callunetum vulgaris SCHWICKERATH 1933 em. TÜXEN 1937	Genisto pilosae-Callunetum Braun 1915 nom. invers. propos.	semi-natural pasture	extensive grazing	S422	2150*	Passarge (1964) Table 90a-c (also Altehage 1960 Tab. IX; Westhoff 1969 p. 224 and Schaminée et al. 2010 p. 250; Dierßen 1973b Tab. 24a + p. 58)	135
4772	Genisto germanicae-Callunetum vulgaris OBERDORFER 1957 nom. inv.		semi-natural pasture	extensive grazing	S422	2310	Passarge (1964) Table 91h (also Lutz 1950 Tab. 12; Soó 1964b p. 157)	19
4773	Cladonio-Callunetum vulgaris KRIEGER 1937		semi-natural pasture	extensive grazing	S4262	4030	Krieger (1937) Table 11 (also Preising 1953 Tab. 4 + p. 116; Eggler 1954 Tab. 4; Passarge (1964) Table 91a,b; Marstaller 1969 Tab. 4 p.  243; Schubert 1973 Tab. 2/4 p. 107)	38
4774	Sphagno compacti-Trichophoretum germanici (OBERDORFER 1938) BARTSCH 1940 em. DIERSSEN 1975	Sphagno compacti-Trichophoretum germanici (Oberd. 1938) J. Bartsch et M. Bartsch 1940; Trichophoreto-Sphagnetum fusci TÜXEN 1937; Trichophoretum cespitosi subsp. germanici Jouanne 1926	semi-natural pasture	extensive grazing	S4262	4010	Tüxen 1937 p. 116 (also Oberdorfer (1998) Vol  I, Table 75/1b; Thébaud 2011 Tab. 1; Bartsch et Bartsch 1940 Tab. 17 p. 97)	35
4775	Calluno-Sarothamnetum scoparii MALCUIT 1929		semi-natural pasture	extensive grazing	S422	2150*	Passarge (1964) Table 90a-c (also Lienenbecker 1971 Tab. 30d + p. 139; Schubert 2001 p. 110; Oberdorfer et Hofmann 1967 p. 115)	14
4776	Gymnomitrio concinnati-Loiseleurietum procumbentis GRABHERR 1979		semi-natural pasture/natural shrubland	unusable	S2212	4060	Grabherr 1979 Rel. 16-22	7
4777	Ericetum carneae RÜBEL 1911		semi-natural pasture/natural shrubland	unusable	S261	4060	Aichinger 1956 p. 78-87 (also: Zöttl 1951 p. 34-36 Tab. VII; Grabherr et Mucina (1993) Vol II p. 435)	13
4778	Ericetum tetralicis JONAS 1932	Ericetum tetralicis (Allorge 1922) Jonas 1932	semi-natural grassland	unusable	S4262	4010	Tüxen (1937) p. 110 (also Jonas 1932 Tab. 2 p.6; Altehage 1960 Tab. VIII; Dierßen 1973b Tab. 22 + p. 55; Burrichter et Wittig 1974 Tab. 1/1-6 p. 9; Thébaud 2011 Tab. 1; Westhoff 1969 p. 215 and Schaminée et al. 2010 p. 172; Schubert 2001 p. 163)	134
4779	Empetro-Ericetum tetralicis (TÜXEN 1937) WESTHOFF 1947		semi-natural pasture	extensive grazing	S4262	4010	Westhoff 1969 p. 216 (also Pott (1992) p. 195)	2
4780	Violo caninae-Nardetum strictae (ISSLER 1927) OBERDORFER 1957		semi-natural pasture	extensive grazing	R1M1	6230*	Oberdorfer (1993) Vol II, Table 115/4 (also Glavac et Raus 1982 Tab. 19 + p. 97	45
4781	Polygono vivipari-Genistetum sagittalis (KUHN 1937) TH. MÜLLER	Polygono vivipari-Genistetum sagittalis (Kuhn 1937) Th. Müller in Oberdorfer et al. 1978	semi-natural pasture	extensive grazing	R1M1	6230*	Oberdorfer (1993) Vol II, Table 117/8	54
4782	Vaccinio microphylli-Callunetum vulgaris BUENO et F. PRIETO 2002		semi-natural pasture/natural shrubland	unusable	Q111134	4030	Rivas-Martinez 2002 Tab. 96 p. 219	15
4783	Rhododendro myrtifolii-Vaccinietum BORZA (1955) 1959 em. BOSCAIU 1971		semi-natural pasture/natural shrubland	unusable	S2224	4070	Fink 1977 tab. 39 p. 256 (also: Coldea et Pinzaru 1987 tab. 3/1-4 p. 114; Donita et al. 2005 p.81; Mardari et al. 2020 tab.1/2 p. 5)	128
4784	Rosmarino officinalis-Coridothymetum capitati FURNARI 1965		semi-natural pasture/natural shrubland	unusable	S612		Giusso del Galdo et al. 2008 tab. 15	6
4785	Calluno-Antennarietum dioicae TÜXEN 1937	Calluna-Antennaria-Ass. Tüxen 1937	semi-natural pasture	extensive grazing	S422		Tüxen 1937 p. 121 (also Preising 1953 Tab. 6 + p. 119)	13
4786	Erico-Genistetum pilosae  OBERDORFER et A. HOFMANN 1967		natural heath	Weakly grazed	S422		Oberdorfer et A. Hofmann 1967 Tab. 4 + p. 114 (also: Fariselli et al. 2024 Tab. 42.1 p. 523)	19
4787	Dictamnetum hispanici BOLÒS 1956		natural heath	Weakly grazed	S422		Bolòs 1956 Tab. XXV p. 229 (also: Bolòs 1973 Tab. 4/3,4 + p. 289)	6
4788	Violeto (caninae)-Callunetum BOLÒS 1956	Violo caninae-Callunetum O. Bolòs 1956	natural heath	Weakly grazed	S42413		Bolòs 1956 Tab. XXVI/1-6 + p. 231	6
4789	Cytiseto (supini)-Callunetum BOLÒS 1956		natural heath	Weakly grazed	S42413		Bolòs 1956 Tab. XXVI/7-10+ p. 231	4
4799	Centaureo (nigrae)-Cynosuretum (cristati) BRAUN-BLANQUET et TÜXEN 1951		semi-natural pasture	extensive grazing	R2112	6510	Braun-Blanquet et Tüxen 1951 Tab. 29 + p. 284	26
4800	Lolio perennis-Cynosuretum cristati typicum TÜXEN 1937	Lolio perennis-Cynosuretum cristati typicum Tx. 1937	semi-natural pasture	extensive grazing	R211	6510	Tüxen 1937 p. 101 (also Passarge (1964) Table 68e-g; Soó 1964b p. 175; Krisch 1967 Tab. IF + p. 386; Klemm 1970 Tab. 21/5,6 + p. 5; Dierßen 1973b Tab. 17b + p. 44; Tüxen 1974 Tab. 12; Fink 1977 tab. 27 p. 176; Glavac et Raus 1982 Tab. 10 + p. 85; Pujol et	202
4801	Lolio perennis-Cynosuretum cristati ranunculetosum bulbosi TÜXEN 1937	Lolio perennis-Cynosuretum cristati ranunculetosum bulbosi Tx. 1937	semi-natural pasture	extensive grazing	R211	6510	Passarge (1964) Table 68i (also Lohmeyer 1953 p. 71; Klemm 1970 Tab. 21/7,8 p. p. 5; Oberdorfer 1993 Vol III, Table 234/9; Soó 1964b p. 172)	69
4803	Festuco rubrae-Cynosuretum TÜXEN 1940		semi-natural pasture	extensive grazing	R211	6510	Passarge (1964) Table 68h (also Soó 1964b p. 175; Glavac et Raus  1982 Tab. 9 + p. 85; Shelyag-Sosonko et al. 1987 tab. 10 p. 146; Schubert 2001 p. 433)	108
4880	Potentilla reptans-Inula britannica-Gesellschaft PASSARGE 1964		semi-natural pasture	extensive grazing	R212		Passarge (1964) Table 51f-k	9
4907	Salvieto-Euphorbietum pilosae BOLÒS 1956		tall herbs under non typical native trees	unusable	V391		Bolòs 1956 Tab. XX + p. 211	13
4908	Polygono lapathifolii-Xanthietum italici PIROLA et ROSSETTI 1974		(semi-)aquatic community	unusable	Q61		Pirola et Rossetti 1974 Tab. 1+2 (also: Biondi et Baldoni 1994 in Fariselli et al. 2024 Tab. 05.4C; Biondi et al. 1997 in Fariselli et al. 2024 Tab. 05.4D; Assini 1998 in Fariselli et al. 2024 Tab. 05.4E; Biondi et al. 1999 in Fariselli et al. 2024 Tab. 0	66
4909	Chenopodio boni-henrici-Rumicetum obtusifolii OBERDORFER 1957	Rumici-Chenopodietum Oberdorfer 1957	anthropogenic rural	unusable	V372		Gutte et Hilbig 1974 Tab. 4/1 + p. 19 (also: Oberdorfer 1993 Tab. 186/3Ec; Passarge 1964 Tab.43 + p. 127)	249
4910	Polygono-Chenopodietum rubri LOHMEYER 1950		anthropogenic rural 	Mowing twice, subsequent grazing	R5511	3270	Lohmeyer 1950b p.12 (also Lohmeyer 1953 p. 73; Krisch 1967 Vol. 2 Tab. VII/272-275 + p. 64; Schubert 2001 p. 488)	67
4911	Mesembryanthemetum crystallino-nodiflori O. BOLÓS 1957		disturbed habitats	unusable	V391		Bartolo et al. 1982 tab. 26	10
4912	Hordeo leporini-Sisymbrietum orientalis OBERDORFER 1954		disturbed habitats	unusable	V391		Brullo 1983 table 4 	12
4913	Atriplici halimi-Artemisietum arborescentis BIONDI 1988		disturbed habitats	unusable	V391		Brullo et al. 1988 table 3	19
4914	Lamio-Conietum OBERDORFER 1957	Galio aparines-Conietum maculati RIVAS-MARTINEZ ex LOPEZ 1978;	disturbed habitats	unusable	V391		Oberdorfer 1957 p. 73 (also: Brullo et Marcenò 1985 table 44; Schubert 2001 p. 568)	42
4915	Silybo mariani-Urticetum piluliferae BRAUN-BLANQUET 1936		anthropogenic rural	unusable	V391		Brullo et al. 1993 table 14	6
4916	Centaureo sphaerocephalae-Ononidietum ramosissimae BRAUN-BLANQUET et FREI 1937		natural tall-herb community	unusable	N162		Bartolo et al. 1982 tab. 10	26
4917	Heliotropio supini-Heleochloetum schoenoidis RIVAS-GODAY 1956		(semi-)aquatic community	unusable	Q63		Brullo et Marceno 1974 tab. 1	29
4918	Potentillo anserinae-Agrostietum stoloniferae R. ALONSO, LENCE, PUENTE, PENAS et F. SALEGUI 2002		anthropogenic rural	intensive grazing	R36		Tüxen et Böckelmann 1957 Tab. 2; Rivas-Martinez 2002 Tab. 72 p. 170	8
4919	Glycerio declinatae-Alopecuretum aequalis RIVAS-MARTíNEZ, FERNÁNDEZ-GONZÁLEZ, SÁNCHEZ-MATA et SARDINERO 2002		(semi-)aquatic community	unusable	Q61 		Rivas-Martinez 2002 Tab. 47 p. 114	8
4920	Potentilletum anserinae RAPAICS 1927	Potentillion anserinae-Basalass.; . Lolio-Potentilletum anserinae Knapp 1946,	semi-natural pasture	extensive grazing	R212		Passarge (1964) Table 49a-d (also: Soó 1964b p. 226; Gutte et Hilbig 1974 Tab.  9/2 + p. 32; Pujol et al. 2023 p. 150; Schubert 2001 p. 503)	258
4921	Polygonetum hydropiperis PASSARGE 1965	Bidenti-Polygonetum hydropiperis Lohmeyer in Tx. 1950 nom.; Persicario hydropiperis - Bidentetum tripartitae (Koch 1926) Sissingh in Westhoff, van Dijk, Passchier & Sissingh 1946	(semi-)aquatic community	unusable	Q61		Passarge (1964) Table 24a-b (also Tüxen et Oberdorfer 1958 Tab. 3; Philippi 1980 Tab. 6 p. 89; Oberdorfer (1993) Vol III, Table 161/1a1,1a2; Soó 1964b p. 217;  Pujol et al. 2023 p. 111; Chytry et al. 2011 tab. 8/12 p. 342+368; Schubert 2001 p. 480; Donita	231
4922	Ranunculetum scelerati SISSINGH 1946 em TÜXEN 1950		semi-natural grassland	unusable	R212		Passarge (1964) Table 24d-g (also Lienenbecker 1971 Tab. 6c,d + p. 77; Philippi 1980 Tab. 5 p. 84; Oberdorfer (1993) Vol III, Table 163/3b; Pujol et al. 2023 p. 111; Chytry et al. 2011 tab. 8/7 p. 342+351; Schubert 2001 p. 482)	178
4923	Bidentetum cernuae SLAVNIC 1951		(semi-)aquatic community	unusable	Q61		Chytry et al. 2011 tab. 8/9 p. 342+359 (also Soó 1964b p. 217)	92
4924	Bidentetum radiatae ROYER 1974		(semi-)aquatic community	unusable	Q61		Chytry et al. 2011 tab. 8/11 p. 342+365	35
4925	Bidentetum tripartitae MILJAN 1933		(semi-)aquatic community	unusable	Q61		Chytry et al. 2011 tab. 8/8 p. 342+355  (also Soó 1964b p. 216; Lienendecker 1971 Tab. 6/a,b + p. 77; Belmonte 2008 Tab. 124 p. 493; Donita et al. 2005 p. 294; Vukotic et al. 2022 App.3 p. 76; Fariselli et al. 2024 Tab. 05.1)	124
4926	Poo compressae-Tussilaginetum farfarae TÜXEN 1931	Tussilaginetum farfarae Oberdorfer 1949	disturbed habitats in forests	unusable	V372		Schubert 2001 p. 563 (also: Chytry et al. 2009 tab. 6/8 p. 220+238; Soó 1964b p. 223; Oprea 2006/2007 Tab. 6 p. 107; Tabasevic et al. 2023 p. 9)	138
4927	Potentillo argenteae-Artemisietum absinthii FALINSKI 1965		disturbed habitats in forests	unusable	V372		Chytry et al. 2009 tab. 6/3 p. 220+216	29
4928	Hordeetum murini LIBBERT 1932		disturbed habitats in forests	unusable	V372		Braun-Blanquet et Tüxen 1951 Tab. 8 and p. 243 (also Westhoff 1969 p. 87; Lienenbecker 1971 Tab. 10c + p. 89; Hülbusch 1980 Tab. 7/1-5 + p. 63; Chytry et al. 2009 tab. 5/1 p. 171+164; Schaminée et al. 2010 p. 322; Schubert 2001 p. 531)	190
4929	Chenopodietum ruderale OBERDORFER 1957	Chenopodietum stricti (Oberdorfer 1957)  Passarge 1964	disturbed habitats in forests	unusable	V372		Gutte et Hilbig 1974 Tab. 1/5  + p. 7 (also: Schubert 2001 p. 540; Chytry et al. 2009 tab. 4/2 p. 138+133; Tabasevic et al. 2023 p. 10)	198
4930	Juncetum compressi BRAUN-BLANQUET ex LIBBERT 1932	Junco compressi-Trifolietum repentis Eggler 1933	semi-natural pasture	extensive grazing	R212		Passarge (1964) Table 50d-e (also Soó 1964b p. 227; Böcker 1978 Tab. 12/8-14 p. 86; Schubert 2001 p. 493; Bergmeier et Papaioannou 2008 Tab. 1/17-19 p. 294)	71
4933	Geranio sanguinei-Peucedanetum cervariae T. MÜLLER 1962		natural tall-herb community	extensive grazing	R1B2		T. Müller Tab. 1/5 + p. 110 (also Dierschke 1974 Tab. 1/8-11; Zündorf 1980 Veg.tab. 6 p. 18; Hilbig et al. 1982 Tab. 1 + p. 215; Schubert 2001 p. 174;  Chytry et al. 2007 tab. 11/12 p. 437 +463)	390
4934	Adonido-Peucedanetum cervariae PASSARGE 1979	Thalictro mini-Geranietum sanguinei KORNECK 1974	anthropogenic rural	unusable	R1B2		Berg et al. 2004 Text p. 378 Table 25.3.2.3	28
4935	Onopordetum acanthii BRAUN-BLANQUET (1923) 1936	Onopordetum acanthii Libbert 1932	anthropogenic rural 	unusable	R211		Passarge (1964) Table 40g (also Oberdorfer (1993) Vol III, Table 184/7; Soó 1964b p. 221; Gutte et Hilbig 1974 Tab. 2/3 + p. 14; Pujol et al. 2023 p. 314; Chytry et al. 2009 tab. 6/1 p. 220+211; Schubert 2001 p. 551; Donita et al. 2005 p. 370; Tabasevic e	212
4936	Corispermetum leptopterum (SISSINGH 1950) KORNECK 1974	Bromus tectorum-Corisper-mum hyssopifolium-associatie (Kruseman 1941) Sissingh et Westhoff 1946	anthropogenic rural 	Mowing twice, subsequent grazing	R211		Passarge (1964) Table 28 d-e (also Bornkamm 1977 Tab. 1/1-6; Chytry et al. 2009 tab. 5/10 p. 171+190; Westhoff 1969 p. 88 and Schaminée et al. 2010 p. 318; Schubert 2001 p. 548)	76
4937	Sisymbrio-Atriplicetum nitentis (KNAPP 1945) OBERDORFER 1957	Sisymbrio-Atriplicetum nitentis Oberd. ex Mahn et R. Schubert 1962	anthropogenic rural 	Mowing twice, subsequent grazing	R211		Passarge (1964) Table 27 e-f (also Gutte et Hilbig 1974 Tab. 1/9 + p. 10; Schubert 2001 p. 539; Chytry et al. 2009 tab. 4/3 p. 138+135)	289
4938	Bromo-Hordeetum murini LOHMEYER 1959		anthropogenic rural 	unusable	R211		Passarge (1964) Table 26 e-f (also: Pujol et al. 2023 p. 322; Soó 1964b p. 219; Gutte et Hilbig 1974 Tab. 1/11 + p. 11; Chytry et al. 2009 tab. 5/2 p. 171+168)	209
4939	Agropyro-Convolvuletum arvensis FELFÖLDY 1943		anthropogenic rural 	unusable	R211		Passarge (1964) Table 29 a-c (also Soó 1964 p. 220; Lienenbecker 1971 Tab. 10a + p. 87; Gutte et Hilbig 1974 Tab. 6/1 + p. 22; Chytry et al. 2009 tab. 7/1 p. 270+259; Schubert 2001 p. 507; Donita et al. 2005 p. 368; Tabasevic et al. 2023 p. 9; Fariselli e	377
4940	Plantagini-Lolietum perennis BEGER 1930	Lolio – Plantaginetumnajoris (Linkola 1921) Berger 1950,Sclerochloo – Polygonetum avicularis(Gams 1927) Soó 1940	anthropogenic rural	Mowing twice, subsequent grazing	R211		Passarge (1964) Table 46a-e (also: Braun-Blanquet et Tüxen 1951 Tab. 9 and p. 244; Tüxen et Oberdorfer 1958 Tab. 22 p.70; Pujol et al. 2023 p. 307; Soó 1964b p. 225; Hülbusch 1980 Tab. 3 + p. 58; Chytry et al. 2007 tab. 5/10 p. 182+203; Westhoff 1969 p. 1	884
4941	Valeriano-Filipenduletum SISSINGH 1946	included in Filipendulo-Geranietum palustris W. Koch 1926	natural tall-herb community	unusable	R5512	6430	Braun-Blanquet et Tüxen 1951 Tab. 30 + p. 291 (also Westhoff 1969 p. 182 and Schaminée et al. 2010 p. 331; Oberdorfer (1993) Vol III, Table 222/3c; Lienenbecker 1971 Tab. 26a + p. 128; Schubert 2001 p. 456)	326
4942	Scutellario hastifoliae-Veronicetum longifoliae WALTHER 1955		natural tall-herb community	unusable	R5511	6430	Passarge (1964) Table 55h (also Chytry et al. 2007 tab. 6/7 p. 216+236; Schubert 2001 p. 207)	23
4943	Xanthio riparii-Chenopodietum rubri LOHMEYER et WALTHER 1950	Chenopodietum rubri Timár 1947	anthropogenic rural 	Mowing twice, subsequent grazing	R5511	3270	Passarge (1964) Table 25a (also: Lohmeyer 1950b p. 17-19; Soó 1964b p. 217; Chytry et al. 2011 tab. 8/10 p. 342+362; Schubert 2001 p. 490)	91
4944	Veronico longifoliae-Euphorbietum palustris KORNECK 1963		natural tall-herb community	unusable	R5512	6430	Oberdorfer (1993) Vol III, Table 220/4a	23
4945	Plantagini-Polygonetum avicularis KNAPP 1945	Polygonetum avicularis Gams 1927	anthropogenic rural 	unusable	R211		Passarge (1964) Table 45 a-b (also Soó 1964b p. 226; Gutte et Hilbig 1974 Tab. 7/3 + p. 27; Chytry et al. 2009 tab. 2/1 p. 57+47; Schubert 2001 p. 522)	436
4946	Cnidio venosi-Violetum persicifoliae SEGAL 1966	Violo-Cnidietum Walther in Tx. 1955 ex Philippi 1960	natural tall-herb community	unusable	R353	6440	Oberdorfer (1993) Vol III, Table 220/21	182
4947	Urtico-Malvetum neglectae AICHINGER 1933	Hyoscyamo nigri-Malvetum neglectae Aichinger 1933	natural tall-herb community	unusable	R211		Passarge (1964) Table 26 b-d (also: Soó 1964 p. 220; Lienenbecker 1971 Tab. 10b + p. 87; Gutte at Hilbig 1974 Tab. 1/2 + p. 6; Pujol et al. 2023 p. 321; Schubert 2001 p. 535)	393
4948	Echio-Melilotetum albi TÜXEN 1942		anthropogenic rural 	unusable	R211		Passarge (1964) Table 40 c-d (also: Lienenbecker 1971 Tab. 12a + p. 95; Gutte et Hilbig 1974 Tab. 2/1 + p. 12Pujol et al. 2023 p. 314; Soó 1964b p. 221; Chytry et al. 2009 tab. 6/4 p. 220+228; Schubert 2001 p. 558)	176
4949	Tanaceto-Artemisietum vulgaris BRAUN-BLANQUET 1949	Tanaceto-Artemisietum Sissingh 1950	anthropogenic rural 	unusable	R211		Passarge (1964) Table 42 c-d (also: Lienenbecker 1971 Tab. 13a + p. 97; Gutte et Hilbig 1974 Tab. 3/1 + p. 15; Jeckel 1977Tab. 5/6-10 p. 247; Hülbusch 1980 Tab. 11 + p. 71; Pujol et al. 2023 p. 312; Soó 1964b p. 222; Chytry et al. 2009 tab. 6/10 p. 220+24	645
4950	Filipendulo ulmariae-Geranietum palustris (W. KOCH 1926) TÜXEN 1937	Filipendulo-Geranietum palustris W. Koch 1926	natural tall-herb community	unusable	R5512	6430	Tüxen (1937) p. 79 (also Eggler 1961 Tab. 2/7; Oberdorfer (1993) Vol III, Table 220/2; Soó 1964b p. 171; Ullmann 1972 p. 27 rel. 3-6; Glavac et Raus 1982 Tab. 17 + p. 95; Chytry et al. 2007 tab. 7/12 p. 251, 274; Schubert 2001 p. 455, Donita et al. 2005 p	319
4951	Soncho palustris-Archangelicetum litoralis TÜXEN 1937	Soncho-Archangelicetum litoralis Tx. 1937	natural tall-herb community	unusable	R55111	6430	Tüxen (1937) p. 78 (also Passarge (1964)  Table 44 a-b; Dierschke et Jeckel 1977 Tab. 2/8-10 p. 121; Schubert 2001 p. 205)	83
4952	Phalarido arundinacae-Petasiteum hybridi SCHWICKERATH 1933	Aegopodio — Petasitetum hybridi Tüxen 1947	natural tall-herb community	unusable	R5511	6430	Oberdorfer (1993) Vol III, Table 169/8 (also Soó 1964b p. 171; Lienenbecker 1971 Tab. 14b + p. 101; Chytry et al. 2009 tab. 8/5 p. 307+314; Schubert 2001 p. 217)	377
4953	Convolvulo-Eupatorietum cannabini (OBERDORFER et al. 1967) GÖRS 1974	Calystegio-Eupatorietum cannabini Görs 1974	natural tall-herb community	unusable	R5511	6430	Oberdorfer (1993) Vol III, Table 169/5 (also: Soó 1964b p. 229; Pujol et al. 2023 p. 156; Schubert 2001 p. 219)	55
4954	Cuscuto europaeae-Convolvuletum sepium R. TÜXEN 1947 ex LOHMEYER 1953	Cuscuto europaeae-Convolvuletum sepium Tx. 1947; Urtico-Convolvuletum sepium	natural tall-herb community	unusable	R5511	6430	Oberdorfer (1993) Vol III, Table 169/3 (also Lohmeyer 1953 p. 74; Soó 1964b p. 223; Görs et Müller 1969 Tab. A/7; Lienenbecker 1971 Tab. 14a + p. 99; Hilbig et al. 1972 Tab. 1/2 + p. 231; Chytry et al. 2009 tab. 8/1 p. 307+294; Schubert 2001 p. 201)	239
4955	Senecionetum fluviatilis (ZAHLHEIMER 1979) TH. MÜLLER 1983	Senecionetum fluviatilis Th. Müller ex Straka in Mucina 1993	natural tall-herb community	unusable	R5511	6430	Oberdorfer (1993) Vol III, Table 169/2 (also: Schubert 2001 p. 208)	52
4956	Convolvulo-Epilobietum hirsuti HILBIG, HEINRICH et NIEMANN 1972		natural tall-herb community	unusable	R5511	6430	Oberdorfer (1993) Vol III, Table 169/6 (also: Pujol et al. 2023 p. 157; Schubert 2001 p. 203)	43
4957	Convolvulo-Archangelicetum litoralis PASSARGE 1964	Soncho-Archangelicetum litoralis Tx. 1937	natural tall-herb community	unusable	R55111	6430	Passarge (1964) Table 44c-e (also: Dierschke et Jeckel 1977 Tab. 2/1-7 p. 121)	116
4958	Athyrietum alpestris SCHMID 1923	Athyrietum distentifolii Nordhagen 1928 nom. conserv. propos.	natural tall-herb community	unusable	R5611	6430	Chytry et al. 2007 tab. 3/13 p. 101+129 (also: Grabherr et Mucina (1993) Vol II p. 487)	21
4959	Centaureo montanae-Calamagrostietum arundinaceae J. et M. BARTSCH 1940	Centaureo montanae-Calamagrostietum arundinaceae J. Bartsch et M. Bartsch 1940; Sorbo-Calamagrostietum arundinaceae Oberd. 1957	natural tall-herb community	unusable	R562	6430	Carbiener 1969 Tab. 1/3 (also: Grabherr et Mucina (1993) Vol II p. 490)	28
4960	Calamagrostietum villosae SCHMID 1923		semi-natural pasture	extensive grazing	R562	6430	Schubert 2001 p. 193 (also Grabherr et Mucina (1993) Vol II p. 486)	13
4961	Cicerbitetum alpinae BOLLETER 1921	Ranunculo platanifolii-Adenostyletum alliariae (Krajina 1933) Dúbravcová et Hadač ex Kočí 201	semi-natural pasture	extensive grazing	R561	6430	Bolleter 1921 p. 86-88 (also: Grabherr et Mucina (1993) Vol II p. 471; Schubert 2001 p. 165; Chytry et al. 2007 Tab. 3/7 p. 101+116)	26
4962	Junco acutiflori - Filipenduletum ulmariae DE FOUCAULT 1981		natural tall-herb community	unusable	R5512		De Foucault 1981 Tab. 15 p. 51	24
4963	Senecioni-Epilobietum angustifolii HUECK 1931	Epilobio angustifolii-Senecionetum sylvatici (HUECK 1931) R. Tx. 1937 emend. 1950	natural tall-herb community	unusable	R571		Lutz 1950 Tab. 10 (also Soó 1964b p. 228; Westhoff 1969 p. 126 and Schaminée et al. 2010 p. 344; Lienenbecker 1971 Tab. 17a + p. 105; Schubert 2001 p. 191; Chytry et al. 2009 tab. 10/1 p. 391+383)	238
4964	Digitali purpureae-Epilobietum angustifolii SCHWICKERATH 1944		disturbed habitats in forests	unusable	R571		Chytry et al. 2009 tab. 10/2 p. 391+386 (also: Lienenbecker 1971 Tab. 17b + p. 105; Schubert 2001 p. 191)	36
4965	Calamagrostio arundinaceae-Digitalietum grandiflorae OBERDORFER 1978	Rubo idaei-Calamagrostietum arundinaceae Fajmonová 1986	disturbed habitats in forests	unusable	R571		Carbiener 1969 Tab. 1/4-5 + p. 334 (also: Fink 1977 p. 205; Oprea 2006/2007 tab. 7 p. 108; Chytry et al. 2009 tab. 10/3 p. 391+388)	36
4966	Junco effusi-Calamagrostietum villosae SYKORA 1983	Trientali europaeae-Calamagrostietum villosae Hilbig et Wagner 1990	disturbed habitats in forests	unusable	R571		Chytry et al. 2009 tab. 10/4 p. 391+395 (also: Schubert 2001 p. 193)	71
4967	Digitali-Senecionetum ovati PFEIFFER 1936	Senecionetum fuchsii Kaiser 1926	semi-natural pasture	extensive grazing	R571		Chytry et al. 2009 tab. 10/5 p. 391+397	30
4968	Pteridietum aquilinae  JOUANNE et CHOUARD 1929	Rubo-Pteridietum aquilini Hadač 1975, Holco mollis-Pteridietum aquilini Passarge 1994	disturbed habitats in forests	unusable	R571		Chytry et al. 2009 tab. 10/6 p. 391+400	12
4969	Artemisio vulgaris-Echinopsietum sphaerocephali ELIAS 1979		disturbed habitats in forests	unusable	V372		Chytry et al. 2009 tab. 6/11 p. 220+248	65
4970	Rudbeckio-Solidaginetum R. TÜXEN et RAABE 1950		disturbed habitats in forests	unusable	V372		Schubert 2001 p. 571 (also: Chytry et al. 2009 tab. 6/12 p. 220+251; Soó 1964b p. 223)	148
4971	Urtico urentis-Chenopodietum boni-henrici TÜXEN 1937	-Chenopodietum boni-henrici TÜXEN 1931 em. Lohmeier 1950	disturbed habitats in forests	unusable	V372		Gutte et Hilbig 1974 Tab. 3/2 + p. 16 (also: Schubert 2001 p. 570; Chytry et al. 2009 tab. 7/6 p. 270+277)	313
4972	Arctietum lappae FELFÖLDY 1942		disturbed habitats	unusable	V372		Schubert 2001 p. 566 (also: Chytry et al. 2009 tab. 7/7 p. 270+281)	82
4973	Sambucetum ebuli FELFÖLDY 1942		disturbed habitats	unusable	V372		Chytry et al. 2009 tab. 7/9 p. 270+286  (also Soó 1964b p. 222; Gutte et Hilbig 1974 p. 19; Schaminée et al. 2010 p. 343; Tabasevic et al. 2023 p. 8; Fariselli et al. 2024 Tab.28.4A-C)	63
4974	Impatientetum glanduliferae GÖRS et MÜLLER 1975	Calystegio sepium-Impatientetum glanduliferae Hilbig 1972	disturbed habitats	unusable	V372		Chytry et al. 2009 tab. 8/3 p. 307+301	81
4975	Epilobio montani-Geranietum robertiani LOHMEYER ex GÖRS et MÜLLER 1969		disturbed habitats	unusable	V372		Chytry et al. 2009 tab. 8/3 p. 307+324 (also: Schubert 2001 p. 227)	111
4976	Alliario petiolatae-Chaerophylletum temuli LOHMEYER 1955		disturbed habitats in forests	unusable	R553		Hilbig et al. 1972 Tab. 6/2 + p. 252 (also Westhoff 1969 p. 119 and Schaminée et al. 2010 p. 340; Görs et T. Müller 1969 Tab. 1/16; Lienenbecker 1971 Tab. 14d + p. 102; Holzner et al. 1978 Tab. 2/12 + p. 107; Chytry et al. 2009 tab. 9/1 p. 345+336; Schube	364
4977	Agropyro repentis-Aegopodietum podagrariae TÜXEN 1967		disturbed habitats in forests	unusable	R553		Hilbig et al. 1972 Tab. 5/1 + p. 249 (also: Lienenbecker 1971 Tab. 14c + p. 101; Chytry et al. 2009 tab. 9/4 p. 345+350; Schubert 2001 p. 213)	369
4978	Symphyto officinalis-Anthriscetum sylvestris PASSARGE 1975	Anthriscetum sylvestris Hadač 1978; Symphyto officinalis-Anthriscetum sylvestris PASSARGE 1975	disturbed habitats in forests	unusable	R553		Chytry et al. 2009 tab. 9/5 p. 345+353	102
4979	Chaerophylletum aromatici NEUHÄUSLOVA-NOVOTNA et al. 1969	Agropyro repentis-Aegopodietum podagrariae chaerophylletosum aurei Tüxen 1967	disturbed habitats in forests	unusable	R553		Hilbig et al. 1972 Tab. 3/8 + p. 245 (also: Chytry et al. 2009 tab. 9/6 p. 345+355)	173
4980	Chaerophylletum aurei OBERDORFER 1957	Agropyro repentis-Aegopodietum podagrariae chaerophylletosum aromatici Tüxen 1968	disturbed habitats in forests	unusable	R553		Hilbig et al. 1972 Tab. 3/4 + p. 237 (also Soó 1964b p. 223; Schubert 2001 p. 215; Chytry et al. 2009 tab. 9/7 p. 345+357)	92
4981	Chaerophylletum bulbosi TÜXEN 1937	Conio-Chaerophylletum bulbosi Pop 1968	disturbed habitats in forests	unusable	R553		Chytry et al. 2009 tab. 9/8 p. 345+360  (also Soó 1964b p. 223; Schubert 2001 p. 214)	86
4982	Anthrisco nitidae-Aegopodietum podagrariae KOPECKY 1974		disturbed habitats in forests	unusable	R553		Chytry et al. 2009 tab. 9/9 p. 345+363 (also: Schubert 2001 p. 217)	21
4983	Helianthetum decapetali MORARIU 1967	Oenothero biennis-Helianthetum tuberosi de Bolos et al. 1988	disturbed habitats in forests	unusable	R553		Görs et T.Müller 1969 Tab. A/5 (also: Chytry et al. 2009 tab. 9/10 p. 345+365; Schubert 2001 p. 211)	90
4984	Urtico dioicae-Heracleetum mantegazziani KLAUCK 1988		disturbed habitats in forests	unusable	R553		Chytry et al. 2009 tab. 9/11 p. 345+368 (also: Schubert 2001 p. 220)	25
4985	Asteretum lanceolati  HOLZNER et al. 1978		disturbed habitats in forests	unusable	R553		Chytry et al. 2009 tab. 9/12 p. 345+370	43
4986	Reynoutrietum japonicae GÖRS et MÜLLER 1975		disturbed habitats in forests	unusable	R553		Chytry et al. 2009 tab. 9/13 p. 345+373 (also: Tabasevic et al. 2023 p. 8)	60
4987	Rumicetum alpini BEGER 1922		disturbed habitats in forests	unusable	R553		Walas 1933 tab. XIII p. 98  (also: Chytry et al. 2009 tab. 9/14 p. 345+377; Schubert 2001 p. 325; Dullinger et al. 2001 p. 103)	25
4988	Sagino-Bryetum argentei DIEMONT, SISSINGH et WESTHOFF 1940		anthropogenic rural	unusable	R211		Westhoff et Den Held 1969 p. 91 (also Tüxen et Oberdorfer 1958 p.67; Lienenberger 1971 Tab. 15a + p. 102; Gutte et Hilbig 1974 Tab. 7/1 + p. 25; Hülbusch 1980 Tab. 2 + p. 57; Schaminée et al. 2010 p. 185; Schubert 2001 p. 516)	232
4989	Asplenio-Cheiranthetum cheiri SEGAL 1962		anthropogenic rural	unusable	R211		Westhoff et Den Held 1969 p. 66 (also Schaminée et al. 2010 p. 260)	7
4990	Echio-Verbascetum SISSINGH 1950		anthropogenic rural	unusable	R211		Westhoff et Den Held 1969 p. 93 (also Schaminée et al. 2010 p. 324)	73
4991	Chenopodio boni-henrici-Senecietum durieui RIVAS-MARTÍNEZ 1963		anthropogenic rural	unusable	V372		Rivas-Martinez et al. 1984 Tab. 60 p. 192	5
4992	Onopordetum acantho-nervosi  RIVAS-MARTÍNEZ 1987		anthropogenic rural	unusable	V372		Penas Merino et al. 1987 Tab. 3, p. 71 (also: Rivas-Martinez et al. 2002 tab. 67 p. 152)	20
4993	Epilobio brachycarpi-Chenopodietum opulifolii RIVAS-MARTíNEZ, C. NAVARRO et CANTÓ 2002		anthropogenic rural	unusable	V38		Rivas-Martinez 2002 Tab. 38 p. 100	7
4994	Silybetum hispanici RIVAS-MARTíNEZ, CANTÓ, M.B. CRESPO et SÁNCHEZ-MATA 2002		anthropogenic rural	unusable	V391		Rivas-Martinez 2002 Tab. 90 p. 207+206	6
4995	Senecioni-Rumicetum alpini HORVAT 1919 em. COLDEA 1986	Urtico dioicae – Rumicetum alpini Serbãnescu 1939	natural tall-herb community	unusable	R568	6430	Donita et al. 2005 p. 161 (also: Höpflinger 1957 Tab. 12)	24
4996	Rumici obtusifoliae-Urticetum dioicae KORNAS 1968	Urtica dioica-Rumex obtusifolius Anghel et al. 1965	natural tall-herb community	unusable	R568	6430	Donita et al. 2005 p. 162	5
4997	Petasitetum glabrati MORARIU 1943	Petasitetum kablikiani Szafer, Kulcz. et Pawl. 1926 	natural tall-herb community	unusable	R56144	6430	Walas 1933 tab. XII p. 96 (also: Donita et al. 2005 p. 162)	18
5000	Polygalo amarae-Seslerietum variae WINTERHOFF 1962	Polygalo amarae-Seslerietum (Tx. 1937) Tx. ex Winterhoff 1965	semi-natural grassland	Mowing twice, subsequent grazing	R1A3	6210	Schubert 1974b Tab. 2/3 + p. 30 (also: Lohmeyer 1953 p. 69; Zündorf 1980 Veg.tab. 10 + p. 24; Becker 1998 Tab. 8/37-45 + p. 194; Schubert 2001 p. 412)	132
5001	Carici canescentis-Agrostidetum caninae caricetosum panicea (JONAS 1932) TÜXEN 1937	included in Caricetum nigrae Braun 1915 nom. mutat. propos.	natural moorland	unusable	Q251	7140	Tüxen (1937) p. 63 (also: Altehage 1960 Tab. 1 Tab. III; Pietsch 1968 Tab. 8 + p. 66; Reichert 1973 Tab. III + p. 47; Schubert 2001 p. 358)	55
5002	Armerietum maritimae (W. CHRISTIANSEN 1927) BRAUN-BLANQUET et DE LEEUW 1936	Armerio-Juncetum gerardi (W. CHRISTIANSEN 1927) BR.-BL. et DE LEEUW 1936	semi-natural pasture	extensive grazing	MA2243	1330	Tüxen (1937) p. 65 (also Passarge 1964 Table 53 a-c)	106
5004	Artemisietum maritimae (W. CHRISTIANSEN 1927) BRAUN-BLANQUET et DE LEEUW 1937	Artemisietum maritimae Br.-Bl. et De Leeuw 1936	semi-natural pasture	extensive grazing	MA2243	1330	Tüxen (1937) p. 66 (also Westhoff 1969 p. 173 and Schaminée et al. 2010 p. 289; Schubert 2001 p. 236)	47
5005	Diantho-Festucetum tenuifoliae KNAPP 1978	Festucetum polesicae Regel 1928	semi-natural grassland	Mowing twice, subsequent grazing	R1M6	6120*	Knapp 1978 Tab. 7 + p. 84	12
5006	Sileno otitis-Koelerietum gracilis KORNECK 1974		semi-natural grassland	Mowing twice, subsequent grazing	R1B421	6210	Oberdorfer (1993) Vol II, Table 104/12c	10
5007	Ledo-Sphagnetum magellanici SUKOPP ex NEUHÄUSL 1969		natural moorland	unusable	Q11111	7110*	Fischer 1977 Tab. 3/1-15 p. 79 (also: Grabherr et Mucina (1993) Vol II p. 170; Hofmann et Pommer 2013 p. 86)	28
5008	Viscario-Avenetum pratensis OBERDORFER 1949	included p.p. in Cirsio acaulis-Trifolietum montani Wollert 1964	semi-natural grassland	Mowing once, subsequent grazing	R1A3	6210	Oberdorfer (1993) Vol II, Table 102/9a (also Rodi 1974 Tab. IIa + p. 154; Chytry et al. 2007 tab. 11/9 p. 437+456; Schubert 2001 p. 416)	124
5009	Genisto pilosae-Stipetum stenophyllae KORNECK 1974		semi-natural grassland	Mowing twice, subsequent grazing	R1B2	6240*	Oberdorfer (1993) Vol II, Table 93/2 (also Soó 1964b p. 207; Schubert 2001 p. 403)	32
5010	Adonido-Brachypodietum pinnati STRAUS 1936	Adonido vernalis-Brachypodietum pinnati (Libbert 1933) Krausch 1961	semi-natural grassland	Mowing twice, subsequent grazing	R1B2	6240*	Passarge (1964) Table 86a-e (also Oberdorfer (1993) Vol II, Table 95/3a; Becker 1998 Tab. 5 + p. 178)	74
5011	Alchemillo-Arrhenatheretum typicum OBERDORFER 1957	 included in Arrhenatheretum elatioris Braun 1915;  Alchemillo-Arrhenatheretum typicum OBERD. 1957	semi-natural grassland	Mowing twice, subsequent grazing	R222	6510	Oberdorfer (1993) Vol III,   Table 234/2 (also Schubert 2001 p. 422)	363
5012	Sphagno-Caricetum lasiocarpae STEFFEN em. KOCH 1931	included in Caricetum lasiocarpae Osvald 1923 nom. conserv. propos.	natural moorland	Weakly grazed	Q251	7140	Passarge (1964) Table 71e-f (also Oberdorfer (1998) Vol I, Table 66/3a-3c; Altehage 1960 Tab. IV; Soó 1964b p. 153; Schubert 2001 p. 353; Donita et al. 2005 p. 300)	179
5013	Carici canescentis-Agrostidetum caninae caricetosum rostratae TÜXEN 1937		natural moorland	unusable	Q251	7140	Tüxen (1937) p. 62 (also: Altehage 1960 Tab. III/5; Dierßen 1973b Tab. 20 + p. 51; Chytry et al. 2011 tab. 15/6 p, 678+683)	202
5014	Diantho gratianopolitani-Festucetum pallentis GAUCKLER 1938	Diantho gratianopolitani-Festucetum pallentis Gauckler 1938 corr. Korneck 1974 nom. invers. propos.	semi-natural grassland	Weakly grazed	R1B5	6240*	Oberdorfer (1993) Vol II, Table 89/18a/1 (also: Schubert 2001 p. 387)	110
5015	Gageo saxatilis-Veronicetum dillenii (OBERDORFER 1957) KORNECK 1974	included in Festuco-Veronicetum dillenii Oberd. 1957	semi-natural grassland	Weakly grazed	R1A3	8230	Korneck 1975 Tab. 16 + p. 69 (also: Oberdorfer (1993) Vol II, Table 84/12/2; Chytry et al. 2007 tab. 9/9 p. 331+356; Schubert 2001 p. 390)	183
5016	Teucrio-Festucetum cinerae MAHN 1965	Alysso-Festucetum cinerae (Preis 1939) Kinlechner 1970	semi-natural grassland	Weakly grazed	R1B5	6110*	Mahn (1965) Table 7/1 (also: Schubert 1974a Tab. 1/1 + p. 203, 2001 p. 394)	162
5017	Festuco valesiacea-Stipetum capillatae MAHN 1959	Geranio-Stipetum capillatae MAHN 1959; Ranunculo illyrici-Festucetum valesiacae Klika 1931	semi-natural grassland	Weakly grazed	R1B1	6240*	Mahn (1965) Table 18/3 + p. 53 (also: Knapp 1944a Vol. 3 tab. 11, 1944l Tab. 1+2; Soó 1964b p. 198; Marstaller 1969 Tab. 1 + p. 233; Strimmer 1974 Tab. IIc + p. 24; Chytry et al. 2007 tab. 10/10 p. 387+411; Schubert 1974b Tab. 3/1 + p. 34,  2001 p. 400; B	730
5018	Thymo-Festucetum cinerae MAHN 1959		semi-natural grassland	Weakly grazed	R1B5	8230	Mahn (1965) Table 1/1 (also: Lutz 1950 Tab. 9; Schubert 1974a Tab. 2/1 + p. 206,  2001 p. 388)	154
5019	Mesobrometum erecti BRAUN-BLANQUET ap. SCHERRER 1925	Brometum Scherrer 1925; Onobrychido-Brometum erecti TH. MÜLLER 1968	semi-natural grassland	Weakly grazed	R1A3	6210	Oberdorfer (1993) Vol II, Table97/4a/2 (also Eggler 1933 Tab. 15; Knapp 1944a Vol. 2 tab. 12; Klapp (1965) Table 93II; Bohner et al. 2003 Tab. 4; Schubert 2001 p. 413)	199
5020	Gentiano-Koelerietum pyramidatae KNAPP 1942 ex BORNKAMM 1960	Gentiano-Koelerietum pyramidatae Knapp ex Bornkamm 1960 nom. conserv. propos.	semi-natural grassland	Weakly grazed	R1A3	6210	Passarge (1964) Table 85b (also Eggler 1933 Tab. 21; Lohmeyer 1953 Tab. 6 + p. 70; Burrichter 1954 Tab. 1 p. 40; Knapp 1969 Tab. 3; Rodi 1974 Tab. IIc + p. 155; Zündorf 1980 Veg.tab. 9 + p. 22; Oberdorfer (1993) Vol II, Table 101/7d/1; Chytry et al. 2007 	356
5021	Polygalo vulgaris-Nardetum strictae (PREISING 1953) OBERDORFER 1957	included in Geo montani-Nardetum strictae Lüdi 1948 nom. mutat. propos.; included in Festuco capillatae-Nardetum strictae Klika et Šmarda 1944; Hypericum maculatum-Polygala vulgaris-Ass. Preising 1953	semi-natural grassland	Weakly grazed	R1M1	6230*	Preising 1953 Tab. 1 + p. 113 (also Lohmeyer 1953 p. 71; Klemm 1970 Tab. 30/1 p. 20; Dierschke et Vogel 1981 Tab. 5/2-4 + p. 166; Glavac et Raus 1982 Tab. 18 + p. 97; Oberdorfer (1993) Vol II, Table 117/9c; Ellenberg (1996) p. 723 Table 123/1; Chytry et a	292
5022	Alysso alyssoidis-Sedetum albi OBERDORFER et MÜLLER in MÜLLER 1961		semi-natural grassland	Weakly grazed	R1A4	6110*	Korneck 1975 Tab. 33 + p. 92 (also Hilbig et Reichhoff 1977 Tab. 6/4 + p. 42; Oberdorfer (1993) Vol II, Table 85/14b; Chytry et al. 2007 tab. 9/11 p. 331+363; Schubert 2001 p. 392; Fariselli et al. 2024 Tab. 40.1 p. 487)	106
5023	Mesobrometum seslerietosum OBERDORFER 1957		semi-natural grassland	Weakly grazed	R1A3	6210	Knapp 1944a Vol.2 tab. 4 (also: Oberdorfer (1993) Vol II, Table 98/6a)	87
5024	Junco subnodulosi-Schoenetum nigricantis Allorge 1921	Schoenetum nigricantis KOCH 1926	semi-natural grassland	unusable	Q4312	7230	Tüxen (1937) p. 74 (also Soó 1964b p. 161; Westhoff 1969 p. 205 and Schaminée et al. 2010 p. 163)	54
5025	Erico tetralicis‐Sphagnetum rubelli (ALLORGE 1926) LEMÉE 1938		natural moorland	unusable	Q111114	7110*	Lemée 1938 Tab. 1 (also Thébaud 2011 Tab. 1;  Pujol et al. 2023 p.104)	124
5026	Festuco rupiculae-Brachypodietum pinnati MAHN 1959		semi-natural grassland	Weakly grazed	R1B2	6240*	Mahn (1965) Table 29/1-3 (also Chytry et al. 2007 tab. 11/1 p. 437+427; Schubert 1974b Tab. 4/2 + p. 38, 2001 p. 404)	761
5027	Peucedano-Caricetum lasiocarpae TÜXEN 1937	Caricetum lasiocarpae Osvald 1923 nom. conserv. propos.; Caricetum diandro - lasiocarpae (Koch 1926) P. Duvigneaud 1949	natural moorland	Weakly grazed	Q251	7140	Tüxen 1937 p. 64 (also: Dießen 1973b Tab. 19 + p. 50; Oberdorfer (1998) Vol I, Table 64/3 bzw. Table 66/3a-3c; Chytry et al. 2011 tab. 12/3 p. 549+534)	105
5028	Sphagno-Caricetum canescentis PASSARGE 1964		natural moorland	unusable	Q2531	7140	Oberdorfer (1998) Vol I, Table 67/8b (also: Chytry et al. 2011 tab. 14/4 p. 642+633)	75
5029	Caricetum fuscae BRAUN 1915	Caricetum nigrae Braun 1915 nom. mutat. propos.	natural moorland	unusable	Q2531	7140	Oberdorfer (1998) Vol I, Table 67/8f (also: Eggler 1958 Tab. 5/2-3; Soó 1964b p. 158; Krisai et Peer 1980 Tab. 2+8 + p. 46+66; Chytry et al. 2011 tab. 15/1 p. 678+664; Schubert 2001 p. 356; Fariselli et al. 2024 Tab. 11.7A-C)	363
5030	Trichophoretum cespitosi KOCH 1928	included in Bartsio-Caricetum nigrae J. Bartsch et M. Bartsch 1940	semi-natural grassland	Mowing twice, subsequent grazing	Q4221	7120	Oberdorfer 1998 Vol I/Table 76/9a et Table 67/9a (also: Chytry et al. 2011 tab. 15/4 p. 678+672)	29
5031	Parnassio-Caricetum fuscae OBERDORFER 1957	Parnassio-Caricetum nigrae Oberd. 1957	semi-natural grassland	Mowing twice, subsequent grazing	Q4221	7230	Oberdorfer (1998) Vol I, Table 67/9e	37
5032	Willemetio-Caricetum fuscae PHILIPPI 1963	included in Bartsio-Caricetum nigrae J. Bartsch et M. Bartsch 1940	semi-natural grassland	Mowing twice, subsequent grazing	Q4221	7230	Oberdorfer (1998) Vol I, Table 67/9d	8
5033	Juncetum alpini PHILIPPI 1960		natural moorland	unusable	Q458	7240*	Oberdorfer (1998) Vol I, Table 73/17a (also: Philippi 1980 Tab. 7 + p. 90)	30
5034	Equiseto variegati-Typhetum minimae BRAUN-BLANQUET ap. VOLK 1940		natural moorland	unusable	Q458	7240*	Oberdorfer (1998) Vol I, Table 64/18 bzw. Table 73/18a+b	22
5035	Airetum praecocis (SCHWICKERATH 1944) KRAUSCH 1967	Airetum praecocis Krausch 1967	semi-natural grassland	recurrently disturbing the top soil	R1P1	2330	Oberdorfer (1993) Vol II, Table 77/1 (also Chytry et al. 2007 tab. 9/3 p. 331+338; Schubert 1974c Tab. 2/1 + p. 295, 2001 p. 373)	119
5036	Airo caryophylleae-Festucetum ovinae TÜXEN 1955	Airo caryophylleae-Festucetum ovinae Tx. ex Korneck 1974	semi-natural grassland	Mowing twice, subsequent grazing	R1P1	2330	Oberdorfer (1993) Vol II, Table 78/2b/1 (also: knapp 1978 Tab.12 p. 89;  Schubert 2001 p. 374)	31
5037	Narduretum lachenalii KORNECK 1975		semi-natural grassland	Mowing twice, subsequent grazing	R1P1	2330	Oberdorfer (1993) Vol II, Table 77/4 (also: Pujol et al. 2023 p. 187)	35
5038	Jurineo cyanoidis-Koelerietum glaucae VOLK 1931		semi-natural grassland	Mowing twice, subsequent grazing	R1Q2	6120*	Schwarz 1941 Tab. at p. 58 (also: Oberdorfer (1993) Vol II, Table 82/8b/1)	45
5039	Sileno rupestris-Sedetum annui OBERDORFER 1957		semi-natural grassland	Mowing twice, subsequent grazing	R122	8230	Korneck 1975 Tab. 7 + p. 52; (also: Oberdorfer (1993) Vol II, Table 83/10)	7
5040	Diantho deltoides-Armerietum elongatae KRAUSCH 1959	Diantho deltoidis-Armerietum elongatae Pötsch 1962 nom. conserv. propos.	semi-natural grassland	Mowing twice, subsequent grazing	R1P2	2330	Oberdorfer (1993) Vol II, Table 103/12b (also: Klemm 1970 Tab. 34 p. 26; Schubert 1974a Tab. 4/2 + p. 211, 2001 p. 382; Jeckel 1975 Tab. 1 p. 104; Böhnert et Reichhoff 1978 Tab. 2/10-18 + p. 109)	180
5041	Armerio-Festucetum trachyphyllae (LIBBERT 1933) R. KNAPP 1948 ex HOHENESTER 1960	Sileno otitae-Festucetum brevipilae Libbert 1933 corr. Kratzert et Dengler 1999	semi-natural grassland	Mowing twice, subsequent grazing	R1B5	2330	Knapp 1944a Vol. 1 tab. 5 (also Hohenester 1960 Tab. 3 p. 46; Oberdorfer 1993 Vol II, Table 103/12a; Chytry et al. 2007 tab. 9/5 p. 331+345; Schubert 2001 p. 385)	215
5042	Cerastietum pumili OBERDORFER et MÜLLER 1961		semi-natural grassland	unusable	R122	6110*	Korneck 1975 Tab. 25-32 + p. 84; (also: Oberdorfer (1993) Vol II, Table 85/13d; Hilbig et Reichhoff 1977 Tab. 6/3 + p. 42; Knapp 1978 Tab. 5 p. 80; Pujol et al. 2023 p. 301; Chytry et al. 2007 tab. 9/10 p. 331+360; Schubert 2001 p. 397; Fariselli et al. 2	258
5043	Koelerio vallesianae-Xerobrometum KORNECK 1967	included in Xerobrometum Br.-Bl. 1931 nom. illegit.	semi-natural grassland	Mowing twice, subsequent grazing	R1A426	6210	Oberdorfer (1993) Vol II, Table 105/13a	62
5044	Bromo-Seslerietum OBERDORFER 1957	included in Teucrio-Seslerietum Volk 1937	semi-natural grassland	Mowing twice, subsequent grazing	R1A427	6210	Oberdorfer (1993) Vol II, Table 109/17c	44
5045	Elynetum myosuroidis Rübel 1911	Elynetum BRAUN-BLANQUET 1913	semi-natural grassland	Mowing twice, subsequent grazing	R4421	6170	Oberdorfer (1993) Vol II, Table 111/1 (also Frey 1921 p. 142 (58); Petrik et al. 2005 tab. 2/D,E)	108
5046	Laserpitio-Seslerietum MOOR 1957	Laserpitio latifolii-Seslerietum Moor 1957	semi-natural grassland	Mowing twice, subsequent grazing	R44311	6170	Oberdorfer (1993) Vol II, Table 111/4 bzw. Table 113/4	41
5047	Laserpitio-Calamagrostietum variae TH. MÜLLER 1961	 Laserpitio-Calamagrostietum variae (Kuhn 1937, Moor 1957) Th. Müller 1961	semi-natural grassland	Mowing twice, subsequent grazing	R4413	6170	Oberdorfer (1993) Vol II, Table 111/8 bzw. Table 113/8	55
5048	Aveno-Nardetum OBERDORFER 1957	included in Geo montani-Nardetum strictae Lüdi 1948 nom. mutat. propos.	semi-natural grassland	Mowing twice, subsequent grazing	R4311	6150	Oberdorfer (1993) Vol II, Table 115/1 (also: Thomaseder 1967 Tab. p. 106; Heiselmayer 1982 Tab. 6 p. 171+190)	61
5049	Festuco-Genistetum sagittalis ISSLER 1927	Festuco-Genistelletum sagittalis s.str. Issler 1929	semi-natural grassland	Mowing twice, subsequent grazing	S4221	6230*	Oberdorfer (1993) Vol II, Table 117/6a (also Knapp 1978 Tab. 8 p. 85)	171
5050	Genisto pilosae-Callunetum TÜXEN 1937	included in Genisto pilosae-Callunetum Braun 1915 nom. invers. propos.; Calluneto-Genistetum TÜXEN 1937; Vaccinio-Callunetum Bük. 1942	natural heath	extensive grazing	S4221	2310	Tüxen 1937 p. 117 (also Knapp 1944h Tab. 1; Lienenbecker 1971 Tab. 30a,b + p. 139; Oberdorfer (1993) Vol II, Table 121/12c; Schubert 2001 p. 155)	64
5051	Thymo angustifoliae-Festucetum ovinae  TÜXEN 1937		semi-natural grassland	Mowing twice, subsequent grazing	R1M2	6120*	Tüxen 1937 p. 56 (also Passarge (1964) Table 82a,b; Chytry et al. 2007 Tab. 8/5 p. 289+301; Schubert 2001 p. 375)	72
5052	Armerio-Festucetum ovinae KNAPP 1942		semi-natural grassland	Mowing twice, subsequent grazing	R1M2	2330	Passarge (1964) Table 82c-e	44
5053	Armerio-Agrostietum tenuis HUECK 1931		semi-natural grassland	Mowing twice, subsequent grazing	R1M2	2330	Passarge (1964) Table 82g	16
5054	Airo-Agrostietum tenuis BÜKER 1939		semi-natural grassland	Mowing twice, subsequent grazing	R1M2	2330	Passarge (1964) Table 82f	7
5055	Poo badensis-Allietum montani GAUCKLER 1957	Sedo acre-Poetum badensis Mahn 1965	semi-natural grassland	unusable	R1B1	6110*	Korneck 1975 Tab. 34 + p. 92 (also: Oberdorfer 1993 Vol II, Table 85/15; Becker 1998 Tab. 2/8-21 + p. 165; Schubert 2001 p. 396)	72
5056	Saxifrago tridactylitis-Poetum compressae (KREH 1945) GEHU et LERIQ 1957	Saxifraga tridactylites-Poa compressa-Ass.	semi-natural grassland	unusable	R13	6110*	Korneck 1975 Tab. 35 + p. 95 (also: Lienebecker 1971 p. 121; Hilbig et Reichhoff 1977 Tab. 6/6 + p. 43; Oberdorfer (1993) Vol II, Table 85/16; Pujol et al. 2023 p. 302; Chytry et al. 2009 tab. 6/9 p. 220+241; Schubert 2001 p. 391)	124
5057	Sempervivetum soboloferi KORNECK 1975		semi-natural grassland	unusable	R13	6110*	Korneck 1975 Tab. 36 + p. 95 (Oberdorfer (1993) Vol II, Table 85/17)	6
5058	Vaccinio myrtilli-Callunetum BÜKER 1942		semi-natural pasture	extensive grazing	S4221	2310	Oberdorfer (1993) Vol II, Table 121/13a (also: Soó 1964b p. 157; Chytry et al. 2007 tab. 8/8 p. 289+312; Schubert 1960 Tab. 17/IV + p. 113, 1973 Tab. 1/3 + p. 103, 2001 p. 160; Donita et al. 2005 p. 91)	254
5059	Sedo acris-Poetum badensis MAHN 1965	included in Poo badensis-Allietum montani Gauckler 1957	semi-natural grassland	unusable	R1B1	6110*	Mahn (1965) Table 9 (also Schubert 1974a Tab. 1/3 + p. 204)	14
5060	Erico-Sphagnetum magellanici (OSVALD 1923) MOORE 1968	Sphagnetum medii subatlanticum TÜXEN 1937, Andromedo polifoliae--Sphagnetum magellanici Bogdanovskaja-Gienev 1928	natural moorland	unusable	Q11111	7110*	Tüxen 1937 p. 113 (also Passarge (1964) Table 75e-f; Oberdorfer (1998) Vol I, Table 75/2c-d; Dierßen 1973b Tab. 21 + p. 53; Weber 1982 Tab. 5 p. 126; Thébaud 2011 Tab.1 p. 78; Chytry et al. 2011 tab. 16/2 p. 724+712; Westhoff 1969 p. 218 and Schaminée et 	872
5061	Molinietum caeruleae W. KOCH 1926	including Molinietum caricetosum tomentosae KOCH 1926	semi-natural grassland	Mowing twice, subsequent grazing	R371	6410	Tüxen (1937) p. 83 (also: Krisch 1967 Tab. IIIF + p. 395; Chytry et al. 2007 tab. 6/1 p. 216+210; Schubert 2001 p. 459, Burkhart et al. 2004 tab. 3)	799
5062	Cetrario-Loiseleurietum BRAUN-BLANQUET et al. 1939		semi-natural grassland	unusable	S229	4060	Frey 1921 Tab. I/1-8 p. 128 (44) (also: Grabherr 1979 Rel. 1-15; Heiselmayer 1982 Tab. 8 p.187+175; Grabherr et Mucina (1993) Vol II p. 450; Donita et al. 2005 p. 79; Mardari et al. 2020 tab.1/1 p. 5; Simon et Pocs 2012 Tab. 4/12-16 p. 118)	137
5063	Empetro hermaphroditi-Vaccinietum BRAUN-BLANQUET in BRAUN-BLANQUET et JENNY 1926	Empetro hermaphroditi-Vaccinietum gaultherioidis Br.-Bl. in Br.-Bl. et Jenny 1926 corr. Grabherr 1993	semi-natural grassland	unusable	S223	4060	Tüxen (1937) S. 122 (also Grabherr et Mucina (1993) Vol II p. 454; Donita et al. 2005 p. 88)	8
5064	Junipero-Arctostaphyletum BRAUN-BLANQUET ex HAFFTER in BRAUN-BLANQUET et al. 1939		semi-natural pasture	extensive grazing	S226	4060	Wendelberger 1962 p. 161 (also: Grabherr et Mucina 1993 Vol II p. 460; Bruderer 2021 Tab. 1/3.1)	8
5065	Rhynchosporetum albae OSVALD 1923 em. W. KOCH 1926	Sphagno tenelli-Rhynchosporetum albae Osvald 1923 nom. conserv. propos.	natural moorland	unusable	Q257	7150	Braun 1970 p. 126 (also: Altehage 1960 Tab. V; Lienenbecker 1971 Tab. 29b + p. 137; Dierßen 1973b Tab. 18 + p. 46; Burrichter et Wittig 1974 Tab. 2/13-15 p. 10; Fischer 1977 Tab. 1/2; Bachmann 1982 Tab. 6 + p. 68; Oberdorfer (1998) Vol I, Table 64/2 and T	352
5066	Polystichetum lonchitis (OBERDORFER 1957) BEGUIN 1972	Polystichum lonchitis-Ass.	semi-natural grassland	unusable	U261	8120	Grabherr et Mucina (1993) Vol II p. 301	3
5067	Epipactis-Seslerietum variae W.SCHUBERT 1963		natural grassland	Weakly grazed	R1A427	6210	Schubert 1974b Tab. 1/2 + p. 25 (also: Zündorf 1980 Vegtab. 7 + p. 19)	211
5068	Crocynio-Asplenietum billotii G. SCHULZE & KORNECK 1971		semi-natural grassland	unusable	U3311	8220	Oberdorfer (1998) Vol I, Table 5/15	55
5069	Sclerantho biennis-Sempervivetum arachnoidei BRAUN-BLANQUET (1949) 1955	 Sclerantho-Sempervivetum arachnoidei Br.-Bl. 1955	semi-natural grassland	unusable	R122	8230	Korneck 1975 Tab. 4-6 + p. 52 (also: Mucina et al. (1993) Vol I, p. 509)	80
5070	Cirsio pannonici-Seslerietum caeruleae KLIKA 1933		semi-natural grassland	extensive grazing	R1B2	6240	Chytry et al. 2007 tab. 11/2 p. 437 +429	8
5071	Polygalo majoris-Brachypodietum pinnati WAGNER 1941	Onobrychido arenariae-Brachypodietum pinnati Eijsink et al. 1978	semi-natural grassland	extensive grazing	R1B2	6210	Chytry et al. 2007 tab. 11/3 p. 437 +432 (also Todor 1948 tab. 29 p. 132; Soó 1964b p. 194)	134
5072	Geranio sanguinei-Trifolietum alpestris MÜLLER 1961	Trifolio alpestris-Geranietum sanguinei T. MÜLLER 1962	semi-natural grassland	extensive grazing	R1B2	6210	T. Müller Tab. 1/14 + p. 112 (also: Hilbig et al. 1982 Tab. 2 + p. 222; Chytry et al. 2007 tab. 11/10 p. 437 +459; Schubert 2001 p. 175)	135
5073	Geranio sanguinei-Dictamnetum albae WENDELBERGER ex T. MÜLLER 1962		semi-natural grassland	extensive grazing	R1B2 (T19373)	6210	T. Müller Tab. 1/3 + p. 109 (also: Chytry et al. 2007 tab. 11/11 p. 437 +461)	32
5074	Erysimo diffusi-Agrostietum capillaris (VICHEREK 1975) CHYTRY et al. 1997	Thymo angustifolii-Festucetum ovinae SMARDA 1961	semi-natural grassland	extensive grazing	R1M2	2330	Chytry et al. 1997 tab. 2/1-18 and p. 12	18
5075	Astragalo austriaci-Festucetum sulcatae SOÓ 1957		semi-natural grassland	extensive grazing	R1B1	6240	Staudinger et Korner 2016 Tab. 2 + p. 23	11
5076	Fumano-Stipetum eriocaulis WAGNER 1941 corr. ZOLYOMI 1966	Poo badensis-Festucetum pallentis Klika 1931 corr. Zolyomi 1966	semi-natural grassland	extensive grazing	R1B1	6190	Staudinger et Korner 2016 Tab. 3 + p. 31	26
5077	Astragalo exscapi-Crambetum tatariae KLIKA 1939	Jurineetum mollis Knapp 1944	semi-natural grassland	extensive grazing	R1B1	6250	Knapp 1944k Tab. 1 (also: Chytry et al. 2007 Tab. 10/15 p.387+423)	28
5078	Carici humilis-Seslerietum caeruleae ZLATNÍK 1928		semi-natural grassland	extensive grazing	R1B1	6190	Chytry et al. 2007 Tab. 10/6 p.387+399 (also: Míchalková 2006 Tab. 4/18-24 +p.64	31
5079	Armerio elongatae-Potentilletum arenariae BRAUN-BLANQUET 1961		natural grassland	Weakly grazed	R1B3	6190	Magnes et al. 2021 suppl.2 Tab.1/A1	4
5080	Phleo phleoidis-Pulsatilletum nigricantis BRAUN-BLANQUET 1961		natural grassland	Weakly grazed	R1B3	6210	Magnes et al. 2021 suppl.2 Tab.1/A2	3
5081	Koelerio pyramidatae-Teucrietum montani FRANZ 1988		natural grassland	unusable	R1B3	6210	Magnes et al. 2021 suppl.2 Tab.1/A4	8
5082	Astragalo onobrychidis-Brometum erecti BRAUN-BLANQUET 1950		natural grassland	Weakly grazed	R1B3	6210	Magnes et al. 2021 suppl.2 Tab.1/C2	5
5083	Festucetum hystricis FONT QUER 1954		natural grassland	Weakly grazed	R1G1	6520	Font Quer 1954 Tab. 1 p. 2 (also: Aguilella 1985 Tab. 57)	27
5084	Helictotricho filifolii-Stipetum tenacissimae COSTA, PERIS et STÜBING 1989	0	natural grassland	Weakly grazed	R1E4		Pérez Raya et al. 2002 p. 45	9
5085	Teucrio pseudochamaepitys-Brachypodietum ramosi BOLÒS 1957 	0	natural grassland	Weakly grazed	R1E1	6220	Pérez Raya et al. 2002 p. 50	8
5086	Dactylido hispanicae-Stipetum junceae PENAS, M.E.GARCIA, DE PAZ, HERRERO, ALONSO et SALEGUI 2002		natural grassland	Weakly grazed	R1E651		Rivas-Martinez 2002 Tab. 34 p. 93	9
5087	Diantho langeani-Festucetum rivas-martinezii PENAS, PUENTE, ALONSO, FERNANDEZ, LENCE, DEL RIO et SALEGUI 2002		natural grassland	Weakly grazed	R1G		Rivas-Martinez 2002 Tab. 36 p. 96	6
5088	Heteropogono contorti-Hyparrhenietum sinaicae M.B. CRESPO 2002		natural grassland	Weakly grazed	R1E1		Rivas-Martinez 2002 Tab. 49 p. 117	8
5089	Holcetum gayani RIVAS-MARTíNEZ, FERNÁNDEZ-GONZÁLEZ, SÁNCHEZ-MATA et SARDINERO 2002		natural grassland	Weakly grazed	R1G1		Rivas-Martinez 2002 Tab. 50 p. 119	10
5090	Jasiono brevisepalae-Festucetum curvifoiiae M.E. GARCíA, L. HERRERO, T.E. DíAZ, PENAS et F. SALEGUI 2002		natural grassland	Weakly grazed	R1G		Rivas-Martinez 2002 Tab. 52 p. 122	7
5091	Laguro ovati-Silenetum balearicue LLORENS et GIL 2002		natural grassland	Weakly grazed	N16		Rivas-Martinez 2002 Tab. 53 p. 125	11
5092	Lilio pyrenaici-Molopospermetum peloponesiaci RIVAS-MARTíNEZ, COSTA et P. SORIANO		natural tall-herb community	unusable	R563		Rivas-Martinez 2002 Tab. 59 p. 136	5
5093	Crithmo maritimi-Frankenietum laevis ARBESÚ, BUENO et F. PRIETO 2002		natural tall-herb community	unusable	N31	1420	Rivas-Martinez 2002 Tab. 60 p. 137	19
5094	Limonio binervosi-Armerietum depilatae T.E. DíAZ et F. PRIETO 2002		natural tall-herb community	unusable	MA221	1420	Rivas-Martinez 2002 Tab. 61 p. 138	8
5095	Moehringietum castellanae RIVAS-MARTÍNEZ, CANTO et IZCO 2002		natural tall-herb community	unusable	U38		Rivas-Martinez 2002 Tab. 68 p. 157	5
5096	Asplenio csikii-Petrocoptidetum crassifoliae RIVAS-MARTíNEZ, COSTA et P. SORIANO 2002		natural tall-herb community	unusable	U38		Rivas-Martinez 2002 Tab. 69 p. 162	3
5097	Ranunculo adunci-Geranietum sylvatici RIOS et ALCARAZ 1996		natural tall-herb community	unusable	R564		Rivas-Martinez 2002 Tab. 80 p. 184	7
5098	Scrophulario auriculatae-Epilobietum hirsuti RIOS et ALCARAZ (1996) 2002		natural tall-herb community	unusable	R551	6430	Rivas-Martinez 2002 Tab. 86 p. 199	10
5099	Senecioni laderoi-Juncetum inflexi [M.E. GARCíA, L. HERRERO, C. PÉREZ, PENAS et F. SALEGUI 2002		natural grassland	Weakly grazed	Q5232	6430	Rivas-Martinez 2002 Tab. 89 p. 203+204	8
5100	Gymnocarpietum robertiani KUHN 1937	Dryopteridetum robertiani KUHN 1937, Tüxen 1937	semi-natural grassland	unusable	U27123	8120	Zöttl 1951 p. 21 Tab. III (also: Fink 1977 tab. 11 p. 78; Oberdorfer (1998) Vol I, Table 13/17; Hilbig 1971a Tab. 3 + p. 89; Zündorf 1980 Veg.tab. 12 p. 32; Chytry et al. 2009 tab. 11/11 p. 435+452; Schubert 2001 p. 251; Donita et al. 2005 p. 333)	117
5101	Asplenietum trichomano-rutae-murariae KUHN 1937	Asplenium trichomanes-Asplenium ruta-muraria-Ass.; Tortulo-Asplenietum Tx. 1937	semi-natural grassland	unusable	U321	8210	Tüxen 1937 p. 13 (also Tüxen et Oberdorfer 1958 Tab. 2A; Lienenbecker 1971 Tab. 2 + p. 73;  Hilbig et Reichhoff 1977 Tab. 1/1 + p. 23; Oberdorfer (1998) Vol I, Table 3/7a; Pujol et al. 2023 p. 294; Chytry et al. 2009 tab. 11/2 p. 435+415; Schubert 2001 p.	157
5102	Epilobio lanceolati-Galeopsietum segetum BÜKER 1942	Epilobio lanceolati-Galeopsietum segetum Büker 1942	semi-natural grassland	unusable	U222	8150	Oberdorfer (1998) Vol I, Table 14/21 (also: Pujol et al. 2023 p. 305)	7
5103	Rhizocarpetum alpicolae FREY 1923		natural cryptogams fields	unusable	U3211		Schubert et Klement 1960 Tab. 1 (also: Simon et Pócs 2012 tab. 1/1-5 p. 102)	17
5104	Drabo-Saxifragetum BRAUN-BLANQUET 1948	Saxifragetum rudolphianae Friedel 1956	natural rock community	unusable	R4121		Wendelberger 1953 Tab. 1/6-23 (also: Zollitsch 1967 Tab. 12a + p. 89; Pignatti 1979 Tab. 1/2 + p. 169; Grabherr et Mucina 1993 p. 304)	31
5105	Armerietum halleri LIBBERT 1930		semi-natural grassland	unusable	R1S3	6130	Tüxen (1937) p. 69; (also Schubert 1974b Tab. 5/1+ p. 40, 2001 p. 237)	207
5106	Vincetoxietum hirundinariae KAISER 1926		semi-natural grassland	unusable	U27124	8160*	Oberdorfer (1998) Vol I, Table 13/19 (also: Hilbig 1971a Tab. 2 + p. 89; Zündorf 1980 Veg. tab. 11 p.31;  Schubert 2001 p. 251)	67
5107	Asplenietum septentrionali-adianti-nigri OBERDORFER 1938		semi-natural grassland	unusable	U3311	8220	Oberdorfer (1998) Vol I, Table 5/14 (also: Pujol et al. 2023 p. 295; Schubert 2001 p. 245; Donita et al. 2005 p. 352)	36
5108	Cryptogrammetum crispae JENNY-LIPS 1930	Cryptogramma crispa-Ass.	semi-natural grassland	unusable	U2214	8110	Oberdorfer (1998) Vol I, Table 9/1 (also Chytry et al. 2009 tab. 11/8 p. 435+433)	3
5109	Oxyrietum digynae (LÜDI 1921) BRAUN-BLANQUET 1926	Sieversio-Oxyrietum Friedel 1956	semi-natural grassland	unusable	U22111	8110	Oberdorfer (1998) Vol I, Table 9/2 (also Wendelberger 1953 p. 103; Pignatti 1970 Tab. 1/5 + p. 170)	18
5110	Anthyllido-Leontodontetum hyoseroides (FABIJANOWSKI 1950) ZOLLER 1951		semi-natural grassland	unusable	U271	8120	Oberdorfer (1998) Vol I, Table 11/10a-10c	61
5111	Athamanto-Trisetetum distichophylli (JENNY-LIPS 1930) LIPPERT 1966		semi-natural grassland	unusable	U261	8120	Oberdorfer (1998) Vol I, Table 11/8	110
5112	Crepidetum terglouensis OBERDORFER 1950	Crepidetum terglouensis Seibert 1977	semi-natural grassland	unusable	U261	8120	Oberdorfer (1998) Vol I, Table 10/4	5
5113	Cystopteridetum montanae (HOEPFLINGER 1957) RICHARD 1972	Cystopteridetum montanae Richard 1972	semi-natural grassland	unusable	U3632	8120	Oberdorfer (1998) Vol I, Table 11/12	2
5114	Leontodontetum montani JENNY-LIPS 1930	Saxifraga biflora-Gesellschaft	semi-natural grassland	unusable	U261	8120	Oberdorfer (1998) Vol I, Table 10/5 (also: Wendelberger 1953 Tab. 1/1-5)	16
5115	Petasitetum paradoxi BEGER 1922		semi-natural grassland	unusable	U2631	8120	Zöttl 1951 p. 18-21 Tab. II (also: Höpflinger 1957 Tab. 3; Zollitsch 1967 Tab. 2 + p. 74; Oberdorfer (1998) Vol I, Table 11/7)	57
5116	Thlaspietum rotundifolii BRAUN-BLANQUET 1926	Thlaspietum rotundifolii Jenny-Lips 1930	semi-natural grassland	unusable	U262	8120	Zöttl 1951 p. 13-17 Tab. I (also: Höpflinger 1957 Tab. 5; Zollitsch 1967 Tab. 5/1 + p. 78; Oberdorfer (1998) Vol I, Table 10/3)	106
5117	Valeriano-Dryopteridetum villarii AICHINGER 1933	Doronicum grandiflorum-Arabis alpina-Gesellschaft	semi-natural grassland	unusable	U2941	8120	Oberdorfer (1998) Vol I, Table 11/9 (also: Höpflinger 1957 Tab. 4)	8
5118	Galeopsietum angustifoliae (LIBBERT 1938) BÜKER 1942	Galeopsietum angustifoliae (Büker 1942) Bornkamm 1960	semi-natural grassland	unusable	U27121	8150	Oberdorfer (1998) Vol I, Table 13/20 (also Schönfelder 1967 Annex Tab. rel. 1-6; Lienenbecker 1971 Tab. 3a + p. 74; Hilbig 1971a Tab. 1 + p. 85; Reichhoff in Hilbig et Reichhoff 1977 Tab. 5/1 + p. 37; Zündorf 1980 Veg.tab. 13 + p. 33; Chytry et al. 2009 t	100
5119	Epilobio-Scrophularietum caninae W. KOCH et BRAUN-BLANQUET in BRAUN-BLANQUET 1949	Epilobio-Scrophularietum caninae Br.-Bl. et Koch ex Th. Müller 1974	semi-natural grassland	unusable	U72	8160*	Oberdorfer (1998) Vol I, Table 12/15 (also Fariselli et al. 2024 Tab. 23.11 p. 280)	15
5120	Androsacetum helveticae BRAUN-BLANQUET 1918	Androsacetum helveticae Lüdi ex Br.-Bl. in Br.-Bl. et Jenny 1926	semi-natural grassland	unusable	U3631	8210	Oberdorfer (1998) Vol I, Table 1/1	12
5121	Asplenio viridis-Cystopteridetum fragilis OBERDORFER (1936) 1949	Cystopteridetum fragilis Oberd. 1938	semi-natural grassland	unusable	U3632	8210	Oberdorfer (1998) Vol I, Table 1/8 bzw. Table 4/8a-8c (also Fink 1977 p. 66;  Hilbig et Reichhoff 1977 Tab. 1/3 + p. 24; Zündorf 1980 Veg.tab. 15/10-15 + p. 37; Chytry et al. 2009 tab. 11/1 p. 435+411; Schubert 2001 p. 243; Donita et al. 2005 p. 339; Fari	122
5122	Caricetum brachystachyos LÜDI 1921		semi-natural grassland	unusable	U3632	8210	Oberdorfer (1998) Vol I, Table 1/10 bzw. Table 4/10	6
5123	Cardaminopsietum petraeae THORN 1958		semi-natural grassland	unusable	U3631	8210	Oberdorfer (1998) Vol I, Table 1/5 bzw. Table 2/5	61
5124	Drabo-Hieracietum humilis OBERDORFER (1970) 1977		semi-natural grassland	unusable	U3631	8210	Oberdorfer (1998) Vol I, Table 2/4b	28
5125	Heliospermo-Cystopteridetum alpinae RICHARD 1972	Heliospermo-Cystopteridetum alpinae J.L. Richard 1972 corr. Pott 1992	semi-natural grassland	unusable	U3632	8210	Oberdorfer (1998) Vol I, Table 4/9	5
5126	Hieracio humilis-Potentilletum caulescentis BRAUN-BLANQUET in MEIER et BRAUN-BLANQUET 1934		semi-natural grassland	unusable	U3631	8210	Oberdorfer (1998) Vol I, Table 1/2 (also: Höpflinger 1957 Tab. 1)	29
5127	Asplenietum serpentini (KNAPP 1942) GAUCKLER 1954	Asplenietum cuneifolii  Gauckler 1954	semi-natural grassland	unusable	U3212	8220	Knapp 1944n Tab. 1 (also Oberdorfer (1998) Vol I, Table 6/16; Chytry et al. 2009 tab. 11/3 p. 435+418)	30
5128	Saxifragetum sponhemicae KORNECK 1974		semi-natural grassland	unusable	U3311	8220	Oberdorfer (1998) Vol I, Table 5/13	5
5129	Filagini-Vulpietum bromoides OBERDORFER 1938	Filagini-Vulpietum bromoidis Oberdorfer 1938 nom. mutat. propos.	semi-natural grassland	unusable	R1P1	2330	Oberdorfer (1993) Vol II, Table 77/3a (also Soó 1964b p. 193; Knapp 1987 Tab. 11 p. 88; Chytry et al. 2007 tab. 9/4 p. 331+341; Schubert 1974c Tab. 2/2 + p. 295, 2001 p. 374)	178
5130	Drabetum hoppeanae FRIEDEL 1956	Trisetetum spicati OBERDORFER 1959	semi-natural grassland	unusable	R562	8120	Grabherr et Mucina (1993) Vol II p.  305	10
5131	Biscutello-Asplenietum septentrionalis KORNECK 1974		semi-natural grassland	unusable	U333	8220	Oberdorfer (1998) Vol I, Table 5/12	15
5132	Sileno rupestris-Asplenietum septentrionalis OBERDORFER 1957	Sileno rupestris-Asplenietum septentrionalis Malcuit ex Oberd. 1934	semi-natural grassland	unusable	U333	8220	Grabherr et Mucina (1993) Vol II p. 264	5
5133	Woodsio ilvensis-Asplenietum septentrionalis TÜXEN 1937	included in Sileno rupestris-Asplenietum septentrionalis Malcuit ex Oberd. 1934	semi-natural grassland	unusable	U3311	8220	Tüxen (1937) p. 13 (also Oberdorfer (1998) Vol I, Table 5/11; Soó 1964b p. 195; Hilbig et Reichhoff 1977 Tab. 1/5 + p. 26; Chytry et al. 2009 tab. 11/5 p. 435+425; Schubert 2001 p. 244; Donita et al. 2005 p. 349)	91
5134	Minuartietum rupestris TREPP 1978	included in Androsacetum helveticae Lüdi ex Br.-Bl. in Br.-Bl. et Jenny 1926	semi-natural grassland	unusable	U372	8210	Trepp 1978 Tab. at p. 398-399 (also: Grabherr et Mucina (1993) Vol II p. 307)	8
5135	Caricetum mucronatae (HOLZNER et HÜBL 1977) SMETTAN 1981		semi-natural grassland	unusable	U372	8210	Dullinger et al. 2001 (also: Grabherr et Mucina (1993) Vol II p. 410)	3
5136	Caricetum curvalae RÜBEL 1911	Primulo-Caricetum curvulae Br.-Bl. 1926 em. Oberd.1957; Caricetum curvulae Brockm.-Jer. 1907	natural grassland	Weakly grazed	R4331	6210	Frey 1921 Tab. II/1-18 (also Braun 1913 p. 175; Eggler 1954 Tab. 1; Heiselmayer 1982 Tab. 8 p. 187+174; Scharfetter 1994 Tab. 4/4-8; Donita et al. 2005 p. 135; Kricsfalusy 2013 tab. 3/PC p. 99)	93
5138	Salicetum herbaceae RÜBEL 1911		(semi-)aquatic community	unusable	S2111	6150	Frey 1922 p. 146 Tab. V/17-22 (also: Wendelberger 1953 Tab. 1/24-29; Heiselmayer 1982 Tab. 8 p. 187+172; Grabherr et Mucina 1993 p. 390; Donita et al. 2005 p. 151; Simon et Pocs 2012 tab. 3/11-13 p. 111; Fariselli et al. 2024 Tab. 35.1 p. 421)	35
5139	Cypero-Caricetum otrubae TÜXEN 1954		(semi-)aquatic community	unusable	R34		Tüxen et Oberdorfer 1958 Tab. 33 p. 95 (also: Diaz Conzález 1975 Tab. 7; Barbagallo et al. 1979 tab.2)	22
5140	Salicetum retusae-reticulatae BRAUN-BLANQUET in BRAUN-BLANQUET et JENNY 1926		natural shrubland	unusable	S212111		Zöttl 1951 p. 22 Tab. IV (also Höpflinger 1957 Tab. 7; Heiselmayer 1982 Tab. 7 p.179+ 180; Donita et al. 2005 p. 152)	25
5141	Asplenio billotii-Cheilanthetum hispanicae (RIVAS GODAY 1955) RIVAS-MARTÍNEZ et SÁENZ 1979		natural cryptogams fields	unusable	U346	8220	Belmonte 2008 Tab. 79 p. 402+391	11
5142	Hyperico nummularii-Pinguiculetum coenocantabricae DIAZ, GUERRA et NIETO 1982		natural grassland	unusable	U3D1 		Rivas-Martinez et al. 1984 Tab. 40 p. 157 (also: Crespo et al. 2021 tab.2/2 p. 2+5)	15
5143	Petrocoptidetum glaucifoliae RIVAS-MARTÍNEZ et al. 1984		natural scree vegetation	unusable	U38171	8210	Rivas-Martinez et al. 1984 Tab. 39 p. 156	12
5144	Linario filicaulis-Sperguletum viscosae RIVAS-MARTÍNEZ et al. 1984		natural scree vegetation	unusable	U3411		Rivas-Martinez et al. 1984 Tab. 44 p. 163	7
5145	Cystopterido pseudoregiae-Dryopteridetum submontanae RIVAS-MARTÍNEZ et al. 1984 		natural scree vegetation	unusable	U363	8210	Rivas-Martinez et al. 1984 Tab. 48 p. 167	5
5146	Alchemillo fissae-Luzuletum candollei RIVAS-MARTÍNEZ, COSTA et SORIANO 2002		natural scree vegetation	unusable	R41	6150	Rivas-Martinez et al. 2002 Tab. 2 p. 31	10
5147	Anthyllido lusitanicae-Tuberarietum guttatae AGUIAR et PENAS 2002		natural grassland	Weakly grazed	R1N1		Rivas-Martinez et al. 2002 Tab. 5 p. 36	10
5148	Spergulario rupicolae-Sedetum anglici ARBESÚ, BUENO et F. PRIETO 2002		natural grassland	Weakly grazed	N321	1230	Rivas-Martinez 2002 Tab. 91 p. 209+208	18
5149	Suaedetum spicato-splendentis RIVAS-MARTíNEZ, CANTÓ et SÁNCHEZ-MATA 2002		semi-)aquatic community	unusable	R613	1310	Rivas-Martinez 2002 Tab. 92 p. 211	10
5150	Galeopsio-Ptychotidetum saxifragae BOLÒS et VIVES 1956		natural scree vegetation	unusable	unusable		Bolòs 1956 Tab. XVI p. 201 (also Vives 1964 Tab. 4 + p. 123)	12
5151	Lactuceto·Silenetum inapertae BOLÒS 1956		natural scree vegetation	unusable	U282		Bolòs 1956 Tab. XVII p. 204	5
5152	Erodietum supracani BOLÒS 1956		natural rock community	unusable	U361		Bolòs 1956 Tab. XXIV p. 225	10
5153	Aphyllantheto-Plantaginetum mediae BOLÒS 1956	Plantagini mediae - Aphyllanthetum monspeliensis O. de Bolòs (1948) 1956; Aphyllantho-Teucrietum pyrenaici Lapraz 1957	natural shrubland	Weakly grazed	S61		Bolòs 1956 Tab. XXXII p. 259 (also Bolòs 1976 Synth.-Tab. PlA p. 135 + Text p. 114)	81
5154	Aphyllantho-Seslerietum calcareae BOLÒS 1976		natural shrubland	Weakly grazed	S61		Bolòs 1976 Tab. 1 + Text p. 108	6
5155	Aphyllantho-Lavanduletum pyrenaicae BOLÒS 1960		natural shrubland	Weakly grazed	S61		Bolòs 1976 Synth.-Tab. ALp p. 135 + Text p. 113	10
5156	Astragalo-Linetum narbonensis BOLÒS 1976		natural shrubland	Weakly grazed	S61		Bolòs 1976 Synth.-Tab. 2 + Text p. 117	7
5157	Brachypodio-Aphyllanthetum BOLÒS 1956	Aphyllantheto-Scorzoneretum Lapraz 1960; Thymo-Avenetum ibericae Vives 1964	natural shrubland	Weakly grazed	S61		Bolòs 1976 Synth.-Tab.BrA p. 135 + Text p. 119	124
5158	Teucrio-Thymetum fontqueri BOLÒS (1960) 1967	Brachypodieto-Aphyllanthetum teucrio thymetosum loscosii O. Bolòs 1960; Teucrio-Thymetum angustifolii O.Bolòs 1967	natural shrubland	Weakly grazed	S61		Bolòs 1976 Synth.-Tab. TTh p. 135 + Text p. 121	7
5159	Salvio-Aphyllanthetum BOLÒS et VIGO 1967		natural shrubland	Weakly grazed	S61		Bolòs 1976 Synth.-Tab. SaA p. 135 + Text p. 122	26
5160	Eucladio verticillati-Adiantetum capilli-veneris BRAUN-BLANQUET ex HORVATIC 1934		natural rock community	unusable	U3D1 	32A0	Brullo et al. 1989 tab. 1 (also Fariselli et al. 2024 Tab. 20.1.1 p. 223)	21
5161	Anogrammo leptophyllae-Selaginelletum denticulatae MOLINIER 1937		natural rock community	unusable	U38141		Brullo et al. 2004 tab. 19	9
5162	Tuberario guttati-Plantaginetum bellardii AUBERT et LOISEL 1971		natural grassland	Weakly grazed	R1N1	6220	Guarino 1997 table 47	20
5163	Thero-Sedetum caerulei  sedetosum caespitosi BRULLO 1975		natural rock community	unusable	R1F15	6110	Brullo 1975 Tab. 1/1-26	26
5164	Thero-Sedetum caerulei saxifragetosum tridactylitis BRULLO 1975		natural rock community	unusable	R1F15	6110	Brullo 1975 Tab. 1/27-47	20
5165	Vulpio ciliatae-Trisetarietum aureae BRULLO 1975		natural grasland	Weakly grazed	R14	6220	Brullo 1975 Tab. 2	21
5166	Ononido breviflorae-Stipetum capensis BRULLO, GUARINO et RONSISVALLE 1998		natural grasland	Weakly grazed	R14	6220	Brullo et al. 1998 tab. 27	6
5167	Eryngio dichotomi-Lygeetum sparti GENTILE et DI BENEDETTO 1961		natural grasland	Weakly grazed	R14	6220	Brullo et Siracusa 2000 table 14	10
5168	Hyparrhenietum hirto-pubescentis A. et O. BOLÓS et BRAUN-BLANQUET 1950	Andropogono distachyonis-Phagnaletum saxatilis Molinier 1954; Adropogonetum hirto-pubescentis lathyretosum O. Bolòs (1962)	natural grasland	Weakly grazed	R14	6220	Bartolo et al. 1982 table 16	8
5169	Galio aetnici-Ampelodesmetum mauritanici MINISSALE 1995		natural grasland	Weakly grazed	R14		Minissale 1995 table 4	21
5170	Pulicario odorae-Brachypodietum retusi FERRO et LADERO 1999		natural grasland	Weakly grazed	R14	6220	Ferro etLadero 1999 table 1	10
5171	Diantho graminifoli-Brachypodietum retusi BRULLO, GIUSSO et SCUDERI 2010		natural grasland	Weakly grazed	R14	6220	C. Brullo et al. 2010 table 15C	7
5172	Trifolio-Brometum  OBERDORFER et A. HOFMANN 1967	Mesobrometum apenninum	semi-natural grassland	Mowing once	R19		Oberdorfer et A. Hofmann 1967 Tab. 5 + p. 115	9
5173	Bufonio-Salvietum lavandulifoliae BOLÒS 1967		natural shrubland	Weakly grazed	S61		Bolòs 1976 Synth.-Tab. BuS p. 135 + Text p. 123	7
5174	Thymo-Globularietum cordifoliae BOLÒS 1954		natural shrubland	Weakly grazed	S61		Bolòs 1976 Synth.-Tab. ThG p. 135 + Text p. 123	24
5175	Ononido-Santolinetum benthamianae BOLÒS 1976		natural shrubland	unusable	S61		Bolòs 1976 Synth.-Tab. 3 + Text p. 129	7
5202	Scirpetum sylvatici SCHWICKERATH 1944		natural grassland	Weakly grazed	R5512		Oberdorfer (1993) Vol III, Table 220/11 (also Lienenbecker 1971 Tab. 28a + p. 129; Dierschke et Vogel 1981 Tab. 6/3 + p. 175; Chytry et al. 2007 tab. 7/8 p. 251 and 264; Schubert 2001 p. 444; Fariselli et al. 2024 Tab. 41.1A-B)	302
5203	Scirpo sylvatici-Cirsietum cani BALATOVA-TULACKOVA 1973		natural grassland	Weakly grazed	R5524	6510	Chytry et al. 2007 tab. 7/7 p. 251 and 262	30
5204	Polygonetum bistortae HUNDT 1964	included in Angelico-Cirsietum Tx. 1937	natural grassland	Weakly grazed	R351	6430	Tüxen et Oberdorfer 1958 Tab. 40/A + p. 128 (also Oberdorfer 1993 Vol III, Table 223/6c; Schubert 2001 p. 448; Chytry et al. 2007 tab. 7/3 p. 251+247)	228
5205	Cirsietum rivularis NOWINSKI 1928	included in Angelico-Cirsietum oleracei Tx. 1937; Trollio-Cirsietum rivularis OBERDORFER 1957; Valeriano - Cirsietum salisburgensis ( = rivularis ) ( OBERDORFER et al . 1967	natural grassland	Weakly grazed	R351	6430	Oberdorfer (1993) Vol III, Table 220/8 (also: Chytry et al. 2007 tab. 7/2 p. 251+245)	222
5206	Juncetum filiformis TÜXEN 1937	included p.p. in Crepis paludosa-Juncus acutiflorus-Gesellschaft	natural grassland	Weakly grazed	Q22222	7140	Tüxen (1937) p. 93 (also Oberdorfer (1993) Vol III, Table 220/12; Schubert 2001 p. 359)	42
5207	Caricetum elatae comaretosum W. KOCH 1926		natural moorland	unusable	Q531	7140	Passarge (1964) Table 20b,d (also Oberdorfer (1998) Vol I, Table 36/1d; Soó 1964b p. 145; Klemm 1969 Tab. 14/1 + p. 50)	94
5208	Phragmitetum communis SCHMALE 1939	Scirpo-Phragmitetum W. Koch 1926 (s. l.) medioeuropaeum Tx. 1941	semi-)aquatic community	unusable	Q51B1	7230	Oberdorfer (1998) Vol I, Table 26/5a-5d (also: Eggler 1961 Tab. 1/1-7; Soó 1964b p. 138; Linhard 1964 Tab. IIb; Lienebecker 1971 Tab. 21a + p. 114; Dierßen 1973b Tab. 12c + p. 35; Böcker 1978 Tab. 3 p. 51; Pott 1980 Tab. 17/69-140 + p. 93; Pujol et al. 20	1149
5209	Epilobio-Juncetum effusi OBERDORFER 1957	included in Calthion-Basalass.	natural grassland	extensive mowing 	Q51B1	7230	Oberdorfer (1998) Vol III, Table 220/13 (also Eggler 1959 Tab. 8; Soó 1964b p. 166; Krisch 1967 Tab. IIIE + p. 393; Schubert 2001 p. 454; Donita et al. 2005 p. 166)	177
5210	Dactylorhizo sacciferae-Juncetum effusi BRULLO et GRILLO 1978		natural grassland	extensive mowing 	Q23		Brullo et Grillo 1978 tab. 4	21
5400	Asplenio-Seslerietum rigidae CSÜRÖS 1958	Asperulo capitatae - Seslerietum rigidae (Zólyomi1939) Coldea 1991; Seslerietum rigidae praebiharicum Zólyomi 1939	natural grassland	Weakly grazed	R443621	6170	Fink 1977 tab. 22 p. 135  (also: Donita et al. 2005 p.113; Matei 2018 tab. 1 p. 136)	48
5402	Agrostio-Beckmanietum (RAPAICS 1916) SOÓ 1933		natural grassland	Weakly grazed	R62271	1530	Soò 1933 in Dité et al. 2012 tab. 1/5 (also: Donita et al. 2005 p.41)	46
5403	Triglochineto maritimae-Asteretum pannonici (SOÓ 1927) TOPA 1939		natural tall-herb community	unusable	R62226	1530	Todor 1948 tab. 25 p. 117 (also: Donita et al. 2005 p. 51)	31
5404	Saliceto (rosmarinifoliae)-Holoschoenetum vulgaris MITITELU et al. 1973		natural tall-herb community	unusable	N1B1	2190	Oprea 2002 tab. 5 p. 148 (also: Donita et al. 2005 p. 61	10
5405	Campanulo abietinae-Vaccinietum (BUIA et al. 1962) BOSCAIU 1971		natural heath	Weakly grazed	S22122	4060	Fink 1977 tab. 40 p. 261 (also: Mardari et al. 2020 tab.1/3 p. 5; Donita et al. 2005 p. 90; Onea et al. 2012 p. 70,77)	165
5451	Pulsatillo pratensis-Phleetum phleoides PASSARGE 1959		semi-natural grassland	Weakly grazed	R1M2	6210	Passarge (1964) Table 84a-c (also: Sukopp 1953 Schubert 2001 p. 384)	67
5452	Tortulo-Phleetum arenariae (BRAUN-BLANQUET et DE LEEUW 1936) TÜXEN 1937		semi-natural pasture	extensive grazing	N1513	2330	Tüxen (1937) p. 58 (also Westhoff 1969 p. 155 and Schaminée et al. 2010 p. 208)	29
5501	Eriophoro-Sphagnetum recurvi HUECK 1925	included in Eriophorum vaginatum-Ass.	natural moorland	unusable	Q111125	7110*	Passarge (1964) Table 75a-b (also: Soó 1964b p. 155; Chytry et al. 2011 tab. 16/1 p. 724+710; Donita et al. 2005 p. 281)	206
5520	Potentillo arenariae-Stipetum capillatae LIBBERT 1933	Potentillo arenariae-Stipetum capillatae (Hueck 1931) Libbert 1933 nom. invers. propos.	natural grassland	Weakly grazed	R1A4	6240*	Passarge (1964) Table 85a-h	57
5601	Teesdalio-Sperguletum vernalis TÜXEN 1955	included in Spergulo-Corynephoretum Libbert 1933	natural grassland	Weakly grazed	R1Q2	2330	Knapp 1944a Vol. 1 Tab. 2/7-16 (also Hohenester Tab. 2 p. 44; Passarge (1964) Table 78a-d; Oberdorfer (1993) Vol II, Table 79/5b/1; Schubert 1974c Tab. 2/3 + p. 295, 2001 p. 376)	186
5602	Festuco-Sperguletum vernalis PASSARGE 1960		natural grassland	Weakly grazed	R1Q2	2330	Passarge (1964) Table 78e,f	13
5740	Junco-Caricetum fuscae TÜXEN ex PASSARGE 1964		semi-natural grassland	Mowing twice, subsequent grazing	Q222	7140	Passarge (1964)  Table 72 c-h (also: Donita et al. 2005 p. 304)	43
5741	Carici limosae-Scheuchzerietum palustris (PAUL 1910) LIBBERT 1933		(semi-)aquatic community	unusable	Q254	7140	Tüxen 1937 p. 61 (also: Altehage 1955 Tab. 1; Weber 1982 Tab. 3/1 p. 123; Passarge 1999 Tab. 114g-l p. 172	59
5742	Pulicario paludosae-Agrostietum pourretii RIVAS GODAY1957		(semi-)aquatic community	unusable	R242	3170	Belmonte 2008 Tab. 130 p. 497+463 (also Espírito-Santo et Arsenio 2005 Tab. 1/7 p. 272+274	36
5743	Eryngio corniculati-Preslietum cervinae RIVAS GODAY 1957		(semi-)aquatic community	unusable	Q5232	3170	Belmonte 2008 Tab. 127 p. 495 (also Espírito-Santo et Arsenio 2005 Tab. 1/4 p. 272+273	19
5744	Junco pygmaei-Isoetetum velati RIVAS GODAY 1956		(semi-)aquatic community	unusable	Q5231	3170	Belmonte 2008 Tab. 128 p. 495+463 (also Espírito-Santo et Arsenio 2005 Tab. 1/6 p. 272+274)	9
5745	Hyperico humifusi-Cicendietum filiformis RIVAS GODAY (1964) 1970		(semi-)aquatic community	unusable	Q62	3170	Belmonte 2008 Tab. 132 p. 499+465 	7
5746	Glino lotoides-Verbenetum supinae RIVAS GODAY 1964		(semi-)aquatic community	unusable	Q5231	3170	Belmonte 2008 Tab. 137 p. 503+467 (also: Brullo et Marceno 1974 Tab. 1)	34
5747	Stellario uliginosae-Montietum variabilis DE FOUCAULT 1981		natural cryptogams fields	unusable	Q24111	7160	Belmonte 2008 Tab. 141 p. 505+473	10
5748	Typho angustifoliae-Phragmitetum australis (TÜXEN et PREISING 1942) RIVAS-MARTÍNEZ et al. 1991	Scirpo-Phragmitetum mediterraneum R. Tx. & Preising 1942; Schoenoplecto-Phragmitetum R. Tx. & Preising 1942; 	(semi-)aquatic community	unusable	Q5132	7230	Molina et Morena 2003 tab. 1/1-8 p. 182 (also: Brullo et Ronsisvalle 1975 tab. 2; Belmonte 2008 Tab. 143 p. 507+475)	69
5749	Pinguiculo grandiflorae-Caricetum lepidocarpae RIVAS-MARTÍNEZ et al. 1984		(semi-)aquatic community	unusable	Q413	7230	Rivas-Martinez et al. 1984 Tab. 54 p. 182	8
5750	Erico tetralicis-Trichophoretum germanici RIVAS-MARTÍNEZ et al. 1984		(semi-)aquatic community	unusable	Q2233	7140	Rivas-Martinez et al. 1984 Tab. 55 p. 184	6
5751	Carici echinatae-Trichophoretum caespitosi RIVAS-MARTÍNEZ, COSTA et SORIANO 2002		(semi-)aquatic community	unusable	Q2233	7140	Rivas-Martinez 2002 Tab. 26 p. 76 (also: Krisai et Peer 1980 Tab. 1 + p. 42)	13
5752	Tofieldio calyculatae-Caricetum pulicaris RIVAS-MARTíNEZ, COSTA et P. SORIANO 2002		natural moorland	unusable	Q421	7230	Rivas-Martinez 2002 Tab. 94 p. 215	9
5753	Camphorosmetum annuae (RAPAICS 1916) SOÓ 1933		natural tall-herb community	unusable	R62232	1530	Donita et al. 2005 p.38 (also: Dite et al. 2008 tab. 1/1-17)	21
5754	Artemisio-Petrosimonietum triandrae SOÓ 1927		natural tall-herb community	unusable	R62213	1530	Todor 1948 tab.21 p. 107 (also Donita et al. 2005 p.39	6
5755	Pholiuro-Plantaginetum tenuiflorae (RAPAICS 1927) WENDELBERGER 1943		natural tall-herb community	unusable	R62234	1530	Donita et al. 2005 p.44 (also: Dite et al. 2010 tab. 1 p. 305)	22
5756	Helictotrichetum decori DOMIN 1932		natural grassland	Weakly grazed	R1B512	6170	Fink 1977 tab. 24 p. 150 (also: Donita et al. 2005 p. 114; Stefan 2008 p. 72)	19
5757	Danthonio-Stipetum stenophyllae GHISA 1941		natural grassland	Weakly grazed	R1B24	6210	Donita et al. 2005 p. 118 (also: Chirila et Vassilev 2024 Tab. E1/5)	25
5758	Salvio nutanti-nemorosae-Festucetum rupicolae ZÓLYOMI 1958		natural grassland	Weakly grazed	R1B71	62C0	Todor 1948 tab. 31 p. 136 (also: Donita et al. 2005 p. 115; Chirila et Vassilev 2024 Tab. E1/13)	17
5759	Seslerietum filifoliae  ZÓLYOMI 1939		natural grassland	Weakly grazed	R1B512	8210	Donita et al. 2005 p. 120 (also: Mataca 2006 tab. 2 p. 10)	13
5760	Cleistogeno-Festucetum rupicolae SÓO 1964		natural grassland	Weakly grazed	R1B71	6240	Donita et al. 2005 p. 123 (also: Chirila et Vassilev 2024 Tab. E1/3)	34
5761	Medicagini minimae-Festucetum valesiacae WAGNER 1941		natural grassland	Weakly grazed	R1B71	6240	Donita et al. 2005 p. 123 (also: Strimmer 1974 Tab. I/1-11 + p. 18; Petrescu 2017 p. 62; Chirila et Vassilev 2024 Tab. E1/11)	27
5762	Botriochloetum (Andropogonetum) ischaemi (KRIST. 1937) POP 1977		natural grassland	Weakly grazed	R1B12	62C0	Donita et al. 2005 p. 124 (also Todor 1948 tab. 33 p. 138; Strimmer Tab. III + p. 24; Petrescu 2027 p. 63)	33
5763	Festucetum callieri DIHORU 1969		natural grassland	Weakly grazed	R1B71	62C0	Donita et al. 2005 p. 125 (also: Sanda et al. 2008 p.272)	8
5764	Agropyro-Thymetum zygioidi DIHORU (1969) 1970		natural grassland	Weakly grazed	R1B71	62C0	Donita et al. 2005 p. 126 (also Petrescu 2017 p. 65)	4
5765	Oxytropido carpaticae-Elynetum (PUSCARU et al. 1956) COLDEA 1991		natural grassland	Weakly grazed	R4424	6170	Petrik et al. 2005 Tab. 1 (also:Donita et al. 2005 p. 134)	24
5766	Festucetum supinae DOMIN 1933	Potentillo chrysocraspedae-Festucetum airoidis Boscaiu 1971; Antennario-Festucetum sudeticae Dihoru 1975; Festucetum supinae subalpinae Sillinger 1933	natural grassland	Weakly grazed	R43332	6230	Donita et al. 2005 p. 138 (also: Oprea 2006/2007 tab. 4/3-4)	39
5767	Festucetum versicoloris transsilvanicum SOÓ 1944	Seslerio-Festucetum versicoloris BELDIE 1967; Festucetum versicoloris Puscaru etal. 1956	natural grassland	Weakly grazed	R44362	6170	Fink 1977 tab. 20 p. 125 (also: Zamfirescu et al. 2005 tab. 3 p. 132; Donita et al. 2005 p. 139; Kricsfalusy 2013 tab. 3/SF p. 99)	54
5768	Diantho tenuifolii-Festucetum amethystinae (DOMIN 1933) COLDEA 1984	Festucetum amethystinae Puscaru et al. 1956; Festucetum amethystinae transsilvanicum Nyárády 1967	natural grassland	Weakly grazed	R44362	6170	Zamfirescu et al. 2005 tab. 1 p. 129 (also: Donita et al. 2005 p. 142; Kricsfalusy 2013 tab. 3/TF p. 99)	34
5769	Scorzonero roseae-Festucetum nigricantis (PUSCARU et al. 1956) COLDEA 1978	Festucetum rubrae fallax Puscaru et al. 1956, Festucetum rubrae montanum Csürös et Resmeritã 1960	natural grassland	Weakly grazed	R43172	6230	Donita et al. 2005 p. 143 (also: Claudiu et Petru 2013 tab. 1/A; Oana et al. 2012 p.129 )	29
5770	Violo declinatae-Nardetum SIMON 1966	Nardetum strictae montanum Resmeritã et Csürös 1963, Nardetum strictae alpinum Buia et al. 1962, Nardetum alpigenum austro-carpaticum Borza 1959	natural grassland	Weakly grazed	R43172	6230	Coldea et Pinzaru 1987 tab. 5/7-8 p. 116  (also: Grigoriu et Alda 2004 tab. 1 p. 97; Donita et al. 2005 p.145; Claudiu et Petru 2013 tab. 1/B)	70
5771	Poëtum mediae CSÜRÖS et al. 1956		natural grassland	Weakly grazed	R431	6230*	Donita et al. 2005 p. 146 (also: Onete et al. 2020 Tab.3/Bud)	16
5772	Cardo kerneri-Festucetum carpaticae (PUSCARU et al. 1956) COLDEA 1990	Festucetum carpaticae Puscaru et al. 1956	natural grassland	Weakly grazed	R45	6170	Donita et al. 2005 p. 150 (also: Sanda et al. 2008 p. 212; Kricsfalusy 2013 tab. 3/FC p. 99)	13
5773	Festucetum xanthinae BOSCAIU 1971		natural grassland	Weakly grazed	R45	6170	Donita et al. 2005 p. 151	6
5774	Aconietum taurici retezetense BORZA 1934	Aconietum taurici Borza 1934 ex Coldea 1990	natural tall-herb community	unusable	R56143	6430	Donita et al. 2005 p. 158	7
5775	Adenostylo-Doronicetum austriaci HORVAT 1956	Adenostyletum alliariae banaticum Borza 1946	natural tall-herb community	unusable	R56141	6430	Donita et al. 2005 p. 159 (also: Oana et al. 2012 p. 84, 88; Kricsfalusy 2013 tab. 3/RA p. 99)	18
5776	Cirsio waldsteinii-Heracleetum transsilvanici PAWLOWSKI et WALAS 1949	Cardueto-Heracleetum palmati Beldie 1967 	natural tall-herb community	unusable	R5614	6430	Fink 1977 tab. 37 p. 239 (also:Donita et al. 2005 p. 160)	14
5777	Festucetum pictae KRAJINA 1933	Festuco pictae-Senecionetum carniolicae Lungu et Boscaiu 1981;	natural scree vegetation	unusable	U221	8110	Donita et al. 2005 p. 138 (also: Kricsfalusy 2013 tab. 3/GF p. 99)	26
5778	Papavero-Festucetum violacea BELDIE 1967	Cardaminopsio neglectae-Papaveretum Coldea et Pânzaru 1986	natural scree vegetation	unusable	U264	8120	Donita et al. 2005 p. 323	6
5779	Sedo fabariae-Geranietum macrorrhizi BOSCAIU et TÄUBER 1977	incl. Geranietum macrorrhizi Boscaiu 1971	natural scree vegetation	unusable	U264	8210	Donita et al. 2005 p. 330 (also: Stefan 2008 p. 73)	11
5780	Artemisio petrosae-Gypsophiletum petraeae PUSCARU et al. 1956	Artemisia petrosa-Trisetum alpestre Beldie 1967	natural scree vegetation	unusable	U265	8210	Fink 1977 tab. 4 p. 52 (also: Donita et al. 2005 p. 335; Oana et al. 2012 p.112)	17
5781	Senecio glaberrimi-Silenetum lerchenfeldianae BOSCAIU, TÄUBER et COLDEA 1977		natural scree vegetation	unusable	U363	8220	Donita et al. 2005 p. 336 (also: Drăgulescu and Schneider-Binder 2014 tab.2/7 p. 40)	12
5782	Asplenio quadrivalenti-Poëtum nemoralis SOÓ ex GERGELY et al. 1966	Poëtum nemoralis calcicolum Csürös 1958, Asplenio – Poëtum nemoralis Soó 1944, Sedo hispanici – Poëtum nemoralis (Soó 1944) Pop et Hodisan 1985	natural scree vegetation	unusable	U265	8240	Fink 1977 tab. 7 p. 56 (also: Donita et al. 2005 p. 336; Drăgulescu and Schneider-Binder 2014 tab.2/7 p. 40)	32
5783	Sempervivetum heuffelii SCHNEIDER-BINDER 1969		natural scree vegetation	unusable	U34	8220	Donita et al. 2005 p. 353 	8
5784	Polytrichetum sexangularis FREY 1922	Polytrichetum sexangularis BRAUN-BLANQUET 1926	natural cryptogams fields	unusable	U3211/R4111	6150	Frey 1922 p. 146 Tab. V/23-27 (also: Grabherr et Mucina 1993 p. 388; Donita et al. 2005 p. 357; Simon et Pocs 2012 Tab. 3/6-7 p. 111; Fariselli et al. 2024 Tab. 35.4 p. 428)	16
5785	Nardo-Gnaphalietum supini BARTSCH 1940		natural cryptogams fields	unusable	R4112	6150	Gorski 2004 Tab.1 p. 73 (also: Donita et al. 2005 p. 361; Fariselli et al. 2024 Tab. 35.2 p. 423)	46
5820	Caricetum diandrae JONAS 1932	Caricetum diandrae Osvald 1923 nom. conserv. propos.	natural moorland	unusable	Q252	7140	Passarge (1964)  Table 72 a,b (also Todor 1948 tab. 15 p. 86; Oberdorfer (1998) Vol I, Table 66/4a; Soó 1964b p. 148; Chytry et al. 2011 tab. 12/5 p. 549+538; Donita et al. 2005 p. 305)	89
5821	Eleocharitetum uniglumis ALMQUIST 1929	Eleocharitetum uniglumis Almquist 1929 nom. conserv. propos.	natural moorland	unusable, subsequent grazing	MA223M	1330	Braun 1970 p. 120 (also: Härdtle 1984 Table 4; Fariselli et al. 2024 Tab. 09.15)	22
5822	Salicornietum strictae CHRISTIANSEN ex TÜXEN 1974		semi-natural grassland	Mowing twice, subsequent grazing	MA2244	1310	Passarge (1964) Table 52a (also Dircksen 1968 p. 187; Härdtle (1984) Table 5; Schubert 2001 p. 231)	68
5823	Puccinellietum maritimae CHRISTIANSEN 1927		semi-natural grassland	Mowing twice, subsequent grazing	MA2243	1330	Tüxen (1937) p. 47 (also Braun-Blanquet et Tüxen 1951 Tab. 25 and p. 273; Passarge 1964 Table 52c; Dircksen 1968 p. 189; Härdtle 1984 Table 6; Westhoff 1969 p. 170 and Schaminée et al. 2010 p. 273; Beudin et al. 2021 Tab. XIV p. 50)	178
5824	Spergulario-Puccinellietum distantis FEEKES 1934	Spergulario-Puccinellietum distantis Feekes (1934) 1943	semi-natural grassland	Mowing twice, subsequent grazing	MA2244	1340*	Passarge (1964) Table 52e (also Krisch 1967 Vol. 2 Tab. VII/253-256 + p. 62; Jeckel 1977 Ta. 1 p. 244; Härdtle (1984) Table 7, Tüxen 1937 p.47; Westhoff 1969 p. 175 and Schaminée et al. 2010 p. 278; Schubert 2001 p. 233)	152
5825	Juncetum gerardii (WARMING 1906) NORDHAGEN 1923		semi-natural grassland	Mowing twice, subsequent grazing	MA2243	1330	Braun-Blanquet et Tüxen 1951 Tab. 26 + p. 278 (also Krisch 1967 Vol. 2 tab. VII/263-267 + p. 63; Westhoff et Den Held 1969 p. 172; Schwabe 1972 tab. 2/4 + text p. 18; Soó 1964b p. 182; Berg et al. 2004 tab. 14.123 + text p. 233; Schaminée et al. 2010 p. 2	1285
5826	Atriplici-Elytrigietum pungentis BEEFTINK et WESTHOFF 1962		(semi-)aquatic community	unusable	MA3322	1330	Westhoff et Den Held 1969 p. 123 (also Schaminée et al. 2010 p. 290)	47
5827	Suaedetum maritimae (CONRAD 1935) PIGNATTI 1953		(semi-)aquatic community	unusable	MA3322	1330	Westhoff et Den Held 1969 p. 70 (also Brullo et DiMartino 1974 tab.12; Schaminée et al. 2010 p. 272)	49
5828	Atriplicetum littoralis WARMING 1906) WESTHOFF et BEEFTINK 1950		(semi-)aquatic community	unusable	MA3322	1330	Westhoff et Den Held 1969 p. 71 (also Tüxen et Böckelmann 1957 Tab. 1; Schaminée et al. 2010 p. 263)	48
5829	Halimionetum portulacoides KUHNHOLTZ-LORDAT 1927		(semi-)aquatic community	unusable	MA3322	1330	Westhoff et Den Held 1969 p. 171 (also Schaminée et al. 2010 p. 277; Beudin et al. 2021 Tab. XVI p. 54)	74
5830	Elymo curvifolii-Juncetum maritimi  RIVAS-MARTINEZ 1984	Iridi spuriae-Juncetum maritimi Rivas-Martínez et al. 1983; Soncho crassifolii-Juncetum maritimi sensu Cirujano 1981	(semi-)aquatic community	unusable	MA223A	6420	Rodriguez Rojo et al. 2009 Tab. 4 p. 44	6
5831	Juncetum maritimo-acuti HORVATIC 1934 		(semi-)aquatic community	unusable	MA2511	6420	Brullo et Sciandrello 2006 tab.10 (also: Fariselli et al. 2024 Tab. 15.2A-B)	17
5832	Schoeno nigricantis - Plantaginetum crassifoliae BRAUN-BLANQUET 1931		(semi-)aquatic community	unusable	MA2511	6420	Brullo et Furnari 1976 p. 29	21
5833	Arthrocnemo-Juncetum subulati BRULLO et FURNARI 1976		(semi-)aquatic community	unusable	MA2511	1420	Brullo et Furnari 1976 Tab.a p. 14	61
5834	Salicornio fruticosae-Limonietum ferulacei PIGNATTI 1952		(semi-)aquatic community	unusable	MA2511	1420	Brullo et DiMartino 1974 tab. 7 (also Pignatti 1952 p. 82)	20
5835	Salsoletum sodae PIGNATTI 1953		(semi-)aquatic community	unusable	MA2511	1310	Brullo et DiMartino 1974 tab. 13 (also: ; Fariselli et al. 2024 Tab. 19.4A-B)	15
5836	Salicornietum fruticosae BRAUN-BLANQUET 1933	Puccinellio festuciformis-Arthrocnemetum fruticosi Géhu & Uslu 1989; Limonio bellidifolii-Sarcocornietum fruticosae ivas-Martínez et al. 2002	(semi-)aquatic community	unusable	MA2531		Corbetta 1968 Tab. 3 (also: Corbetta et al. 1984 Tab. 1B; Géhu et al. 1984 Tab. 17 in Fariselli et al. 2024 Tab. 17.2C	63
6001	Dryopteri-Cultopinetum HOFMANN 2002		semi-natural forest	Forest management	T359		Anders et al. (2002) Table 3-24 (also Hofmann 1997 p.74; Hofmann et Pommer 2013, Table X161 et p. 468f; Schubert 1972c Tab. 5/1b+ p. 213)	37
6002	Rubo-Cultopinetum HOFMANN 2002		semi-natural forest	Forest management	T359		Anders et al. (2002) Table 3-21 (also Hofmann 1997 p.75; Hofmann et Pommer 2013, Table X162 et p. 470f)	70
6003	Brachypodio sylvaticae-Cultopinetum HOFMANN 2002		semi-natural forest	Forest management	T359		Anders et al. (2002) Table 3-31	24
6004	Arrhenathero-Cultopinetum HOFMANN 2002		semi-natural forest	Forest management	T359		Anders et al. (2002) Table 3-32 (also Hofmann et Pommer 2013 Tab. X182 p. 481)	28
6006	Rubo caesii-Deschampsio flexuosae-Cultopinetum HOFMANN 2002		semi-natural forest	Forest management	T359		Anders et al. (2002) Table 3-35 (also Hofmann 1997 p.80; Hofmann et Pommer 2013, Table X152 et p. 462f)	297
6007	Calamagrostio epigeos-Cultopinetum HOFMANN 2002		semi-natural forest	Forest management	T359		Anders et al. (2002) Table 3-33 (also Hofmann 1997 p.79; Hofmann et Pommer 2013, Table X153 et p. 464f; Schubert 1972c Tab. 5/1e + p. 216)	93
6008	Convallario-Cultopinetum HOFMANN 2002		semi-natural forest	Forest management	T359		Anders et al. (2002) Table 3-29 (also Schubert 1972c Tab. 5/1d + p. 216)	25
6009	Vaccinio myrtilli-Cultopinetum HOFMANN 2002	Myrtillo-Cultopinetum HOFMANN 1997	semi-natural forest	Forest management	T359	91T0	Anders et al. (2002) Table 3-27 (also Hofmann 1997 p.77)	196
6010	Deschampsio flexuosae-Cultopinetum HOFMANN 2002	Avenello-Cultopinetum HOFMANN 1997	semi-natural forest	Forest management	T359		Anders et al. (2002) Table 3-36 (also Hofmann 1997 p.81; Hofmann et Pommer 2013 p. 444)	274
6011	Festuco-Cultopinetum HOFMANN 1964		semi-natural forest	Forest management	T359		Anders et al. (2002) Table 3-37 (also Hofmann 1997 p.82; Hofmann et Pommer 2013 Tab. X181 p. 479)	14
6015	Molinio caerulae-Cultopinetum HOFMANN 1964		semi-natural forest	Forest management	T359		Anders et al. (2002) Table 3-34 (also Hofmann et Pommer 2013 p. 418)	27
6023	Vicio cassubicae-Cultopinetum HOFMANN 1964		semi-natural forest	Forest management	T359	91U0	Hofmann (1969) p. 406 (also Hofmann (1991) S. 60; Hofmann et Pommer 2013 Tab. X183 p. 483; Schubert 1972c Tab. 5/3a + p. 216)	21
6027	Sambuco nigrae-Cultopinetum HOFMANN 2002		semi-natural forest	Forest management	T359		Anders et al. (2002) Table 3-19	5
6028	Corylo-Cultopinetum HOFMANN 2002		semi-natural forest	Forest management	T359		Anders et al. (2002) Table 3-20 (also: Hofmann et Pommer 2013 p. 477)	13
6030	Rhamno frangulae-Cultopinetum HOFMANN 2002		semi-natural forest	Forest management	T359		Hofmann (1991) p. 61 (also: Hofmann et Pommer 2013 p. 428)	15
6032	Pteridio aquilini-Cultopinetum HOFMANN 1964		semi-natural forest	Forest management	T359		Anders et al. (2002) Table 3-25 (Hofmann et Pommer 2013 p. 422; Schubert 1972c Tab. 5/2a + p. 216)	59
6033	Urtico dioicae-Deschampsio caespitosae-Cultopinetum HOFMANN 2002		semi-natural forest	Forest management	T359		Hofmann et Pommer 2013 p. 430	16
6034	Brachypodio pinnati-Cultopinetum HOFMANN 2002		semi-natural forest	Forest management	T359	91U0	Anders et al. (2002) Table 3-30 (also Hofmann 1997 p.84; Hofmann et Pommer 2013 Tab. X184 p. 485; Schubert 1972 Tab. 3b + +p. 216)	52
6042	Dicrano-Cultopinetum HOFMANN 2002		semi-natural forest	Forest management	T359	91T0	Anders et al. (2002) Table 3-38 (also Hofmann 1997 p.83; Schubert 1972c Tab. 5/2b + p. 216)	107
6043	Oxalido-Myrtillo-Cultopinetum HOFMANN 1997		semi-natural forest	Forest management	T359		Hofmann et Pommer 2013, Table X151 et p. 459f	100
6044	Calamagrostio arundinacae-Myrtillo-Cultopinetum HOFMANN et POMMER 2013		semi-natural forest	Forest management	T359		Hofmann et Pommer 2013, Tab. X142 p.458f	18
6045	Calamagrostio canescentis-Cultopinetum sylvestris HOFMANN et POMMER 2013		semi-natural forest	Forest management	T359		Hofmann et Pommer 2013 Tab. X118 p. 433	23
6046	Agrostio-Deschampsio-Cultopinetum sylvestris HOFMANN et POMMER 2013		semi-natural forest	Forest management	T359		Hofmann et Pommer 2013 Tab. X132 p. 449	83
6047	Calluno-Myrtillo-Cultopinetum sylvestris HOFMANN et POMMER 2013		semi-natural forest	Forest management	T359		Hofmann et Pommer 2013 Tab. X141 p. 451	11
6048	Luzulo pilosae-Myrtillo-Cultopinetum sylvestris HOFMANN et POMMER 2013		semi-natural forest	Forest management	T359		Hofmann et Pommer 2013 Tab. X142 p. 454	349
6049	Pruno serotinae-Cultopinetum sylvestris HOFMANN et POMMER 2013		semi-natural forest	Forest management	T359		Hofmann et Pommer 2013 Tab. X154 p. 467	13
6050	Euphorbio-Rubo-Cultopinetum sylvestris HOFMANN et POMMER 2013		semi-natural forest	Forest management	T359		Hofmann et Pommer 2013 Tab. X163 p. 473 (also: Schubert 1972c Tab. 5/1c + p. 213)	66
6051	Veronico chamaedri-Cultopinetum sylvatici SCHUBERT 1972		semi-natural forest	Forest management	T359		Schubert 1972c Tab. 5/3c + p. 216	8
6052	Galio veri-Cultopinetum sylvatici SCHUBERT 1972		semi-natural forest	Forest management	T359		Schubert 1972c Tab. 5/3d + p. 217	7
6053	Helianthemo nummularii-Cultopinetum sylvatici SCHUBERT 1972		semi-natural forest	Forest management	T359		Schubert 1972c Tab. 5/3e + p. 217	7
6054	Primulo veri-Cultopinetum sylvatici SCHUBERT 1972		semi-natural forest	Forest management	T359		Schubert 1972c Tab. 5/3f + p. 217	8
6055	Coronillo vaginalis-Cultopinetum sylvatici SCHUBERT 1972		semi-natural forest	Forest management	T359		Schubert 1972c Tab. 5/3g + p. 217	15
6056	Seslerio variae-Cultopinetum sylvatici SCHUBERT 1972		semi-natural forest	Forest management	T359		Schubert 1972c Tab. 5/3h + p. 217	37
6101	Molinio-Cultopiceetum HOFMANN et POMMER 2013		semi-natural forest	Forest management	T327		Hofmann et Pommer 2013, Table X311 et p.512f	17
6102	Athyrio-Oxalido-Cultopiceetum abietis SCHUBERT 1972		semi-natural forest	Forest management	T327		Schubert 1972c Tab. 4/1a	15
6103	Epilobio montanae-Oxalido-Cultopiceetum abietis SCHUBERT 1972		semi-natural forest	Forest management	T327		Schubert 1972c Tab. 4/1b	15
6104	Pteridio-Cultopiceetum abietis SCHUBERT 1972		semi-natural forest	Forest management	T327		Schubert 1972c Tab. 4/1c	10
6105	Equiseto sylvatici-Cultopiceetum abietis SCHUBERT 1972		semi-natural forest	Forest management	T327		Schubert 1972c Tab. 4/1d	5
6106	Brachypodio sylvatici-Cultopiceetum abietis SCHUBERT 1972		semi-natural forest	Forest management	T327		Schubert 1972c Tab. 4/1e	5
6107	Oxalido-Cultopiceetum abietis typicum SCHUBERT 1972		semi-natural forest	Forest management	T327		Schubert 1972c Tab. 4/1f	10
6108	Epilobio angustifiliae-Cultopiceetum abietis SCHUBERT 1972		semi-natural forest	Forest management	T327		Schubert 1972c Tab. 4/2a	5
6109	Vaccinio myrtilli-Dicrano scoparii-Cultopiceetum abietis SCHUBERT 1972		semi-natural forest	Forest management	T327		Schubert 1972c Tab. 4/2b	10
6110	Bazzanio-Cultopiceetum abietis SCHUBERT 1973		semi-natural forest	Forest management	T327		Schubert 1972c Tab. 4/2c	25
6111	Dicrano scoparii-Cultopiceetum abietis SCHUBERT 1972		semi-natural forest	Forest management	T327		Schubert 1972c Tab. 4/2d	15
6112	Galio hercynici-Cultopiceetum oxalidetosum ZERBE 1994		semi-natural forest	Forest management	T327		Zerbe (1994) in Tuexenia Nr. 14, p. 73-81 Table 1c	43
6113	Galio hercynici-Cultopiceetum typicum ZERBE 1994		semi-natural forest	Forest management	T327		Zerbe (1994) in Tuexenia Nr. 14, p. 73-81 Table 1b	22
6114	Galio hercynici-Cultopiceetum leucobryetosum ZERBE 1994		semi-natural forest	Forest management	T327		Zerbe (1994) in Tuexenia Nr. 14, p. 73-81 Table 1a	14
6118	Deschampsio flexuosae-Cultopiceetum abietis HOFMANN 1997		semi-natural forest	Forest management	T327		Hofmann 1997 p.72 (auch: Hofmann et Pommer 2013, Table X312 et S.513)	24
6119	Rubo caesii-Deschampsio flexuosae-Cultopiceetum abietis HOFMANN et POMMER 2013		semi-natural forest	Forest management	T327		Hofmann et Pommer 2013 Tab. X313 p. 513	11
6120	Festuco altissimae-Cultopiceetum abietis HOFMANN et POMMER 2013		semi-natural forest	Forest management	T327		Hofmann et Pommer 2013 Tab. X315 p. 514	5
6121	Galio odorati-Cultopiceetum abietis HOFMANN et POMMER 2013		semi-natural forest	Forest management	T327		Hofmann et Pommer 2013 Tab. X316 p. 515	19
6122	Deschampsio cespitosae-Cultopiceetum abietis HOFMANN et POMMER 2013		semi-natural forest	Forest management	T327		Hofmann et Pommer 2013 Tab. X317 p. 515	10
6123	Sambuco-Cultopiceetum abietis HOFMANN et POMMER 2013		semi-natural forest	Forest management	T327		Hofmann et Pommer 2013 Tab. X318 p. 515	12
6201	Impatienti parviflorae-(Culto-)Robinietum pseudoacaciae SOFRON 1967		alien to nature	Forest management	T1H3		Chytry et al. 2013 tab. 4/10 p. 151+138 (also: Schubert, Hilbig, Klotz (1995) p. 91)	152
6202	Arrhenathero elatioris-(Culto-)Robinietum pseudoacacia SIMONOVIC et al. 2001		alien to nature	Forest management	T1H3		Chytry et al. 2013 tab. 4/12 p. 151+145 (also: Schubert, Hilbig, Klotz (1995) p. 91	39
6203	Chelidonio-(Culto-)Robinietum HOFMANN et POMMER 2013		alien to nature	Forest management	T1H3		Hofmann et Pommer 2013 Tab. Y41 p. 554	8
6204	Agrostio capillaris-(Culto-)Robinietum HOFMANN et POMMER 2013		alien to nature	Forest management	T1H3		Hofmann et Pommer 2013 Tab. Y42 p. 554	8
6301	Poo nemoralis-Cultoquercetum HOFMANN 2002		semi-natural forest	Forest management	T1BA		Anders et al. 2002 Table 3-75 (auch: Hofmann et Pommer 2013, Table Y15 et S.540)	73
6302	Galio odoratae-Cultoquercetum HOFMANN 2002		semi-natural forest	Forest management	T1BA		Anders et al. (2002) Table 3-74 (auch: Hofmann et Pommer 2013, Table Y13 et S.534)	87
6303	Dryopteri-Cultoquercetum HOFMANN 2002		semi-natural forest	Forest management	T1BA		Anders et al. (2002) Table 3-73	7
6304	Deschampsio cespitosae-Cultoquercetum roboris HOFMANN et POMMER 2013		semi-natural forest	Forest management	T1BA		Hofmann et Pommer 2013 Tab. Y11 p. 529	45
6305	Mercuriali-Cultoquercetum robori-petraeae HOFMANN et POMMER 2013		semi-natural forest	Forest management	T1BA		Hofmann et Pommer 2013 Tab. Y12 p. 532	9
6306	Milio-Cultoquercetum petraeae HOFMANN et POMMER 2013		semi-natural forest	Forest management	T1BA		Hofmann et Pommer 2013 Tab. Y14 p. 538	47
6307	Poo nemoralis-Calamagrostio arundinaceae-Cultoquercetum robori-petraeae HOFMANN et POMMER 2013		semi-natural forest	Forest management	T1BA		Hofmann et Pommer 2013 Tab. Y16 p. 543	12
6401	Carex acutiformis-Populus x euamericana-Gesellschaft HOFMANN et POMMER 2013		alien to nature	Forest management	T1H11		Hofmann et Pommer 2013 Tab. Y51 p. 558, 567	11
6402	Symphytum-Populus x euamericana-Gesellschaft HOFMANN et POMMER 2013		alien to nature	Forest management	T1H11		Hofmann et Pommer 2013 Tab. Y52 p. 557, 567	23
6403	Cirsium arvense-Carex acutiformis-Populus x euamericana-Gesellschaft HOFMANN et POMMER 2013		alien to nature	Forest management	T1H11		Hofmann et Pommer 2013 Tab. Y53 p. 557	13
6404	Urtica-Populus x euamericana-Gesellschaft HOFMANN et POMMER 2013		alien to nature	Forest management	T1H11		Hofmann et Pommer 2013 Tab. Y54 p. 558	10
6405	Aegopodium-Populus x euamericana-Gesellschaft HOFMANN et POMMER 2013		alien to nature	Forest management	T1H11		Hofmann et Pommer 2013 Tab. Y55 p. 558	12
6501	Calamagrostis canescens-Betula pendula-Gesellschaft HOFMANN et POMMER 2013		semi-natural forest	Forest management	T1C111		Hofmann et Pommer 2013 Tab. Y22 p. 545	8
6502	Pteridium-Betula pendula-Gesellschaft HOFMANN et POMMER 2013		semi-natural forest	Forest management	T1C111		Hofmann et Pommer 2013 Tab. Y24 p. 545	6
6503	Arrhenatherum-Betula pendula-Gesellschaft HOFMANN et POMMER 2013		semi-natural forest	Forest management	T1C111		Hofmann et Pommer 2013 Tab. Y26 p. 546	6
6504	Calamagrostis epigejos-Betula pendula-Gesellschaft HOFMANN et POMMER 2013		semi-natural forest	Forest management	T1C111		Hofmann et Pommer 2013 Tab. Y27 p. 546	15
6505	Oxalis acetosella-Betula pendula-Gesellschaft HOFMANN et POMMER 2013		semi-natural forest	Forest management	T1C111		Hofmann et Pommer 2013 Tab. Y28 p. 547	10
6601	Rubo caesii-Deschampsio flexuosae-Cultodouglasietum menziesii HOFMANN et POMMER 2013		alien to nature	Forest management	T3M1		Hofmann et Pommer 2013 Tab. X42 p. 524	26
6602	Oxalido-Cultodouglasietum menziesii HOFMANN et POMMER 2013		alien to nature	Forest management	T3M1		Hofmann et Pommer 2013 Tab. X43 p. 524	10
6603	Dryopterido-Cultodouglasietum menziesii HOFMANN et POMMER 2013		alien to nature	Forest management	T3M1		Hofmann et Pommer 2013 Tab. X45 p. 525	8
6701	Melico uniflorae-Cultolaricetum deciduae HOFMANN et POMMER 2013		semi-natural forest	Forest management	T3M1		Hofmann et Pommer 2013 Tab. X21 p. 506	11
6702	Rubo caesii-Cultolaricetum deciduae HOFMANN et POMMER 2013		semi-natural forest	Forest management	T3M1		Hofmann et Pommer 2013 Tab. X23 p. 507	8
6703	Oxalido-Cultolaricetum deciduae HOFMANN et POMMER 2013		semi-natural forest	Forest management	T3M1		Hofmann et Pommer 2013 Tab. X24 p. 507	14
6704	Rubo caesii-Deschampsio flexuosae-Cultolaricetum deciduae HOFMANN et POMMER 2013		semi-natural forest	Forest management	T3M1		Hofmann et Pommer 2013 Tab. X25 p. 508	18
6705	Calamagrostio epigejos-Cultolaricetum deciduae HOFMANN et POMMER 2013		semi-natural forest	Forest management	T3M1		Hofmann et Pommer 2013 Tab. X26 p. 508	19
6706	Myrtillo-Cultolaricetum deciduae HOFMANN et POMMER 2013		semi-natural forest	Forest management	T3M1		Hofmann et Pommer 2013 Tab. X27 p. 509	9
7001	Chenopodietum albi PASSARGE 1955	Erodio-Digitarietum ischaemi PASSARGE 1959	segetal vegetation	Root crop production	V391		Passarge 1959 Table 1 (also: Berger-Langefeldt et Sukopp 1965 Tab. 7 p. 84; Wedeck 1972 Tab. 1/c-i p. 197; Pujol et al. 2023 p. 328)	80
7002	Galeopsido-Digitarietum ischaemi OBERDORFER et HÜGIN 1957		segetal vegetation	Root crop production	V391		Passarge (1964) Table 31 a-b (also: Lienendecker 1971 Tab. 9a + p. 85; Schubert 2001 p. 597)	66
7003	Spergulo-Panicetum crus-gallii KRUSEMAN et VLIEGER 1939		segetal vegetation	Root crop production	V391		Passarge (1964) Table 31 c-h (also: Klemm 1970 Tab. 24/5-7 p. 12; Lienenbecker 1971 Tab. 9b + p. 86; Pujol et al. 2023 p. 328; Chytry et al. 2009 tab. 3/13 p. 96+127)	284
7004	Setario-Lycopsetum arvensis RAABE 1944		segetal vegetation	Root crop production	V391		Passarge 1959 Table 3b (also: Pujol et al. 2023 p. 329)	144
7005	Veronico-Fumarietum officinalis TÜXEN 1955		segetal vegetation	Root crop production	V391		Passarge 1959 Table 4a (also Lohmeyer 1953 Tab. 8 + p. 72; Lienenbecker 1971 Tab. 7b + p. 82; Wedeck 1972 Tab. 5e-h, 6e-h + p. 200; Callauch 1981 Tab. 1)	190
7006	Melandrio-Veronicetum politae PASSARGE 1959		segetal vegetation	Root crop production	V391		Passarge 1959 Table 5b	37
7007	Panico-Galiopsidetum speciosae PASSARGE 1959		segetal vegetation	Root crop production	V391		Passarge 1959 Table 7b	14
7008	Oxalido-Chenopodietum polyspermi SISSINGH 1942	Chenopodio-Oxalidetum fontanae Sissing 1950	segetal vegetation	Root crop production	V391		Passarge 1959 Table 6a (also: Meisel 1960 Tab. 2; Pujol et al. 2023 p. 329; Schubert 2001 p. 599)	524
7009	Teesdalio-Arnoseretum minimae TÜXEN 1937		segetal vegetation	cereal production	V391		Passarge (1964) Table 37 a-c (also Klemm 1970 Tab. 25 p. 13; Lienenbecker 1971 Tab. 11a + p. 93; Dierßen 1973b Tab. 4a + p. 22; Böcker 1978 Tab. 19/1-5 p. 98; Hüppe 1987 Tab. 9/1-5 + p. 39; Chytry et al. 2009 tab. 3/11 p. 96+120; Schubert 2001 p. 586)	481
7010	Papaveretum argemone KRUSEMAN et VLIEGER 1939		segetal vegetation	cereal production	V391		Passarge (1964) Table 38 d-i (also: Klemm 1970 Tab. 23/3,4 p. 10; Wedeck 1971 Tab. 1/2-18 + p. 21; Lienenbecker 1971 Tab. 11e + p. 94; Ullmann 1972 p. 58 rel. 1-3; Hüppe 1987 Veg.Tab. 2 + p. 46; Pujol et al. 2023 p. 326; Chytry et al. 2009 tab. 3/5 p. 96+	1100
7011	Aphano-Matricarietum chamomillae PASSARGE 1957		segetal vegetation	cereal production	V391		Passarge (1964) Table 38 a-c (also Soó 1964b p. 214; Lienenbecker 1971 Tab. 11c + p. 94; Hofmeister 1981 Tab. 3/96-172 + p. 54; Callauch 1981 Tab. 2; Hüppe 1987 Tab. 9/9-19 + p. 50; Schubert 2001 p. 591; Fariselli et al. 2024 Tab. 27.4 p. 331)	1656
7012	Ranunculetum arvensis PASSARGE 1964		segetal vegetation	cereal production	V391		Passarge (1964) Table 39 a-b	9
7013	Spergularia-Illecebretum verticillati WESTHOFF et SISSINGH 1940		segetal vegetation	Root crop production	V391		Passarge (1964) Table 13 a (also Pietsch 1963 Tab. XIV + p. II/39; Dierßen 1973b Tab. 2a + p. 19; Pietsch et Müller-Stoll 1974 Tab. 11 + p. 83; Täuber et Petersen 2000 Tab. 1/17-19 + p. 44; Schubert 2001 p. 344)	199
7014	Scirpetum setacei LIBBERT 1932	Stellario uliginosae-Isolepidetum setaceae (W.Koch 1926) Moor 1936	segetal vegetation	Root crop production	V391		Passarge (1964) Table 13 e-f (also: Lienenbecker 1971 Tab. 5 + p. 76; Pietsch et Müller-Stoll 1974 Tab. 12 + p. 85; Täuber et Petersen 2000 Tab. 1/22 + p. 54; Pujol et al. 2023 p. 126; Chytry et al. 2011 tab. 8/3 p. 342+324)	147
7015	Setario-Arnoseretum minimae PASSARGE 1957		segetal vegetation	cereal production	V391		Passarge (1964) Table 37 d-f	34
7016	Polygono-Galeopsidetum speciosae PASSARGE 1959		segetal vegetation	Root crop production	V391		Passarge 1959 Table 7a	13
7017	Lamio-Veronicetum politae KRUSEMAN et VLIEGER 1939		segetal vegetation	Root crop production	V391		Passarge 1959 Table 5a	30
7018	Caucalido-Adonidetum flammae TÜXEN 1950	Caucalido-Scandicetum Tx. (1928) 1950	segetal vegetation	cereal production	V391		Oberdorfer (1993) Vol III, Table 139/1 (also Knapp 1969 Tab. 4; Chytry et al. 2009 tab. 3/1 p. 96+82; Schubert 2001 p. 574)	150
7019	Sedo-Neslietum paniculatae OBERDORFER 1957		segetal vegetation	cereal production	V391		Oberdorfer (1993) Vol III, Table 139/2	70
7020	Adonido-Iberidetum amarae TÜXEN 1950	Adonido-Iberidetum amarae Allorge 1922;	segetal vegetation	cereal production	V391		Oberdorfer (1993) Vol III, Table 139/3 (also: Pujol et al. 2023 p. 327)	10
7021	Linarietum spuriae KRUSEMAN et VLIEGER 1939	Kickxietum spuriae Kruseman et Vlieger 1939	segetal vegetation	cereal production	V391		Oberdorfer (1993) Vol III, Table 139/4 (also: Burrichter 1964 Tab. p. 116; Hüppe 1987 Veg.Tab. 4 + p. 61; Pujol et al. 2023 p. 327)	131
7022	Apero-Lathyretum aphacae TÜXEN et V. ROCH n. inv. OBERDORFER 1951		segetal vegetation	cereal production	V391		Oberdorfer (1993) Vol III, Table 139/5	56
7023	Papaveri-Melandrietum noctiflori WASSCHER 1941	Euphorbio exiguae-Silenetum noctiflorae G. Müll. 1964; Lathyro-Silenetum noctiflorae Oberd. 1957	segetal vegetation	cereal production	V391		Oberdorfer (1993) Vol III, Table 139/6 + p. 30 (also Hofmeister 1981 Tab. 1 + p. 51; Chytry et al. 2009 tab. 3/1 p. 96+88; Schubert 2001 p. 576)	1913
7024	Alchemillo arvensis-Matricarietum chamomillae TÜXEN 1937 em. OBERDORFER 1958		segetal vegetation	cereal production	V391		Tüxen (1937) p. 18 (also Lohmeyer 1953 Tab. 7/4-6 + p. 72; Meisel 1960 Tab. 1; Kloss 1960 Tab. 1; Oberdorfer (1993) Vol III, Table 139/7; Soó 1964b p. 214; Pujol et al. 2023 p. 247)	254
7025	Galeopsio-Aphanetum arvensis MEISEL 1962	included in Holco-Galeopsietum Hilbig 1967; Spergulo-Scleranthetum annui  Kuhn 1937; Holco-Galeopsietum Hilbig 1967	segetal vegetation	cereal production	V391		Oberdorfer (1993) Vol III, Table 139/8 (also Chytry et al. 2009 tab. 3/8 p. 96+109)	459
7026	Setario-Galinsogetum parviflorae TÜXEN 1950		segetal vegetation	Root crop production	V391		Passarge 1959 Tab. 2b (also: Oberdorfer (1993) Vol III, Table 151/III; Schubert 2001 p. 594)	97
7027	Digitario sanguinalis-Galinsogetum parviflorae OBERDORFER 1957		segetal vegetation	Root crop production	V391		Oberdorfer (1993) Vol III, Table 151/IIB	86
7028	Spergulo-Chrysanthemetum segetum TÜXEN 1937	Spergulo-Chrysanthemetum segetum Br.-Bl. et De Leeuw ex Tx. 1937; Galeopsio-Sperguletum arvensis Pass. et Jurko 1975	segetal vegetation	Root crop production	V391		Tüxen (1937) p. 31 (also Meisel 1960 Tab. 3; Kloss 1960 Tab. 4, Oberdorfer (1993) Vol III, Table 149/18; Lienenbecker 1971 Tab. 8c + p. 83; Pujol et al. 2023 p. 329)	54
7029	Setario-Stachyetum arvensis OBERDORFER 1957		segetal vegetation	Root crop production	V391		Oberdorfer (1993) Vol III, Table 149/19 (also Soó 1964b p. 213)	24
7030	Panico-Chenopodietum polyspermi TÜXEN 1937		segetal vegetation	Root crop production	V391		Tüxen (1937) p. 29 (also Oberdorfer (1993) Vol III, Table 153/21A; Passarge 1959 Tab. 6b; Klemm 1970 Tab. 22 p. 8; Lienenbecker 1971 Tab. 8a + p. 82; Chytry et al. 2009 tab. 3/12 p. 96+123)	429
7031	Galeopsio-Chenopodietum polyspermi OBERDORFER 1957		segetal vegetation	Root crop production	V391		Oberdorfer (1993) Vol III, Table 153/21Ca (also Kloss 1960 Tab. 6/8-13)	67
7032	Portulaco-Amaranthethum BRUN-HOOL 1963		segetal vegetation	Root crop production	V391		Oberdorfer (1993) Vol III, Table 155/21C	9
7033	Galeopsio-Sperguletum arvensis PASSARGE in PASSARGE et JURKO 1975		segetal vegetation	Root crop production	V391		Oberdorfer (1993) Vol III, Table 149/22 (also Chytry et al. 2009 tab. 3/9 p. 96+112; Schubert 2001 p. 595)	359
7034	Soncho-Veronicetum agrestis BRAUN-BLANQUET em. MÜLLER et OBERDORFER 1948	included in Mercurialetum annuae Kruseman et Vlieger 1939	segetal vegetation	Root crop production	V391		Oberdorfer (1993) Vol III, Table 149/23 (also Chytry et al. 2009 tab. 3/7 p. 96+105)	306
7035	Mercurialetum annue KRUSEMAN et VLIEGER em. MÜLLER 1939		segetal vegetation	Root crop production	V391		Oberdorfer (1993) Vol III, Table 149/24 (also: Lienenbecker 1971 Tab. 7a + p. 82; Pujol et al. 2023 p. 330; Chytry et al. 2009 tab. 3/6 p. 96+103; Westhoff 1969 p. 83 and Schaminée et al. 2010 p. 310; Schubert 2001 p. 582)	733
7036	Geranio-Allietum vinealis TÜXEN 1950	Geranio-Allietum vinealis Tx. ex von Rochow 1951	segetal vegetation	Root crop production	V391		Oberdorfer (1993) Vol III, Table 149/25	183
7037	Setario-Veronicetum politae OBERDORFER 1957		segetal vegetation	Root crop production	V391		Oberdorfer (1993) Vol III, Table 157/26A - 26B (also: Schubert 2001 p. 580	277
7038	Thlaspio-Veronicetum politae GÖRS 1966	included in Caucalido daucoidis-Scandicetum pecten-veneris Tx. 1937	segetal vegetation	Root crop production	V391		Oberdorfer (1993) Vol III, Table 157/26C (also Wedeck 1972 Tab. 7 + p. 203; Hofmeister 1975 Tab. 1+2 + p. 27, 1981 Tab. 2 + p. 53)	223
7039	Thlaspio-Fumarietum officinalis GÖRS 1967	Thlaspio-Fumarietum officinalis Görs in Oberd. et al. 1967 ex Passarge et Jurko 1975	segetal vegetation	Root crop production	V391		Oberdorfer (1993) Vol III, Table 157/27A (also: Hofmeister 1981 Tab. 4 + p. 56; Schubert 2001 p. 583)	179
7040	Sedo-Fumarietum officinalis GÖRS 1967		segetal vegetation	Root crop production	V391		Oberdorfer (1993) Vol III, Table 157/27Ba	127
7041	Stellario mediae-Papaveretum rhoeadis SCHUBERT 1989	included in Papaveretum argemones Kruseman et Vlieger 1939	segetal vegetation	cereal production	V391		Schubert 2001 p. 578	167
7042	Amarantho-Chenopodietum albi SCHUBERT 1989		segetal vegetation	Root crop production	V391		Schubert 2001 p. 584 (also: Soó 1964b p. 210;  Pujol et al. 2023 p. 330)	145
7043	Stellario-Aperetum spicae-venti SCHUBERT 1989	included in Aphano-Matricarietum chamomillae Tx. 1937 nom. mutat. propos.	segetal vegetation	cereal production	V391		Schubert 2001 p. 593 (also Soó 1964b p. 215)	72
7044	Capnophyllo peregrini-Medicaginetum ciliaris DI MARTINO et RAIMONDO 1976		segetal vegetation	cereal production	V391		Di Martino et Raimondo 1976 table 2	20
7045	Setario glaucae-Echinochloetum colonum A. et O. BOLÓS ex O. BOLÓS 1956		segetal vegetation	vegetable production	V391		Brullo et Marcenò 1985 table 12	10
7046	Alopecureto-Galietum spurii BOLÒS 1956		segetal vegetation	cereal production	V391		Bolòs 1956 Tab. XVIII p. 206	4
7047	Setario-Fumarietum J. TÜXEN 1955		segetal vegetation	Root crop production	V391		Passarge 1959 Tab. 4b	21
