# ART_BERN5_ID	Plant_Name	pH_min	BS_min	CN_min	WI_min	CI_min	VP_min	CWB_min	PAR_min	pH_optmin	BS_optmin	CN_optmin	WI_optmin	CI_optmin	VP_optmin	CWB_optmin	PAR_optmin	pH_optmax	BS_optmax	CN_optmax	WI_optmax	CI_optmax	VP_optmax	CWB_optmax	PAR_optmax	pH_max	BS_max	CN_max	WI_max	CI_max	VP_max	CWB_max	PAR_max
1	Lolium perenne	3.2	5	12	6	6	90	-46	243	4	24	14	10	124	-23	389	6.6	81	28	38	25	226	46	826	7.5	100	33	46	30	260	69	972	972
2	Lotus pedunculatus	3.1	4	12	22	22	90	-46	240	3.8	23	30	10	116	-23	348	6.2	80	28	57	25	194	46	672	7	100	33	66	30	220	69	780	780
3	Luzula campestris	3	3	11	4	4	65	-46	8	3.8	22	16	13	96	-12	179	6.2	80	34	53	34	189	88	692	7	100	40	66	41	220	122	863	863
9	Oenanthe fistulosa	6	38	15	12	12	175	1	21	6.4	50	18	17	184	6	85	7.6	87	23	39	20	211	21	277	8	100	26	46	21	220	26	341	341
11	Petasites hybridus	4.7	25	10	8	8	115	-46	11	5.2	40	15	10	144	-23	221	6.9	85	24	37	25	231	46	852	7.5	100	28	45	30	260	69	1062	1062
14	Pimpinella major	5	28	8	6	6	90	-46	5	5.5	42	10	13	116	-12	146	7	85	22	23	34	194	88	570	7.5	100	26	28	41	220	122	712	712
15	Plantago coronopus	5.2	30	12	5	5	145	-46	423	5.6	44	7	8	154	-36	459	7	86	16	15	14	181	-7	569	7.5	100	17	18	16	190	2	605	605
17	Poa pratensis	3	3	8	4	4	90	-46	13	4	22	16	10	134	-23	226	7	80	28	53	25	266	46	864	8	100	33	66	30	310	69	1076	1076
18	Poa trivialis	3	3	7	4	4	90	-46	5	4	22	15	12	132	-17	193	7	80	26	48	30	258	69	758	8	100	31	60	36	300	98	946	946
19	Polygala vulgaris	3.2	5	18	4	4	90	-31	255	3.5	9	8	15	116	0	377	4.6	23	28	22	34	194	91	741	5	28	31	27	41	220	122	863	863
22	Primula veris	4.5	23	8	8	8	90	-46	5	5.2	38	13	13	116	-12	152	7.3	84	28	30	34	194	88	593	8	100	33	36	41	220	122	740	740
23	Ranunculus auricomus agg.	3.7	12	12	24	24	120	-46	4	4.4	29	31	10	140	-23	146	6.7	82	27	52	25	200	46	574	7.5	100	31	60	30	220	69	716	716
24	Ranunculus bulbosus	4.7	25	12	5	5	115	-22	317	5.2	40	8	14	136	-3	418	6.9	85	23	18	26	199	50	722	7.5	100	26	22	30	220	69	824	824
25	Ranunculus flammula	3.1	4	15	40	40	65	-36	113	3.7	13	45	14	96	-4	313	5.7	42	29	60	34	189	90	911	6.4	52	33	66	41	220	122	1111	1111
28	Ranunculus sceleratus	4.1	17	7	9	9	140	-36	372	4.7	33	16	11	150	-20	446	6.5	83	22	38	20	180	25	665	7.1	100	26	46	24	190	41	739	739
30	Rumex acetosa	3.1	4	12	4	4	90	-46	97	4	23	16	13	116	-12	292	7	80	28	53	34	194	88	877	8	100	33	66	41	220	122	1072	1072
32	Sagina procumbens	4.9	27	7	6	6	140	-36	376	5.4	41	18	10	152	-23	435	6.9	85	27	54	18	188	13	611	7.5	100	33	66	21	200	26	669	669
33	Ptilidium ciliare	3	3	18	4	4	90	-46	2	3.6	10	15	10	116	-23	59	5.4	34	35	48	25	194	46	232	6.1	42	40	60	30	220	69	290	290
35	Senecio aquaticus	3.7	12	15	32	32	120	-12	94	4.3	29	36	16	140	4	219	6.3	82	27	50	26	200	52	595	7	100	31	55	30	220	69	720	720
36	Serratula tinctoria	4.1	18	12	4	4	115	-46	17	4.7	34	12	13	136	-12	221	6.8	83	28	37	34	199	88	834	7.5	100	33	46	41	220	122	1038	1038
37	Silaum silaus	3.1	4	12	17	17	90	-46	240	3.9	23	26	10	116	-23	353	6.6	80	28	56	25	194	46	694	7.5	100	33	66	30	220	69	807	807
38	Stachys palustris	4.8	26	8	12	12	130	-46	21	5.3	40	20	9	148	-31	168	6.9	85	22	46	18	202	11	609	7.5	100	26	55	21	220	26	755	755
40	Taraxacum officinale	3	3	8	4	4	40	-46	4	4	22	15	13	76	-12	193	7	80	28	48	34	184	88	758	8	100	33	60	41	220	122	946	946
41	Trifolium dubium	3.2	5	12	4	4	90	-46	243	3.9	24	15	10	116	-23	378	6.2	81	27	48	25	194	46	781	7	100	31	60	30	220	69	916	916
42	Trifolium hybridum	5.5	34	12	4	4	135	-46	364	5.9	47	6	8	146	-34	420	7.1	86	20	15	15	179	0	590	7.5	100	22	18	18	190	12	647	647
44	Vicia tetrasperma	4.7	25	12	5	5	140	-36	436	5.1	40	14	9	10	150	-23	498	6.6	85	23	24	18	180	13	685	7.1	100	26	29	21	190	26	747
45	Achillea millefolium	3.3	6	8	4	4	90	-46	13	4.2	24	15	10	124	-23	200	7	81	28	48	25	226	46	760	8	100	33	60	30	260	69	946	946
46	Achillea ptarmica	3.1	4	16	22	22	130	-36	398	3.5	9	30	12	142	-14	466	4.9	26	29	57	26	178	52	671	5.4	32	33	66	31	190	74	740	740
47	Elytrigia repens	3.2	5	7	4	4	90	-46	16	4.1	24	15	10	136	-23	228	7	81	26	48	25	274	46	864	8	100	31	60	30	320	69	1076	1076
50	Agrostis capillaris	3.3	6	8	4	4	65	-46	4	3.7	14	14	13	96	-12	197	4.9	41	28	44	34	189	88	776	5.4	50	33	55	41	220	122	969	969
51	Allium angulosum	5.5	34	12	9	9	140	-46	364	6	47	15	8	150	-36	413	7.5	86	20	35	14	180	-7	561	8	100	22	42.7	16	190	2	610	610
53	Alopecurus pratensis	4.7	25	12	19	19	90	-46	30	5.2	40	27	10	116	-23	213	6.9	85	24	51	25	194	46	763	7.5	100	28	60	30	220	69	946	946
54	Anthoxanthum odoratum	3	3	12	4	4	65	-46	13	4	22	16	13	116	-12	205	7	80	28	53	34	269	88	780	8	100	33	66	41	320	122	972	972
55	Arrhenatherum elatius	3.2	5	8	4	4	90	-46	9	4	24	10	10	134	-23	223	6.6	81	28	29	25	266	46	863	7.5	100	33	36	30	310	69	1076	1076
56	Bromus racemosus	4.8	26	15	5	5	115	-46	9	5.2	40	9	10	136	-23	108	6.5	85	23	22	25	199	46	406	7	100	26	27	30	220	69	505	505
69	Centaurea scabiosa	4.9	27	12	4	4	115	-46	8	5.5	41	7	10	136	-23	168	7.3	85	23	19	25	199	46	647	8	100	26	23	30	220	69	807	807
70	Leucanthemum vulgare	3.2	5	8	4	4	70	-46	43	4.1	24	15	13	100	-12	229	7	81	28	48	34	190	88	784	8	100	33	60	41	220	122	969	969
71	Cirsium arvensis	3.3	6	7	10	10	115	-46	19	4.2	24	20	10	136	-23	225	7	81	26	50	25	199	46	845	8	100	31	60	30	220	69	1052	1052
73	Dactylorhiza incarnata	4.1	17	15	38	38	115	-36	317	4.7	33	43	12	130	-15	383	6.8	83	29	60	25	175	48	582	7.5	100	33	66	30	190	69	649	649
75	Eleocharis uniglumis	5.2	30	12	4	4	140	-27	227	5.5	44	16	14	156	-7	450	6.7	86	28	53	26	204	49	1120	7.1	100	33	66	30	220	69	1344	1344
77	Festuca arundinacea	4.8	26	12	21	21	140	-36	22	5.3	40	28	10	156	-23	149	6.9	85	28	52	18	204	13	532	7.5	100	33	60	21	220	26	660	660
78	Festuca pratensis	4.4	21	12	5	5	90	-46	243	5.1	36	16	10	116	-23	389	7.2	84	28	49	25	194	46	826	8	100	33	60	30	220	69	972	972
79	Festuca rubra	3.1	4	8	4	4	65	-46	22	3.8	23	16	13	114	-12	233	6.2	80	28	53	34	261	88	866	7	100	33	66	41	310	122	1076	1076
81	Galium boreale	4.8	26	12	7	7	140	-46	16	5.4	40	14	9	153	-31	174	7.3	85	28	38	18	192	11	649	8	100	33	46	21	205	26	807	807
85	Gymnadenia conopsea	4.9	27	12	4	4	90	-31	48	5.5	41	14	13	110	-11	164	7.3	85	23	44	25	170	49	511	8	100	26	55	30	190	69	626	626
86	Holcus lanatus	3.1	4	8	8	8	90	-46	35	4	23	19	10	124	-23	254	7	80	28	54	25	226	46	911	8	100	33	66	30	260	69	1130	1130
87	Hypericum maculatum	3.2	5	15	6	6	40	-31	8	3.6	10	10	15	76	0	161	4.8	25	27	22	34	184	91	619	5.2	30	31	27	41	220	122	772	772
88	Hypericum tetrapterum	5.6	34	12	9	9	115	-46	183	5.9	47	15	10	136	-23	270	7.1	86	23	36	25	199	46	531	7.5	100	26	43	30	220	69	618	618
89	Hypochaeris radicata	3.1	4	18	4	4	90	-46	78	3.5	9	14	10	128	-23	263	4.9	27	29	44	25	242	46	819	5.4	33	32	55	30	280	69	1004	1004
91	Iris sibirica	4.9	27	12	9	9	140	-46	426	5.3	41	16	7	150	-38	447	6.5	85	20	38	12	180	-15	508	7	100	22	46	14	190	-8	528	528
93	Juncus compressus	5.8	37	15	5	5	115	-36	227	6.1	49	17	10	130	-23	450	7.1	87	35	53	18	175	13	1120	7.5	100	40	66	21	190	26	1344	1344
98	Juncus tenuis	4.9	27	12	6	6	140	-36	376	5.3	41	13	10	150	-23	467	6.5	85	23	34	18	180	13	740	7	100	26	42	21	190	26	831	831
99	Lathyrus pratensis	4.9	27	12	7	7	90	-46	41	5.4	41	16	10	124	-23	216	6.9	85	28	46	25	226	46	741	7.5	100	33	56	30	260	69	916	916
100	Paris quadrifolia	4.7	25	12	6	6	110	-41	0	5.2	40	13	13	132	-8	56	6.9	85	27	34	34	198	89	223	7.5	100	31	42	41	220	122	279	279
101	Pulmonaria officinalis	4.4	21	10	6	6	110	-46	0	5.1	36	10	13	132	-12	47	7.2	84	26	23	34	198	88	187	8	100	31	28	41	220	122	233	233
102	Adoxa moschatellina	4	16	10	8	8	65	-46	0	4.7	32	18	13	90	-12	84	6.8	83	27	49	34	165	88	336	7.5	100	32	60	41	190	122	420	420
103	Veronica hederifolia	4.8	26	10	5	5	115	-46	4	5.3	40	13	12	10	148	-23	156	6.9	85	22	34	25	247	46	613	7.5	100	26	42	30	280	69	765
104	Cirsium oleraceum	4.1	17	7	25	25	110	-46	5	4.8	33	32	10	130	-24	160	7.2	83	27	53	23	190	38	625	8	100	33	60	28	210	60	780	780
105	Circaea lutetiana	4.8	26	12	8	8	110	-36	0	5.3	40	18	14	132	-4	105	6.9	85	27	48	34	198	90	421	7.5	100	31	58	41	220	122	526	526
106	Festuca gigantea	3.8	13	10	8	8	115	-46	4	4.5	30	18	10	136	-23	62	6.7	82	27	49	25	199	46	237	7.5	100	32	60	30	220	69	295	295
107	Carex sylvatica	3	3	12	8	8	110	-36	0	3.8	22	15	14	140	-4	56	6.2	80	27	37	34	230	90	223	7	100	31	45	41	260	122	279	279
108	Brachypodium sylvaticum	3.6	11	8	8	8	90	-46	0	4.3	28	18	13	136	-12	234	6.7	82	26	48	34	274	88	934	7.5	100	31	58	41	320	122	1168	1168
109	Melica uniflora	4	16	13	6	6	115	-27	4	4.6	32	10	16	148	2	134	6.4	83	27	23	34	247	92	524	7	100	31	28	41	280	122	654	654
112	Galium aparine	4.7	25	7	4	4	115	-46	4	5.1	40	15	10	154	-23	225	6.5	85	26	48	25	271	46	887	7	100	31	60	30	310	69	1107	1107
113	Dryopteris filix-mas	3.8	13	12	6	6	80	-46	2	4.5	30	15	13	108	-12	94	6.7	82	28	45	34	192	88	370	7.5	100	32	55	41	220	122	462	462
114	Veronica chamaedrys	3	3	8	4	4	90	-46	2	4	22	13	10	13	132	-12	191	7	80	28	29	34	258	88	757	8	100	33	36	41	300	122	946
115	Oxalis acetosella	3	3	8	4	4	55	-46	0	3.9	22	15	13	90	-12	169	6.6	80	27	48	34	195	88	678	7.5	100	32	60	41	230	122	847	847
116	Armeria maritima	3.6	11	12	5	5	140	-22	381	4.2	28	11	12	150	-15	447	6.3	82	27	31	16	180	5	644	7	100	31	38	18	190	12	710	710
117	Frangula alnus	3.3	6	10	4	4	90	-46	16	4	24	15	10	124	-23	16	6.2	81	50	48	25	226	46	16	7	100	60	60	30	260	69	16	16
119	Galium odoratum	4	16	12	6	6	110	-46	0	4.5	28	13	13	132	-12	58	6.2	67	27	34	34	198	88	235	6.8	80	31	42	41	220	122	294	294
120	Fraxinus excelsior	4.5	23	10	4	4	110	-46	268	5.1	38	15	13	132	-12	421	6.9	84	24	48	34	198	88	881	7.5	100	28	60	41	220	122	1034	1034
121	Poa nemoralis	3	3	8	4	4	110	-46	0	3.9	22	8	13	140	-12	205	6.6	80	26	23	34	230	88	823	7.5	100	31	28	41	260	122	1029	1029
122	Moehringia trinervia	3	3	8	4	4	90	-46	2	3.8	22	15	13	116	-12	67	6.2	80	28	48	34	194	88	263	7	100	33	60	41	220	122	328	328
123	Fagus sylvatica	3	3	11	7	7	110	-22	225	4	22	17	14	132	-3	423	7	80	27	49	26	198	50	1018	8	100	32	60	30	220	69	1216	1216
124	Ulmus laevis	4.5	23	15	8	8	140	-36	379	5.1	38	14	12	150	-15	475	6.9	84	23	35	25	180	48	760	7.5	100	26	42	30	190	69	855	855
125	Carpinus betulus	4	15	12	5	5	110	-46	268	4.8	32	12	13	132	-12	417	7.2	83	23	34	34	198	88	865	8	100	26	42	41	220	122	1015	1015
126	Quercus robur	3	3	8	2	2	105	-46	268	4	22	13	12	150	-17	510	7	80	33	48	30	285	69	1236	8	100	40	60	36	330	98	1478	1478
127	Arum maculatum	4.2	18	12	4	4	115	-12	3	4.8	34	11	17	136	10	58	6.8	83	23	34	31	199	76	224	7.5	100	26	42	36	220	98	279	279
128	Quercus petraea	3	3	8	3	3	115	-27	264	4	22	7	16	136	2	414	7	80	28	22	34	199	92	865	8	100	33	27	41	220	122	1015	1015
130	Melica nutans	3.3	6	8	4	4	90	-46	2	4.2	24	8	12	116	-17	113	7	81	26	23	30	194	69	444	8	100	31	28	36	220	98	555	555
131	Hieracium glaucinum	3	3	15	4	4	140	-22	14	3.4	8	7	14	156	-3	96	4.6	23	27	18	26	204	50	344	5	28	31	22	30	220	69	426	426
132	Calamagrostis epigejos	3	3	8	4	4	120	-46	2	4	22	14	13	158	-12	217	7	80	27	47	34	272	88	861	8	100	32	58	41	310	122	1076	1076
133	Ranunculus ficaria	4	16	10	12	12	115	-46	2	4.7	32	21	10	154	-23	223	6.8	83	27	48	25	271	46	886	7.5	100	32	58	30	310	69	1107	1107
134	Lathyrus niger	3.7	12	8	4	4	140	-46	5	4.4	29	8	13	164	-12	81	6.7	82	26	22	34	236	88	309	7.5	100	31	27	41	260	122	385	385
135	Primula elatior	4.4	21	12	8	8	65	-46	0	5	36	18	13	96	-12	84	6.8	84	27	49	34	189	88	336	7.5	100	31	60	41	220	122	420	420
137	Solanum dulcamara	3.7	12	10	33	33	115	-46	5	4.5	29	38	10	136	-23	252	7.1	82	27	54	25	199	46	993	8	100	32	60	30	220	69	1241	1241
138	Avenella flexuosa	3	3	8	4	4	40	-46	2	3.4	8	15	13	76	-12	159	4.9	26	49	48	34	184	88	632	5.4	32	60	60	41	220	122	789	789
139	Hedera helix	3	3	12	6	6	110	-46	3	4	22	13	13	152	-12	3	7	80	27	34	34	278	88	3	8	100	31	42	41	320	122	3	3
140	Stellaria holostea 	3	3	8	4	4	110	-46	0	3.8	22	14	13	132	-12	77	6.2	80	27	47	34	198	88	308	7	100	32	58	41	220	122	385	385
141	Betula pendula	3	3	8	2	2	90	-46	252	4	22	13	13	124	-12	392	7	80	49	48	34	226	88	812	8	100	60	60	41	260	122	952	952
145	Pseudoscleropodium purum	3	3	14	4	4	115	-46	1	3.8	22	15	10	136	-23	67	6.2	80	50	48	25	199	46	265	7	100	60	60	30	220	69	330	330
147	Lonicera alpigena	4.6	24	15	6	6	115	-17	9	5.2	39	10	17	125	10	9	7.3	84	23	24	35	155	94	9	8	100	26	29	41	165	122	9	9
149	Valeriana dioica	3.3	6	12	32	32	90	-46	61	4	24	37	10	110	-23	217	6.2	81	28	54	25	170	46	686	7	100	33	60	30	190	69	842	842
156	Hypnum cupressiforme	3	3	12	4	4	90	-46	3	3.8	22	15	13	128	-12	104	6.2	80	50	48	34	242	88	409	7	100	60	60	41	280	122	510	510
157	Mnium hornum	3	3	11	4	4	90	-36	0	3.6	11	7	14	110	-4	48	5.5	36	27	19	34	170	90	193	6.2	45	32	23	41	190	122	241	241
158	Lonicera periclymenum	3	3	15	4	4	115	-22	15	3.8	22	15	14	144	-3	15	6.2	80	29	48	26	231	50	15	7	100	33	60	30	260	69	15	15
159	Pleurozium schreberi	3	3	8	4	4	40	-46	0	3.8	22	15	13	76	-12	66	6.2	80	49	48	34	184	88	264	7	100	60	60	41	220	122	330	330
160	Sorbus aucuparia	3	3	12	4	4	70	-46	12	3.8	22	15	13	100	-12	117	6.2	80	50	48	34	190	88	432	7	100	60	60	41	220	122	537	537
161	Dryopteris dilatata	3	3	8	4	4	90	-36	2	4	22	15	14	115	-4	156	7	80	49	48	34	190	90	619	8	100	60	60	41	215	122	773	773
162	Humulus lupulus	3.6	11	8	32	32	130	-46	5	4.2	28	37	10	148	-23	106	6.3	82	27	54	25	202	46	408	7	100	32	60	30	220	69	508	508
163	Rubus idaeus	3	3	8	4	4	65	-46	3	4	22	15	13	90	-12	3	7	80	28	48	34	165	88	3	8	100	33	60	41	190	122	3	3
164	Athyrium filix-femina	3	3	8	4	4	90	-46	0	4	22	15	13	128	-12	105	7	80	27	48	34	242	88	421	8	100	32	60	41	280	122	526	526
165	Pteridium aquilinum 	3	3	8	4	4	90	-46	3	3.8	22	15	11	138	-18	224	6.2	80	49	48	29	282	65	887	7	100	60	60	35	330	93	1107	1107
167	Milium effusum	4	16	10	4	4	65	-46	0	4.5	24	15	13	96	-12	128	6	48	27	48	34	189	88	512	6.5	56	32	60	41	220	122	640	640
168	Maianthemum bifolium	3	3	8	4	4	65	-46	2	3.4	8	15	13	96	-12	90	4.7	24	28	48	34	189	88	355	5.2	30	33	60	41	220	122	444	444
169	Convallaria majalis	3	3	12	4	4	115	-46	4	4	22	11	10	136	-23	91	7	80	27	34	25	199	46	350	8	100	31	42	30	220	69	437	437
170	Calamagrostis arundinacae	4.1	17	15	4	4	70	-46	0	4.3	20	8	13	94	-12	178	5.1	29	29	20	34	166	88	712	5.4	32	33	24	41	190	122	891	891
171	Anemone nemorosa	3	3	10	4	4	110	-46	0	4	22	15	10	140	-23	55	7	80	26	48	25	230	46	223	8	100	31	60	30	260	69	279	279
172	Luzula pilosa	3.3	6	8	4	4	110	-46	0	3.7	13	15	13	126	-12	87	4.9	37	27	48	34	174	88	349	5.4	45	32	60	41	190	122	437	437
173	Carex pilulifera	3	3	8	4	4	65	-46	2	3.3	8	16	13	96	-12	156	4.5	24	28	53	34	189	88	618	4.9	30	33	66	41	220	122	772	772
174	Polytrichum formosum	3	3	8	4	4	90	-46	0	3.8	22	15	13	116	-12	53	6.2	80	49	48	34	194	88	212	7	100	60	60	41	220	122	265	265
176	Dicranum scoparium	3	3	12	4	4	55	-46	0	3.8	22	15	13	88	-12	65	6.2	80	50	48	34	187	88	260	7	100	60	60	41	220	122	325	325
178	Festuca ovina	3	3	11	4	4	90	-46	13	3.4	8	14	13	116	-12	165	4.9	26	28	44	34	194	88	620	5.4	32	33	55	41	220	122	772	772
179	Cladonia squarrosa	3	3	18	4	4	110	-46	7	3.6	11	8	10	132	-23	106	5.5	36	35	22	25	198	46	401	6.2	45	40	27	30	220	69	500	500
182	Dicranum undulatum	3	3	15	4	4	100	-46	0	3.8	22	15	10	124	-23	58	6.2	80	51	48	25	196	46	232	7	100	60	60	30	220	69	290	290
186	Prunus padus	3.6	11	10	24	24	110	-46	17	4.3	28	31	10	132	-23	17	6.7	82	27	52	25	198	46	17	7.5	100	32	60	30	220	69	17	17
187	Cephalanthera rubra	3.8	13	12	6	6	110	-22	7	4.6	30	10	16	140	2	91	7.1	82	27	23	31	230	74	342	8	100	31	28	36	260	98	426	426
188	Epipactis helleborine	5.2	30	12	5	5	140	-22	9	5.6	44	8	14	164	-3	92	7	86	20	19	26	236	50	343	7.5	100	22	23	30	260	69	426	426
190	Festuca arenaria	3.3	6	15	5	5	140	-22	115	3.9	16	8	13	150	-10	199	5.8	46	27	17	20	180	24	451	6.5	56	31	21	23	190	36	535	535
191	Dicranum polysetum	3	3	18	4	4	80	-36	4	3.8	22	7	14	108	-4	41	6.2	80	30	16	34	192	90	150	7	100	33	20	41	220	122	186	186
192	Phyteuma spicatum	3.8	13	12	4	4	55	-36	0	4.5	30	8	14	84	-4	108	6.7	82	27	23	34	171	90	429	7.5	100	31	28	41	200	122	537	537
193	Hepatica nobilis	4.5	23	11	4	4	115	-46	5	5.1	38	11	12	144	-17	135	6.9	84	23	34	30	231	69	524	7.5	100	26	42	36	260	98	654	654
194	Veronica officinalis	3	3	8	4	4	90	-46	8	3.6	12	12	8	13	116	-12	161	5.5	40	26	22	34	194	88	619	6.2	50	31	27	41	220	122	772
195	Dicranella heteromalla	3	3	15	4	4	90	-27	0	3.8	22	15	16	110	2	46	6.2	80	51	48	34	170	92	186	7	100	60	60	41	190	122	232	232
196	Polypodium vulgare	3	3	15	4	4	130	-27	14	3.4	8	7	12	148	-14	146	4.9	26	27	18	20	202	23	542	5.4	32	31	22	23	220	36	674	674
198	Circaea alpina	4.2	18	10	8	8	70	-36	3	4.7	34	18	13	100	-9	92	6.4	83	26	48	30	190	71	359	7	100	31	58	36	220	98	448	448
199	Sambucus nigra	3.3	6	7	4	4	90	-46	3	4.2	24	15	13	124	-12	3	7	81	26	48	34	226	88	3	8	100	31	60	41	260	122	3	3
200	Euonymus europaea	4	16	8	4	4	110	-46	3	4.8	32	15	13	140	-12	3	7.2	83	26	48	34	230	88	3	8	100	31	60	41	260	122	3	3
201	Crataegus monogyna 	4.2	18	8	4	4	105	-46	4	5.1	34	15	13	152	-12	4	8	83	26	48	34	293	88	4	9	100	31	60	41	340	122	4	4
202	Geum urbanum	3.3	6	8	4	4	110	-46	0	4.2	24	15	13	140	-12	206	7	81	26	48	34	230	88	823	8	100	31	60	41	260	122	1029	1029
203	Alliaria petiolata	4.8	26	10	4	4	125	-46	4	5.3	40	11	11	144	-12	114	6.9	85	22	34	29	201	88	444	7.5	100	26	42	35	220	122	554	554
204	Viola odorata	4.5	23	12	4	4	140	-46	4	5.2	38	15	8	10	156	-23	89	7.3	84	27	20	25	204	46	342	8	100	31	25	30	220	69	426
205	Dactylis glomerata	3	3	8	4	4	65	-46	4	4	22	15	13	114	-12	218	7	80	28	48	34	261	88	862	8	100	33	60	41	310	122	1076	1076
208	Ulmus glabra	4.6	24	8	8	8	110	-22	300	5.1	39	14	17	132	6	415	6.9	84	26	35	35	198	93	761	7.5	100	31	42	41	220	122	876	876
209	Corydalis intermedia	4.8	26	12	6	6	125	-46	4	5.3	40	10	10	142	-24	26	6.9	85	23	23	23	193	38	93	7.5	100	26	28	28	210	60	115	115
210	Corylus avellana	3	3	8	4	4	110	-46	3	4	22	11	13	144	-12	3	7	80	26	34	34	246	88	3	8	100	31	42	41	280	122	3	3
211	Cornus sanguinea	4	16	8	4	4	110	-46	4	4.7	32	15	13	140	-12	4	6.8	83	26	48	34	230	88	4	7.5	100	31	60	41	260	122	4	4
212	Glechoma hederacea	4.6	24	7	4	4	110	-46	0	5.2	39	15	13	132	-12	143	7.3	84	26	48	34	198	88	573	8	100	31	60	41	220	122	716	716
213	Stachys sylvatica	3.8	13	10	8	8	110	-46	0	4.5	30	17	13	132	-12	48	6.7	82	24	45	34	198	88	193	7.5	100	28	55	41	220	122	241	241
214	Campanula persicifolia	5.2	30	8	4	4	110	-46	5	5.7	44	8	12	132	-17	135	7.4	86	26	22	30	198	69	528	8	100	31	27	36	220	98	658	658
215	Astragalus glycyphyllos	4.5	23	8	6	6	115	-46	5	5.1	38	10	8	136	-34	44	6.9	84	22	22	15	199	0	161	7.5	100	26	27	18	220	12	200	200
216	Mercurialis perennis	4	16	8	4	4	40	-46	4	4.8	32	8	13	76	-12	91	7.2	83	26	23	34	184	88	351	8	100	31	28	41	220	122	438	438
217	Brachypodium pinnatum	4.8	26	8	4	4	90	-46	7	5.4	40	8	10	134	-23	230	7.3	85	26	22	25	266	46	901	8	100	31	27	30	310	69	1125	1125
218	Bromus ramosus	4	16	10	5	5	115	-46	5	4.7	32	9	10	136	-24	198	6.8	83	26	23	23	199	38	778	7.5	100	31	28	28	220	60	972	972
219	Acer platanoides	3.3	6	12	8	8	115	-46	314	4.2	24	11	9	136	-30	432	7	81	27	21	18	199	15	787	8	100	31	25	22	220	31	906	906
220	Viola riviniana	3	3	12	4	4	115	-46	2	3.4	12	15	8	13	137	-12	235	4.9	40	27	20	34	203	88	935	5.4	50	31	24	41	225	122	1168
221	Melampyrum pratense	3	3	15	4	4	40	-46	6	3.4	8	8	13	76	-12	95	4.9	26	35	21	34	184	88	363	5.4	32	40	26	41	220	122	452	452
222	Tilia cordata	4	17	12	4	4	125	-46	301	4.8	33	11	10	144	-23	435	7.2	83	27	34	25	201	46	840	8	100	31	42	30	220	69	974	974
223	Holcus mollis	3.3	6	15	4	4	120	-46	5	3.8	14	15	10	151	-23	92	5.6	41	29	48	25	244	46	350	6.2	50	33	60	30	275	69	437	437
224	Hypericum perforatum	3.8	13	8	4	4	115	-46	7	4.5	30	8	10	137	-23	160	6.7	82	26	22	25	203	46	620	7.5	100	31	27	30	225	69	773	773
225	Euphorbia cyparissias	3	3	8	4	4	90	-46	2	4	22	8	12	116	-17	168	7	80	26	23	30	194	69	667	8	100	31	28	36	220	98	833	833
226	Galium verum	3.6	11	8	4	4	90	-46	13	4.3	28	10	10	116	-23	155	6.7	82	26	31	25	194	46	579	7.5	100	31	38	30	220	69	720	720
227	Galeopsis tetrahit	4.1	17	7	12	12	65	-36	4	4.8	33	21	14	90	-4	145	7.2	83	27	48	34	165	90	569	8	100	33	58	41	190	122	710	710
228	Festuca trachyphylla	3.7	12	12	4	4	90	-46	27	4.5	29	8	10	116	-23	153	7.1	82	27	20	25	194	46	532	8	100	31	24	30	220	69	658	658
229	Rumex acetosella	3	3	12	4	4	65	-46	17	3.5	11	14	13	112	-12	186	5.2	36	28	44	34	253	88	694	5.8	45	32	55	41	300	122	863	863
230	Hieracium umbellatum	3	3	15	4	4	105	-46	13	3.4	8	14	10	128	-23	173	4.9	26	28	44	25	197	46	650	5.4	32	32	55	30	220	69	810	810
231	Peucedanum oreoselinum	3	3	12	4	4	115	-46	13	3.9	22	7	9	136	-29	142	6.6	80	27	19	19	199	19	529	7.5	100	31	23	23	220	36	658	658
232	Linaria vulgaris	3.1	4	15	6	6	140	-46	33	3.9	23	18	8	156	-34	149	6.6	80	29	54	15	204	0	494	7.5	100	33	66	18	220	12	609	609
233	Corynephorus canescens	3.1	4	12	4	4	115	-46	62	3.7	14	7	10	136	-23	200	5.8	44	34	16	25	199	46	614	6.5	55	40	19	30	220	69	752	752
234	Artemisia campestris	3.1	4	12	4	4	115	-46	22	3.8	23	8	10	136	-23	172	6.2	80	27	22	25	199	46	624	7	100	31	27	30	220	69	774	774
235	Rosa canina 	3.1	4	8	4	4	120	-46	16	4	23	15	10	160	-23	16	7	80	26	48	25	280	46	16	8	100	31	60	30	320	69	16	16
236	Prunus spinosa	3.1	4	8	4	4	120	-46	14	3.9	23	15	10	160	-23	14	6.6	80	26	48	25	280	46	14	7.5	100	31	60	30	320	69	14	14
237	Rhamnus cathartica	3.8	13	8	8	8	115	-46	9	4.6	30	17	10	144	-23	9	7.1	82	28	45	25	231	46	9	8	100	33	55	30	260	69	9	9
238	Berberis vulgaris	3.3	6	8	4	4	115	-46	10	4.2	24	7	10	144	-23	10	7	81	26	19	25	231	46	10	8	100	31	23	30	260	69	10	10
239	Agrimonia eupatoria	4.8	26	12	5	5	145	-46	16	5.4	40	8	8	170	-36	144	7.3	85	23	19	14	245	-7	530	8	100	26	23	16	270	2	658	658
240	Salvia pratensis	3.3	6	12	4	4	125	-46	27	4.2	24	7	10	144	-23	188	7	81	27	19	25	201	46	672	8	100	31	23	30	220	69	833	833
241	Medicago falcata	4.8	26	8	5	5	120	-46	1582	5.5	40	9	9	140	-29	1616	7.7	85	22	23	19	200	19	1720	8.5	100	26	28	23	220	36	1755	910
242	Pimpinella saxifraga	3.1	4	8	4	4	90	-46	14	4	23	8	10	116	-23	178	7	80	26	23	25	194	46	669	8	100	31	28	30	220	69	833	833
243	Dianthus carthusianorum	4.8	26	8	4	4	90	-46	20	5.3	40	8	10	116	-23	180	6.9	85	26	22	25	194	46	660	7.5	100	31	27	30	220	69	820	820
244	Veronica spicata	4.8	26	8	5	5	140	-46	27	5.3	40	11	8	10	156	-23	160	6.9	85	22	19	25	204	46	560	7.5	100	26	23	30	220	69	694
245	Acer pseudoplatanus	4.2	19	10	8	8	90	-27	225	4.9	35	17	16	116	2	370	7.2	83	22	45	34	194	92	806	8	100	26	55	41	220	122	952	952
246	Lamium galeobdolon	4	16	10	8	8	110	-46	0	4.7	32	18	13	132	-12	50	6.8	83	26	48	34	198	88	200	7.5	100	31	58	41	220	122	250	250
247	Cephalanthera damasonium	4.8	26	12	6	6	110	-22	7	5.3	40	10	16	126	2	48	6.9	85	27	23	31	174	74	171	7.5	100	31	28	36	190	98	213	213
251	Polygonatum multiflorum	3.8	13	12	6	6	115	-41	4	4.5	30	13	13	136	-8	59	6.7	82	27	34	34	199	89	224	7.5	100	31	42	41	220	122	279	279
252	Impatiens parviflora	3	3	7	4	4	90	-46	12	4	22	14	13	116	-12	97	7	80	27	44	34	194	88	352	8	100	32	55	41	220	122	437	437
253	Lonicera nigra	4.7	25	15	6	6	115	-12	9	5.1	40	14	16	125	2	9	6.5	85	27	38	25	155	45	9	7	100	31	46	28	165	60	9	9
256	Hypnum jutlandicum	3.1	4	18	4	4	120	-22	17	3.6	10	7	14	134	-3	59	5.3	31	30	16	26	176	50	183	5.9	38	33	20	30	190	69	225	225
259	Scirpus sylvaticus	3.3	6	12	38	38	115	-46	41	3.7	11	42	10	136	-23	247	4.9	26	27	54	25	199	46	865	5.4	32	31	58	30	220	69	1072	1072
261	Hylocomium splendens	3	3	15	4	4	40	-46	0	3.9	22	15	13	76	-12	53	6.6	80	51	48	34	184	88	212	7.5	100	60	60	41	220	122	265	265
262	Veronica urticifolia	3.3	6	12	6	6	90	-17	7	4.1	24	15	10	17	110	10	61	6.6	81	27	22	35	170	94	221	7.5	100	31	27	41	190	122	274
274	Silene flos-cuculi	3.3	6	12	19	19	90	-46	105	4.2	24	27	10	116	-23	252	7	81	28	51	25	194	46	694	8	100	33	60	30	220	69	842	842
289	Briza media	3.2	5	12	4	4	90	-46	69	4.1	24	12	12	116	-17	230	7	81	28	37	30	194	69	712	8	100	33	46	36	220	98	873	873
292	Succisa pratensis	3.1	4	16	4	4	90	-36	240	4	23	16	12	116	-15	367	7	80	29	53	25	194	48	746	8	100	33	66	30	220	69	873	873
293	Selinum carvifolia	4.7	25	16	8	8	140	-36	165	5.3	40	15	10	156	-23	280	7.3	85	29	38	18	204	13	625	8	100	33	46	21	220	26	740	740
294	Thalictrum flavum	3.1	4	12	32	32	115	-46	111	4	23	38	8	136	-34	241	7	80	28	59	15	199	0	631	8	100	33	66	18	220	12	761	761
295	Cakile maritima	3.6	11	12	12	12	140	-22	381	4.4	28	20	12	178	-13	579	7.1	82	27	44	18	292	12	1172	8	100	31	52	20	330	21	1369	1369
296	Trifolium pratense	3.2	5	12	4	4	40	-46	97	4.1	24	14	13	84	-12	304	7	81	28	44	34	216	88	924	8	100	33	55	41	260	122	1130	1130
297	Trifolium repens	3.2	5	10	4	4	90	-46	243	3.9	24	14	10	124	-23	389	6.2	81	28	44	25	226	46	824	7	100	33	55	30	260	69	969	969
298	Plantago lanceolata	3.1	4	12	4	4	90	-46	240	4	23	16	13	128	-12	386	7	80	28	53	34	242	88	825	8	100	33	66	41	280	122	972	972
299	Avenula pubescens	4.8	26	12	7	7	90	-46	41	5.4	40	12	10	116	-23	222	7.3	85	23	30	25	194	46	765	8	100	26	36	30	220	69	946	946
300	Daucus carota	4.7	25	12	8	8	125	-46	338	5.3	40	18	10	144	-23	465	7.3	85	28	49	25	201	46	845	8	100	33	60	30	220	69	972	972
301	Vicia cracca	3.3	6	8	4	4	90	-46	136	4.2	24	13	15	10	124	-23	292	7	81	28	48	25	226	46	760	8	100	33	60	30	260	69	916
302	Kadenia dubia	4.9	27	12	32	32	115	-46	364	5.3	41	37	8	130	-34	433	6.5	85	20	54	15	175	0	641	7	100	22	60	18	190	12	711	711
303	Sanguisorba officinalis	3.2	5	12	4	4	90	-46	271	4.1	24	12	10	116	-23	385	7	81	28	37	25	194	46	728	8	100	33	46	30	220	69	842	842
304	Carex praecox	5.5	34	12	4	4	115	-46	30	6	47	7	8	133	-34	146	7.5	86	23	18	15	187	0	494	8	100	26	22	18	205	12	610	610
309	Persicaria maculosa	4.1	17	7	4	4	115	-46	363	4.7	33	12	10	130	-23	438	6.5	83	22	37	25	175	46	663	7.1	100	26	46	30	190	69	739	739
310	Bellis perennis	3.2	5	12	8	8	90	-46	63	4.1	24	13	10	134	-23	240	7	81	28	30	25	266	46	770	8	100	33	36	30	310	69	946	946
312	Polygonum aviculare	4.8	26	8	6	6	100	-46	303	5.4	40	14	10	123	-23	430	7.3	85	22	38	25	192	46	812	8	100	26	46	30	215	69	940	940
313	Trifolium fragiferum	5.6	34	12	6	6	140	-27	31	6	47	15	11	156	-19	206	7.5	86	20	45	16	204	4	734	8	100	22	55	18	220	12	910	910
314	Carex hirta	4.2	18	16	9	9	170	-22	394	4.9	34	15	14	188	-3	446	7.2	83	25	34	26	242	50	601	8	100	28	41	30	260	69	653	653
317	Dianthus superbus	5.5	34	16	9	9	135	-46	385	6	47	16	8	146	-34	430	7.5	86	29	38	15	179	0	565	8	100	33	46	18	190	12	610	610
318	Prunella vulgaris	4.2	18	12	4	4	90	-46	58	4.8	34	14	10	134	-23	240	6.8	83	28	44	25	266	46	787	7.5	100	33	55	30	310	69	969	969
319	Rosa pendulina	4.3	19	12	6	6	55	-22	9	4.9	35	10	17	88	6	9	6.8	83	27	22	35	187	93	9	7.5	100	31	27	41	220	122	9	9
320	Linum cartharticum	4.8	25	12	4	4	90	-46	69	5.5	40	12	12	116	-17	204	7.7	85	28	37	30	194	69	611	8.5	100	33	46	36	220	98	747	747
321	Centaurea jacea	3.2	5	12	4	4	90	-46	143	4.1	24	10	10	116	-23	304	7	81	28	29	25	194	46	786	8	100	33	36	30	220	69	946	946
322	Mentha arvensis	5.1	29	12	4	4	140	-36	17	5.6	43	12	10	156	-23	158	7.4	85	28	37	18	204	13	580	8	100	33	46	21	220	26	721	721
323	Viola stagnina	3.1	4	15	32	32	140	-36	411	3.8	23	18	38	10	150	-26	471	6.2	80	29	59	16	180	2	651	7	100	33	66	18	190	12	711
324	Biscutella laevigata gracilis	4.4	21	18	5	5	140	-46	433	4.6	23	7	7	150	-38	482	5.2	29	28	15	12	180	-15	629	5.4	32	31	18	14	190	-8	678	678
325	Carex leporina	3.1	4	22	31	31	90	-12	22	3.4	8	35	14	124	-4	184	4.3	20	30	50	19	226	18	670	4.6	24	32	55	21	260	26	831	831
327	Erica tetralix	3	3	18	32	32	90	-36	232	3.2	6	37	12	116	-15	232	3.9	15	51	54	25	194	48	232	4.2	18	60	60	30	220	69	232	232
328	Salix repens	3.1	4	15	4	4	140	-27	383	4	23	14	12	150	-14	383	7	80	28	44	20	180	23	383	8	100	32	55	23	190	36	383	383
329	Pohlia ludwigii	4	16	26	40	40	90	1	223	4.1	17	44	18	101	14	285	4.4	20	30	56	27	134	55	470	4.5	22	32	60	30	145	69	532	532
330	Dactylorhiza maculata	3	3	20	32	32	80	-22	26	4	22	38	14	108	-3	172	7	80	52	59	26	192	50	611	8	100	60	66	30	220	69	757	757
331	Genista anglica	3.1	4	22	4	4	140	-22	389	3.3	6	14	13	156	-10	389	3.9	14	30	44	20	204	24	389	4.1	17	32	55	23	220	36	389	389
332	Polytrichum commune	3	3	18	6	6	90	-46	2	3.7	17	18	13	116	-12	49	6	60	51	54	34	194	88	192	6.8	75	60	66	41	220	122	240	240
333	Scorzoneroides autumnalis	3.2	5	12	6	6	90	-46	243	3.9	24	9	10	116	-23	378	6.2	81	28	21	25	194	46	781	7	100	33	25	30	220	69	915	915
334	Phleum pratense	3.2	5	16	12	12	90	-36	243	3.8	15	22	12	116	-15	363	5.8	45	29	55	25	194	48	721	6.5	56	33	66	30	220	69	840	840
335	Cerastium caespitosum	3.2	5	12	4	4	90	-46	243	4.1	24	15	10	116	-23	384	7	81	28	48	25	194	46	806	8	100	33	60	30	220	69	946	946
336	Trifolium campestre	3.3	6	15	5	5	125	-22	13	4	24	9	14	164	-3	228	6.2	81	27	22	26	281	50	873	7	100	31	27	30	320	69	1088	1088
337	Campanula patula	4.5	23	12	4	4	65	-46	22	5.1	38	15	13	96	-12	179	6.9	84	27	48	34	189	88	650	7.5	100	31	60	41	220	122	807	807
338	Heracleum sphondylium	4.9	27	12	12	12	90	-22	2	5.5	41	21	14	116	-3	191	7.3	85	23	50	26	194	50	757	8	100	26	60	30	220	69	946	946
339	Anthriscus sylvestris	4.9	27	8	6	6	90	-46	16	5.5	41	12	10	116	-23	202	7.3	85	22	33	25	194	46	760	8	100	26	40	30	220	69	946	946
340	Pastinaca sativa	4.8	26	12	5	5	140	-46	338	5.4	40	11	10	156	-23	432	7.3	85	23	29	25	204	46	713	8	100	26	36	30	220	69	807	807
341	Trisetum flavescens	4.9	27	12	6	6	90	-22	247	5.5	41	12	14	116	-3	392	7.3	85	23	31	26	194	50	827	8	100	26	38	30	220	69	972	972
343	Equisetum arvense	4.6	24	12	4	4	115	-46	19	5.2	39	15	10	136	-23	187	7.3	84	24	48	25	199	46	694	8	100	28	60	30	220	69	862	862
344	Myosotis arvensis	4.2	18	12	4	4	90	-46	281	4.9	34	10	10	116	-23	386	7.2	83	23	29	25	194	46	702	8	100	26	36	30	220	69	807	807
345	Silene latifolia	3.8	13	8	4	4	110	-46	108	4.6	30	11	10	150	-23	253	7.1	82	24	34	25	270	46	691	8	100	29	42	30	310	69	836	836
346	Thymus pulegioides	3.1	4	12	4	4	65	-46	14	4	23	8	13	96	-12	172	7	80	27	22	34	189	88	648	8	100	31	27	41	220	122	807	807
347	Cerastium arvense	4	16	12	5	5	75	-46	176	4.7	32	8	10	104	-23	292	6.8	83	23	19	25	191	46	640	7.5	100	26	23	30	220	69	756	756
348	Armeria elongata	4	16	12	5	5	115	-46	327	4.6	32	8	10	134	-23	423	6.4	83	23	19	25	191	46	711	7	100	26	23	30	210	69	807	807
349	Rhinanthus minor	3.2	5	12	4	4	90	-46	247	4.1	24	12	11	116	-22	359	7	81	27	37	26	194	50	695	8	100	31	46	31	220	74	807	807
350	Ranunculus polyanthemos	3	3	12	4	4	140	-46	13	4.1	22	12	9	156	-27	165	7.4	80	27	37	21	204	26	619	8.5	100	31	46	25	220	45	770	770
351	Filipendula vulgaris	4.2	18	12	5	5	140	-46	30	4.9	34	8	8	156	-36	185	7.2	83	27	19	14	204	-7	652	8	100	31	23	16	220	2	807	807
352	Euphorbia esula	4.9	27	12	4	4	140	-46	17	5.5	41	7	7	150	-38	119	7.3	85	20	16	12	180	-15	426	8	100	22	20	14	190	-8	528	528
353	Matricaria matricarioides	4.9	27	12	4	4	140	-36	1725	5.4	41	6	12	150	-15	1740	6.9	85	23	15	25	180	48	1788	7.5	100	26	18	30	190	69	1804	915
354	Stellaria media	3	3	10	4	4	90	-46	15	3.8	22	10	10	116	-23	176	6.2	80	26	29	25	194	46	660	7.1	100	31	36	30	220	69	821	821
355	Capsella bursa pastoris	4.9	27	10	4	4	110	-46	303	5.5	41	10	10	132	-24	430	7.3	85	22	29	23	198	38	812	8	100	26	36	28	220	60	940	940
356	Chenopodium album	4.5	23	10	4	4	90	-46	281	5.2	38	11	10	138	-23	413	7.3	84	22	34	25	282	46	808	8	100	26	42	30	330	69	940	940
357	Lamium purpureum	5	28	12	4	4	115	-36	363	5.5	42	10	12	136	-15	452	7	85	23	29	25	199	48	722	7.5	100	26	36	30	220	69	811	811
358	Arabidopsis arenosa	5.7	35	11	5	5	140	-22	76	5.9	48	8	12	150	-15	195	6.7	87	19	19	16	180	5	554	7	100	22	23	18	190	12	674	674
359	Carduus crispus	5	28	12	9	9	145	-46	368	5.5	42	15	10	159	-23	465	7	85	20	35	24	201	42	755	7.5	100	22	42.7	29	215	65	851	851
360	Helichrysum arenarium	3.3	6	12	4	4	140	-46	96	3.7	11	7	8	156	-34	197	5.1	29	28	19	15	204	0	500	5.6	35	32	23	18	220	12	601	601
361	Thymus serpyllum	3.1	4	12	4	4	90	-46	35	3.8	23	8	12	116	-17	169	6.2	80	27	22	30	194	69	572	7	100	31	27	36	220	98	706	706
362	Jasione montana	3.1	4	15	4	4	115	-46	78	3.5	9	7	10	136	-23	203	4.9	26	28	19	25	199	46	580	5.4	32	32	23	30	220	69	706	706
363	Trifolium arvense	3.3	6	15	5	5	115	-46	310	3.9	16	8	10	136	-23	476	5.8	46	27	18	25	199	46	974	6.5	56	31	22	30	220	69	1140	1140
364	Koeleria glauca	4.9	27	12	5	5	115	-46	95	5.5	41	10	7	134	-37	254	7.3	85	23	26	13	191	-12	731	8	100	26	32	15	210	-4	891	891
365	Festuca psammophila	3.1	4	14	4	4	115	-46	96	4	23	8	8	136	-34	202	7	80	27	22	15	199	0	521	8	100	31	27	18	220	12	627	627
366	Silene otites	4.9	27	12	5	5	115	-46	130	5.4	41	8	8	136	-34	242	6.9	85	23	19	15	199	0	581	7.5	100	26	23	18	220	12	694	694
367	Centaurea stoebe	3.3	6	12	5	5	115	-46	151	4.2	24	8	9	136	-28	274	7	81	23	19	20	199	23	644	8	100	26	23	24	220	41	767	767
368	Chondrilla juncea	5.2	30	7	8	8	115	-46	411	5.4	33	13	8	152	-32	515	6	42	22	31	17	263	6	829	6.2	45	26	37	20	300	20	933	933
369	Scleranthus perennis	3.1	4	15	5	5	115	-46	368	3.7	14	8	9	133	-29	444	5.8	45	27	18	19	187	19	673	6.5	56	31	22	23	205	36	749	749
370	Sedum sexangulare	4.9	27	12	5	5	115	-46	411	5.5	41	8	10	136	-23	484	7.3	85	23	18	25	199	46	702	8	100	26	22	30	220	69	775	775
371	Sedum acre	3.3	6	12	5	5	90	-46	96	4.2	24	8	10	116	-23	239	7	81	27	19	25	194	46	667	8	100	31	23	30	220	69	810	810
372	Sedum rupestre	4.4	21	15	5	5	115	-27	20	4.9	36	8	14	136	-7	143	6.4	84	23	17	26	199	49	511	7	100	26	21	30	220	69	634	634
373	Hieracium pilosella	3	3	12	4	4	65	-46	20	4	22	14	13	102	-12	179	7	80	28	44	34	213	88	656	8	100	33	55	41	250	122	815	815
374	Phleum phleoides	4.2	18	8	5	5	90	-46	65	4.9	34	8	10	134	-23	267	7.2	83	26	19	25	266	46	874	8	100	31	23	30	310	69	1076	1076
375	Potentilla incana	4.2	18	12	5	5	115	-46	27	4.9	34	8	10	136	-23	175	7.2	83	23	19	25	199	46	619	8	100	26	23	30	220	69	767	767
376	Ceratodon purpureus	3.1	4	12	4	4	65	-46	5	4	23	7	13	96	-12	122	7	80	27	18	34	189	88	472	8	100	31	22	41	220	122	589	589
377	Polytrichum piliferum	3	3	15	4	4	65	-46	21	3.3	6	8	13	96	-12	127	4.2	18	28	22	34	189	88	445	4.5	22	32	27	41	220	122	551	551
378	Coronilla varia	5.5	34	15	5	5	115	-46	2	6.1	47	8	9	136	-29	153	7.9	86	23	19	19	199	19	606	8.5	100	26	23	23	220	36	757	757
379	Potentilla argentea	3.6	11	12	5	5	140	-46	81	3.9	14	8	8	156	-34	231	4.8	26	27	17	15	204	0	683	5.2	30	31	21	18	220	12	833	833
380	Lamium montanum	4.3	19	15	12	12	40	-27	4	4.9	35	21	16	70	2	110	6.8	83	27	48	34	160	92	430	7.5	100	31	58	41	190	122	537	537
381	Ornithopus perpusillus	3.1	4	15	4	4	140	-12	132	3.4	8	8	16	156	4	247	4.4	21	27	22	26	204	52	591	4.8	26	31	27	30	220	69	706	706
382	Aira praecox	3.1	4	15	4	4	145	-17	78	3.3	7	7	15	154	0	203	4.2	18	27	19	26	181	51	580	4.5	22	31	23	30	190	69	706	706
383	Spergula morisonii	3.1	4	15	4	4	140	-46	78	4	23	7	10	156	-23	205	7	80	27	18	25	204	46	587	8	100	31	22	30	220	69	714	714
384	Teesdalia nudicaulis	3.1	4	18	4	4	140	-36	78	3.4	8	7	12	156	-15	239	4.6	23	28	16	25	204	48	722	5	28	31	19	30	220	69	883	883
386	Carex arenaria	3.1	4	18	4	4	120	-46	96	3.3	7	6	10	134	-23	199	4.2	18	29	15	25	176	46	509	4.5	22	32	18	30	190	69	612	612
387	Viola tricolor ammotropha	3.3	6	18	4	4	140	-46	30	4.2	24	20	6	8	150	-34	131	7	81	28	15	15	180	0	434	8	100	31	18	18	190	12	535
388	Filago minima	3.1	4	15	5	5	115	-36	446	3.6	10	8	12	130	-15	574	5.1	29	27	18	25	175	48	959	5.7	36	31	22	30	190	69	1088	1088
389	Myosotis stricta	3.1	4	15	5	5	115	-46	393	3.8	23	8	9	131	-29	468	6.2	80	27	18	19	179	19	691	7	100	31	22	23	195	36	765	765
390	Leymus arenarius	3.8	13	18	4	4	140	-46	347	4.5	30	6	8	150	-34	384	6.7	82	28	15	15	180	0	495	7.5	100	31	18	18	190	12	532	532
391	Pulsatilla pratensis	5	28	12	5	5	140	-46	35	5.5	42	8	10	150	-23	179	7	85	27	19	25	180	46	609	7.5	100	31	23	30	190	69	752	752
392	Potentilla verna	4.7	25	12	4	4	90	-36	253	5.3	40	7	12	122	-15	365	7.3	85	23	19	25	218	48	699	8	100	26	23	30	250	69	810	810
393	Scabiosa columbaria	5.7	35	8	4	4	90	-46	14	6.1	48	7	10	122	-23	210	7.5	87	22	19	25	218	46	800	8	100	26	23	30	250	69	997	997
394	Ononis repens	5	28	8	5	5	105	-46	345	5.5	42	8	10	122	-23	407	7	85	22	19	25	173	46	596	7.5	100	26	23	30	190	69	658	658
395	Stipa capillata	4.8	26	12	5	5	125	-46	96	5.4	40	8	7	144	-38	243	7.3	85	23	19	12	201	-15	686	8	100	26	23	14	220	-8	833	833
396	Koeleria macrantha	4.2	18	8	5	5	105	-46	132	4.9	34	8	10	128	-23	259	7.2	83	26	19	25	197	46	640	8	100	31	23	30	220	69	767	767
397	Adonis vernalis	5	28	12	5	5	140	-46	90	5.5	42	9	8	156	-36	223	7	85	23	22	14	204	-7	622	7.5	100	26	27	16	220	2	755	755
398	Falcaria vulgaris	5	28	12	5	5	140	-46	345	5.7	42	8	10	150	-23	407	7.8	85	23	19	25	180	46	596	8.5	100	26	23	30	190	69	658	658
399	Bromus inermis	5	28	8	6	6	125	-46	30	5.6	42	9	9	144	-28	191	7.4	85	22	21	20	201	23	675	8	100	26	25	24	220	41	836	836
400	Sanguisorba minor	3.2	5	14	4	4	90	-46	272	4.1	24	8	10	116	-23	417	7	81	27	22	25	194	46	852	8	100	31	27	30	220	69	997	997
401	Carlina vulgaris	4.8	25	12	5	5	120	-46	69	5.3	40	8	12	134	-17	187	6.9	85	23	19	30	176	69	540	7.5	100	26	23	36	190	98	658	658
402	Trifolium montanum	5	28	12	5	5	145	-46	345	5.6	42	8	8	160	-34	426	7.4	85	23	19	15	205	0	672	8	100	26	23	18	220	12	754	754
403	Fragaria viridis	3.8	13	12	5	5	140	-46	28	4.6	30	8	10	156	-23	173	7.1	82	23	19	25	204	46	609	8	100	26	23	30	220	69	754	754
404	Anthyllis vulneraria	5	28	12	5	5	115	-46	345	5.5	42	8	10	130	-23	440	7	85	23	19	25	175	46	725	7.5	100	26	23	30	190	69	820	820
405	Knautia arvensis	3.2	5	12	4	4	90	-46	30	4.1	24	8	10	116	-23	207	7	81	27	22	25	194	46	739	8	100	31	27	30	220	69	916	916
406	Carex humilis	5.4	32	8	4	4	65	-46	2	5.9	45	7	13	104	-12	155	7.4	86	26	19	34	221	88	614	8	100	31	23	41	260	122	767	767
407	Prunella grandiflora	4.8	26	12	5	5	115	-46	37	5.4	40	8	12	137	-17	161	7.3	85	23	19	30	203	69	534	8	100	26	23	36	225	98	658	658
408	Campanula sibirica	5	28	15	5	5	145	-46	2	5.6	42	9	9	160	-29	153	7.4	85	23	23	19	205	19	605	8	100	26	28	23	220	36	756	756
409	Gentianella ciliata	5.5	34	12	4	4	140	-46	419	6	47	6	10	150	-23	460	7.5	86	23	15	25	180	46	585	8	100	26	18	30	190	69	626	626
410	Gentianella germanica	3.2	5	12	4	4	90	-46	328	4.1	24	8	10	110	-23	387	7	81	27	22	25	170	46	566	8	100	31	27	30	190	69	626	626
411	Koeleria pyramidata	4	16	12	4	4	90	-46	14	4.7	32	8	10	110	-23	175	6.8	83	27	22	25	170	46	659	7.5	100	31	27	30	190	69	820	820
412	Cirsium acaulon	4.7	25	12	5	5	115	-46	356	5.3	40	7	10	136	-23	432	7.3	85	23	16	25	199	46	661	8	100	26	19	30	220	69	737	737
413	Ononis spinosa	5.2	30	12	5	5	145	-46	423	5.7	44	7	8	160	-36	545	7.4	86	23	15	14	205	-7	912	8	100	26	18	16	220	2	1035	1035
414	Genista pilosa	3.1	4	15	4	4	65	-46	83	3.5	9	8	10	96	-23	83	4.9	26	35	22	25	189	46	83	5.4	32	40	27	30	220	69	83	83
415	Genista germanica	3.1	4	22	4	4	115	-36	333	3.3	7	8	10	130	-26	333	4.1	17	29	22	16	175	2	333	4.4	21	31	27	18	190	12	333	333
416	Festuca nigrescens	3	3	16	4	4	90	-46	37	3.4	9	16	13	116	-12	202	4.9	27	29	53	34	194	88	698	5.4	34	33	66	41	220	122	863	863
418	Abies alba	3	3	15	4	4	90	-17	301	4	22	15	17	120	10	484	8	80	29	48	35	210	94	1033	8	100	33	60	41	240	122	1216	1216
419	Pohlia nutans	3	3	15	4	4	90	-46	1	3.8	22	15	10	116	-23	115	6.2	80	51	48	25	194	46	456	7	100	60	60	30	220	69	570	570
420	Rhytidiadelphus loreus	3	3	22	6	6	95	-17	0	3.6	10	16	17	111	10	53	5.4	34	52	49	35	159	94	212	6.1	42	60	60	41	175	122	265	265
421	Tilia platyphyllos	4.4	21	10	6	6	115	-27	341	5.1	36	9	16	136	2	444	7.2	84	22	21	34	199	92	753	8	100	26	25	41	220	122	856	856
422	Prunus avium	4.4	21	15	6	6	120	-36	7	5	36	9	14	148	-4	7	6.8	84	25	21	34	232	90	7	7.5	100	28	25	41	260	122	7	7
423	Rubus plicatus	4.7	25	15	9	9	110	-36	3	5.3	40	16	14	126	-4	3	7.3	85	27	38	34	174	90	3	8	100	31	46	41	190	122	3	3
424	Rubus pedemontanus	4.7	25	15	9	9	110	-36	3	5.3	40	16	14	126	-4	3	7.3	85	27	38	34	174	90	3	8	100	31	46	41	190	122	3	3
425	Galeopsis speciosa	4.7	25	12	5	5	110	-36	0	5.3	40	15	14	126	-4	115	7.3	85	28	45	34	174	90	459	8	100	33	55	41	190	122	573	573
427	Chaerophyllum hirsutum	3.7	12	10	8	8	40	-46	0	4.5	29	18	13	76	-12	133	7.1	82	26	49	34	184	88	532	8	100	31	60	41	220	122	665	665
429	Stellaria nemorum	3	3	10	8	8	65	-46	0	3.9	22	18	13	96	-12	128	6.6	80	27	49	34	189	88	512	7.5	100	32	60	41	220	122	640	640
430	Populus tremula	3	3	15	2	2	110	-46	293	4	22	13	10	140	-23	508	7	80	29	48	25	230	46	1153	8	100	33	60	30	260	69	1368	1368
431	Cicerbita alpina	4.2	18	15	8	8	40	-17	8	4.7	34	18	17	61	10	135	6.4	83	27	49	35	124	94	513	7	100	31	60	41	145	122	640	640
432	Ranunculus platanifolius	4.3	19	18	4	4	70	-22	24	5	35	11	13	91	-12	147	7.2	83	28	32	19	154	16	516	8	100	31	40	21	175	26	640	640
433	Rumex arifolius	3	3	15	8	8	65	11	8	4	22	18	22	85	33	140	7	80	27	49	36	145	99	534	8	100	31	60	41	165	122	665	665
434	Athyrium distentifolium	3.8	13	15	8	8	65	-17	8	4.4	30	18	17	83	10	135	6.3	82	28	49	35	137	94	513	7	100	32	60	41	155	122	640	640
435	Senecio hercynicus	3	3	10	4	4	40	-36	3	4	22	15	14	76	-4	110	7	80	27	48	34	184	90	430	8	100	32	60	41	220	122	537	537
436	Streptopus amplexifolius	3	3	15	12	12	65	11	14	3.8	22	21	22	81	33	95	6.2	80	27	50	36	129	99	339	7	100	31	60	41	145	122	420	420
437	Aconitum napellus	4.1	17	15	12	12	65	11	115	4.7	33	21	22	81	33	176	6.8	83	27	50	36	129	99	359	7.5	100	31	60	41	145	122	420	420
439	Petasites albus	4.1	17	12	8	8	65	-36	3	4.8	33	18	14	96	-4	117	7.2	83	27	49	34	189	90	458	8	100	31	60	41	220	122	572	572
440	Thalictrum aquilegiifolium	4.5	23	15	28	28	65	-17	5	5.1	38	34	17	87	10	88	6.9	84	25	53	35	153	94	337	7.5	100	28	60	41	175	122	420	420
442	Luzula sylvatica	3.2	5	15	4	4	55	-22	3	3.8	15	8	17	82	6	108	5.8	45	28	23	35	163	93	421	6.5	56	32	28	41	190	122	526	526
443	Calamagrostis villosa	3	3	18	4	4	65	-22	6	3.4	8	15	17	82	6	133	4.6	23	51	48	35	133	93	513	5	28	60	60	41	150	122	640	640
444	Trientalis europaea	3	3	15	4	4	65	-36	6	3.4	8	15	14	96	-4	94	4.7	24	51	48	34	189	90	356	5.2	30	60	60	41	220	122	444	444
445	Prenanthes purpurea	3	3	12	4	4	70	-22	3	3.9	22	11	17	98	6	110	6.6	80	27	34	35	182	93	430	7.5	100	31	42	41	210	122	537	537
446	Euphorbia dulcis	5.2	30	15	4	4	115	1	2	5.7	44	7	17	144	8	80	7.4	86	23	16	21	231	29	314	8	100	26	19	23	260	36	392	392
447	Dryopteris carthusiana	3.3	6	13	4	4	90	-46	4	3.8	12	16	13	116	-12	63	5.3	30	29	53	34	194	88	241	5.9	37	33	66	41	220	122	300	300
448	Valeriana excelsa sambucifolia	5.5	34	12	6	6	100	-12	354	5.8	47	16	16	118	4	439	6.7	86	20	47	26	172	52	695	7	100	22	58	30	190	69	780	780
449	Plagiomnium undulatum	3	3	15	8	8	110	-36	0	3.8	22	18	14	134	-4	40	6.2	80	28	48	34	206	90	160	7	100	32	58	41	230	122	200	200
450	Sphagnum quinquefarium	3	3	18	4	4	90	-36	2	3.4	8	16	14	116	-4	46	4.9	26	51	53	34	194	90	179	5.4	32	60	66	41	220	122	224	224
451	Fragaria vesca	3	3	8	4	4	90	-46	2	4	22	11	13	128	-12	133	7	80	26	34	34	242	88	524	8	100	31	42	41	280	122	654	654
452	Neoorthocaulis attenuatus	3	3	18	4	4	40	-22	0	3.4	8	15	17	63	6	53	4.6	23	51	48	35	132	93	212	5	28	60	60	41	155	122	265	265
453	Tetraphis pellucida	3.1	4	15	40	40	125	-12	0	3.8	23	45	16	143	4	13	6.2	80	29	60	26	197	52	50	7	100	33	66	30	215	69	62	62
454	Lepidozia reptans	3	3	22	5	5	90	-22	2	3.5	9	8	17	110	6	44	5.2	30	29	20	35	170	93	169	5.8	37	31	24	41	190	122	211	211
455	Calypogeia fissa	3	3	24	39	39	95	-17	2	3.2	6	43	14	104	-5	11	4.1	17	52	55	21	131	29	38	4.4	21	60	60	24	140	41	47	47
458	Polytrichastrum alpinum	3	3	18	8	8	98	-7	42	3.8	22	14	16	109.4	2	74	6.2	80	29	32	22	143.6	31	172	7	100	32	38	24	155	41	204	204
459	Polytrichum longisetum	3	3	22	8	8	90	-17	2	3.5	9	19	15	105	0	44	5.2	30	52	54	26	150	51	169	5.8	37	60	66	30	165	69	211	211
460	Plagiothecium laetum	3	3	22	8	8	110	-17	25	3.3	7	14	14	116	-6	55	4.5	22	29	32	20	134	25	145	4.9	27	31	38	23	140	36	175	175
461	Plagiothecium curvifolium	3	3	18	5	5	90	-17	13	3.5	9	8	15	105	0	53	5.2	30	28	20	26	150	51	171	5.8	37	31	24	30	165	69	211	211
462	Orthodontium lineare	3.1	4	18	4	4	120	-22	31	3.8	23	6	13	134	-12	69	6.2	80	29	15	19	176	16	183	7	100	32	18	21	190	26	221	221
463	Lonicera xylosteum	4	16	10	6	6	110	-46	10	4.7	32	13	13	140	-12	10	6.8	83	26	37	34	230	88	10	7.5	100	31	45	41	260	122	10	10
464	Sambucus racemosa	3	3	15	5	5	110	-27	20	3.9	22	9	16	126	2	20	6.6	80	27	24	34	174	92	20	7.5	100	31	29	41	190	122	20	20
465	Epilobium angustifolium	3	3	15	5	5	70	-46	6	3.8	22	8	13	97	-12	139	6.2	80	27	20	34	178	88	537	7	100	31	24	41	205	122	670	670
466	Epilobium montanum	3.8	13	15	6	6	90	-27	0	4.2	18	10	15	110	-2	119	5.6	36	27	23	30	170	73	476	6.1	42	31	28	36	190	98	595	595
467	Geranium robertianum	3.6	11	8	4	4	40	-46	4	4.4	28	15	13	76	-12	132	7.1	82	28	48	34	184	88	518	8	100	33	60	41	220	122	646	646
468	Ptilium crista-castrensis	3.2	5	18	6	6	90	-22	1	3.9	24	10	17	106	6	16	6.2	81	28	22	35	154	93	58	7	100	31	27	41	170	122	72	72
471	Cladonia furcata	3	3	12	4	4	80	-46	7	3.4	8	7	13	108	-12	105	4.9	26	34	18	34	192	88	401	5.4	32	40	22	41	220	122	500	500
473	Cladonia coniocraea	3	3	18	6	6	90	-27	0	3.5	9	18	13	116	-9	92	5	27	51	54	24	194	42	368	5.5	34	60	66	28	220	60	460	460
474	Galium saxatile	3	3	18	4	4	65	-31	6	3.3	7	15	15	96	0	172	4.4	21	51	48	34	189	91	669	4.8	26	60	60	41	220	122	835	835
475	Calypogeia muelleriana	3	3	22	5	5	90	-17	2	3.4	8	7	17	105	10	15	4.6	23	29	16	35	150	94	54	5	28	31	19	41	165	122	67	67
476	Cladonia digitata	3	3	18	8	8	90	-17	2	3.3	7	18	17	105	10	42	4.4	21	51	49	35	150	94	164	4.8	26	60	60	41	165	122	204	204
477	Phegopteris connectilis	3	3	15	8	8	90	-22	14	3.8	22	18	17	110	6	71	6.2	80	27	49	35	170	93	239	7	100	31	60	41	190	122	295	295
478	Epilobium alpestre	4	16	22	8	8	110	-12	13	4.3	19	16	18	119	14	34	5.2	31	30	41	35	146	95	99	5.6	35	32	50	41	155	122	121	121
479	Cephalozia bicuspidata	3.2	5	22	8	8	110	-12	1	3.6	11	24	18	119	14	10	5.1	29	30	72	35	146	95	34	5.6	35	32	88	41	155	122	42	42
480	Rhizomnium punctatum	3.2	5	22	8	8	110	-12	1	3.6	11	14	18	119	14	19	5.1	29	30	32	35	146	95	71	5.6	35	32	38	41	155	122	88	88
481	Barbilophozia lycopodioides	3	3	18	6	6	90	-12	1	3.8	22	10	18	103	14	42	6.2	80	29	22	35	142	95	163	7	100	32	27	41	155	122	204	204
482	Rhytidiadelphus subpinnatus	3	3	18	5	5	100	-12	1	3.4	8	7	18	111	14	12	4.6	23	29	14	35	144	95	42	5	28	32	17	41	155	122	52	52
485	Myosotis nemorosa	3.7	12	15	9	9	120	-46	303	4.3	29	15	10	140	-23	387	6.3	82	27	36	25	200	46	637	7	100	31	43	30	220	69	720	720
486	Ajuga reptans	4	16	12	4	4	90	-46	2	4.6	32	11	10	116	-23	185	6.4	83	27	35	25	194	46	733	7	100	31	43	30	220	69	916	916
487	Rumex obtusifolius	3.3	6	12	8	8	90	-36	255	4.2	24	14	14	116	-4	377	7	81	24	33	34	194	90	741	8	100	28	40	41	220	122	862	862
488	Brachythecium rivulare	4.5	23	12	5	5	110	-36	0	5	38	15	14	132	-15	57	6.5	84	24	47	26	198	48	227	7	100	28	58	30	220	69	284	284
489	Plagiothecium ruthei	3.1	4	18	56	56	120	-36	1	3.6	10	62	12	140	-15	50	5.3	31	30	81	25	200	48	197	5.9	38	33	88	30	220	69	246	246
490	Senecio ovatus	3	3	12	4	4	90	-27	4	4	22	8	16	110	2	53	7	80	27	23	34	170	92	199	8	100	31	28	41	190	122	248	248
491	Salix aurita	3.1	4	15	42	42	65	-36	133	3.5	9	45	12	96	-15	258	4.9	26	29	56	25	189	48	633	5.4	32	33	60	30	220	69	758	758
492	Carex elongata	3.1	4	8	42	42	115	-46	18	3.7	12	45	10	135	-23	82	5.5	36	28	56	25	195	46	276	6.2	45	33	60	30	215	69	341	341
493	Sphagnum fimbriatum	3.1	4	18	40	40	120	-17	1	3.4	8	44	15	139	0	50	4.4	21	30	56	26	196	51	196	4.8	26	33	60	30	215	69	245	245
494	Sphagnum squarrosum	3.1	4	8	40	40	105	-46	1	3.4	8	45	10	128	-23	50	4.6	23	49	60	25	197	46	197	5	28	60	66	30	220	69	246	246
497	Veronica montana	4.6	24	10	8	8	115	-46	4	5	39	13	17	10	133	-23	54	6.5	84	24	45	25	187	46	204	7	100	28	55	30	205	69	254
498	Plagiomnium affine	4.7	25	10	12	12	110	-46	0	5.1	40	18	13	132	-12	20	6.5	85	24	38	34	198	88	81	7	100	28	45	41	220	122	101	101
500	Viburnum opulus	3.7	12	10	12	12	110	-46	7	4.4	29	13	21	13	140	-12	7	6.7	82	24	50	34	230	88	7	7.5	100	28	60	41	260	122	7
501	Carex pendula	4.7	25	10	5	5	110	-36	0	5.1	40	12	14	140	-4	68	6.5	85	26	34	34	230	90	272	7	100	31	42	41	260	122	341	341
502	Plagiochila asplenioides	3.2	5	15	6	6	40	-7	1	3.9	24	10	19	63	18	71	6.2	81	27	23	35	132	96	281	7	100	31	28	41	155	122	350	350
503	Eurhynchium striatum	4	16	10	12	12	110	-46	0	4.6	32	21	13	133	-12	29	6.4	83	27	48	34	202	88	117	7	100	32	58	41	225	122	146	146
504	Kindbergia praelonga	4.7	25	10	9	9	115	-46	0	5.1	40	15	10	136	-23	20	6.5	85	24	36	25	199	46	81	7	100	28	43	30	220	69	101	101
505	Eurhynchium angustirete	4.7	25	10	9	9	110	-46	0	5.2	40	15	13	129	-12	11	6.9	85	24	36	34	186	88	44	7.5	100	28	43	41	205	122	56	56
507	Calliergon cordifolium	4.7	25	10	9	9	115	-46	0	5.1	40	15	10	133	-23	10	6.5	85	22	36	25	187	46	41	7	100	26	43	30	205	69	51	51
508	Thuidium tamariscinum	3.8	13	10	12	12	115	-46	0	4.6	30	21	10	137	-23	28	7.1	82	27	50	25	203	46	114	8	100	32	60	30	225	69	143	143
510	Ribes uva-crispa	4.4	21	15	5	5	130	-22	20	5.1	36	8	17	137	6	20	7.2	84	23	19	35	158	93	20	8	100	26	23	41	165	122	20	20
511	Luzula luzuloides	3	3	16	4	4	90	-22	12	3.4	8	11	17	105	6	117	4.6	23	28	34	35	150	93	430	5	28	31	42	41	165	122	535	535
512	Mycelis muralis	3	3	12	4	4	40	-46	0	4	22	8	13	76	-12	141	7	80	27	23	34	184	88	565	8	100	31	28	41	220	122	706	706
513	Genista tinctoria	3.2	5	8	4	4	90	-46	18	3.9	24	10	10	124	-23	18	6.2	81	26	31	25	226	46	18	7	100	31	38	30	260	69	18	18
514	Vincetoxicum hirundinaria	3.7	12	8	4	4	90	-46	2	4.4	29	12	8	13	124	-12	143	6.7	82	26	23	34	226	88	565	7.5	100	31	28	41	260	122	706
515	Silene viscaria	3.3	6	12	5	5	160	-46	29	3.7	11	8	8	172	-34	146	4.9	26	27	18	15	208	0	497	5.4	32	31	22	18	220	12	614	614
516	Silene nutans	5.2	30	8	5	5	90	-46	13	5.6	44	8	9	117	-29	210	7	86	22	19	19	198	19	800	7.5	100	26	23	23	225	36	997	997
517	Campanula rotundifolia	3.2	5	12	4	4	90	-46	11	4.1	24	8	13	116	-12	163	7	81	27	23	34	194	88	620	8	100	31	28	41	220	122	772	772
518	Cytisus scoparius	3.1	4	18	4	4	125	-31	20	3.7	20	6	13	153	-11	95	5.5	68	28	15	25	237	49	318	6.2	85	31	18	30	265	69	392	392
519	Cytisus nigricans	3.6	11	15	4	4	120	-46	9	4.2	28	7	9	140	-29	85	6.3	82	27	19	19	200	19	313	7	100	31	23	23	220	36	389	389
520	Anthericum liliago	3.8	14	15	5	5	115	-12	406	4.4	31	7	16	130	4	450	6.3	82	23	16	26	175	52	583	7	100	26	19	30	190	69	627	627
521	Digitalis grandiflora	4.3	19	8	5	5	70	-46	16	4.8	35	8	10	100	-24	120	6.4	83	26	17	23	190	38	433	7	100	31	21	28	220	60	537	537
522	Polygonatum verticillatum	3.8	13	15	4	4	65	-22	7	4.2	18	15	17	87	6	134	5.6	36	27	48	35	153	93	513	6.1	42	31	60	41	175	122	640	640
523	Festuca altissima	3.8	13	15	4	4	115	-27	0	4.2	19	8	13	125	-9	49	5.7	38	27	22	24	155	42	198	6.2	45	31	27	28	165	60	248	248
524	Cardamine bulbifera	4	17	12	6	6	115	-27	7	4.7	33	10	14	136	-7	71	6.8	83	24	23	26	199	49	266	7.5	100	27	28	30	220	69	331	331
525	Gymnocarpium dryopteris	3.8	13	12	4	4	80	-36	3	4.2	19	14	14	108	-4	49	5.7	38	27	47	34	192	90	187	6.2	45	31	58	41	220	122	233	233
526	Atrichum undulatum	3.3	6	8	6	6	115	-46	2	4	24	15	10	136	-23	57	6.2	81	26	45	25	199	46	222	7	100	31	55	30	220	69	276	276
527	Viola reichenbachiana	3.8	13	12	4	4	90	-46	1	4.5	30	15	11	13	128	-12	86	6.7	82	27	34	34	242	88	341	7.5	100	31	42	41	280	122	426
529	Lunaria rediviva	4.6	24	15	5	5	40	-17	4	5.1	39	8	17	67	10	91	6.9	84	25	18	35	148	94	351	7.5	100	28	22	41	175	122	438	438
530	Aruncus dioicus	3.8	13	12	4	4	110	-36	4	4.6	30	7	14	132	-4	44	7.1	82	24	18	34	198	90	167	8	100	28	22	41	220	122	208	208
531	Polystichum aculeatum	4.6	24	15	6	6	40	-22	6	5	39	10	17	69	6	92	6.5	84	25	22	35	156	93	352	7	100	28	27	41	185	122	438	438
532	Plagiomnium cuspidatum	5.7	35	11	9	9	140	-22	38	5.8	39	13	12	150	-15	61	6.3	51	17	27	16	180	5	131	6.5	56	19	32	18	190	12	155	155
533	Paraleucobryum longifolium	3	3	15	5	5	90	-27	0	3.8	22	8	16	110	2	35	6.2	80	27	19	34	170	92	140	7	100	31	23	41	190	122	175	175
534	Rubus caesius	3.3	6	10	8	8	110	-46	7	4.2	24	17	13	140	-12	7	7	81	26	45	34	230	88	7	8	100	31	55	41	260	122	7	7
535	Lamium maculatum	4.8	26	12	9	9	110	-41	4	5.3	40	15	9	132	-27	118	6.9	85	23	35	18	198	12	458	7.5	100	26	41.7	21	220	26	572	572
536	Arctium lappa	5.2	30	8	5	5	125	-46	333	5.6	44	8	9	144	-28	434	7	86	20	18	20	201	23	736	7.5	100	24	22	24	220	41	836	836
537	Dactylis polygama	4.2	18	8	6	6	140	-46	6	4.8	34	13	10	156	-23	104	6.8	83	26	34	25	204	46	398	7.5	100	31	42	30	220	69	496	496
538	Anemone ranunculoides	4.6	24	15	16	16	115	-46	4	5.2	39	23	10	133	-24	57	7.3	84	25	47	23	187	38	217	8	100	28	55	28	205	60	270	270
539	Corydalis cava	4.5	23	15	6	6	115	-46	18	5.2	38	10	10	136	-24	54	7.3	84	27	22	23	199	38	163	8	100	31	27	28	220	60	200	200
540	Rumex sanguineus	4.6	24	12	9	9	120	-36	5	5.1	39	18	12	148	-15	52	6.9	84	24	45	25	232	48	194	7.5	100	28	55	30	260	69	241	241
541	Allium ursinum	5.2	30	15	5	5	115	-27	18	5.6	44	9	13	136	-9	64	7	86	23	22	24	199	42	204	7.5	100	26	27	28	220	60	250	250
542	Gagea lutea	4.8	26	15	8	8	125	-22	4	5.4	40	14	14	138	-5	43	7.3	85	23	34	24	177	43	161	8	100	26	41.7	28	190	60	201	201
543	Aulacomnium androgynum	3.1	4	15	42	42	120	-12	1	3.8	23	45	16	134	4	8	6.2	80	29	56	26	176	52	31	7	100	33	60	30	190	69	39	39
544	Fissidens taxifolius	4.7	25	10	9	9	115	-46	0	5.2	40	15	10	136	-23	20	6.9	85	24	36	25	199	46	81	7.5	100	28	43	30	220	69	101	101
545	Galium sylvaticum	4.4	21	12	4	4	120	-36	2	4.9	36	8	12	140	-15	79	6.4	84	24	23	25	200	48	310	7	100	28	28	30	220	69	386	386
546	Rubus fruticosus agg.	3	3	12	8	8	90	-46	8	4	22	18	13	124	-12	8	7	80	28	49	34	226	88	8	8	100	33	60	41	260	122	8	8
547	Lathyrus vernus	3.8	13	8	6	6	110	-46	4	4.6	30	10	12	138	-17	80	7.1	82	26	23	30	222	69	309	8	100	31	28	36	250	98	385	385
548	Acer campestre	4.9	27	10	8	8	125	-46	361	5.5	41	18	13	154	-12	531	7.3	85	19	49	34	241	88	1040	8	100	22	60	41	270	122	1210	1210
549	Sorbus torminalis	4.5	23	10	4	4	145	-46	18	5.1	38	8	10	168	-23	139	6.9	84	26	23	25	237	46	503	7.5	100	31	28	30	260	69	624	624
550	Melampyrum nemorosum	4.6	24	15	6	6	140	-46	4	5	39	10	10	156	-22	23	6.5	84	23	22	25	204	46	78	7	100	26	26	30	220	70	97	371
551	Fragaria moschata	4.5	23	15	6	6	140	-46	8	5	38	10	8	156	-36	40	6.5	84	23	22	14	204	-7	137	7	100	26	27	16	220	2	169	169
553	Carex montana	3.1	4	12	4	4	105	-31	7	3.9	23	8	14	128	-5	131	6.6	80	27	23	30	197	72	502	7.5	100	31	28	36	220	98	626	626
554	Peucedanum cervaria	3.2	5	8	4	4	90	-46	8	4	24	7	10	134	-23	222	6.6	81	26	19	25	266	46	863	7.5	100	31	23	30	310	69	1076	1076
555	Pellia neesiana	4.7	25	10	24	24	110	-46	0	5.1	40	30	14	123	-23	10	6.5	85	22	51	26	162	46	41	7	100	26	58	30	175	69	51	51
557	Dicranum spurium	3.1	4	22	4	4	115	-46	44	3.6	10	7	10	136	-23	93	5.2	30	36	16	25	199	46	241	5.8	37	40	19	30	220	69	290	290
558	Leucobryum juniperiodeum	3.1	4	18	4	4	120	-22	17	3.6	10	7	13	130	-12	42	5.3	31	30	16	19	160	16	115	5.9	38	33	19	21	170	26	139	139
559	Cladonia strepsilis	3.1	4	18	4	4	120	-31	14	3.8	16	8	13	140	-11	57	5.9	52	30	20	25	200	49	185	6.7	65	33	24	30	220	69	228	228
560	Cladonia uncialis	3	3	18	4	4	40	-46	6	3.3	7	8	13	76	-12	91	4.4	21	35	20	34	184	88	345	4.8	26	40	24	41	220	122	429	429
563	Hieracium sabaudum	3.2	5	15	4	4	140	-31	34	3.6	12	7	13	156	-11	102	5.1	35	27	16	25	204	49	305	5.6	43	31	19	30	220	69	373	373
564	Hieracium lachenalii	3	3	15	4	4	90	-31	17	3.4	8	8	15	116	0	168	4.9	26	29	22	34	194	91	621	5.4	32	33	27	41	220	122	772	772
565	Cetraria aculeata	3	3	18	4	4	115	-46	14	3.4	8	9	10	136	-23	111	4.9	26	35	24	25	199	46	403	5.4	32	40	30	30	220	69	500	500
566	Stereocaulon condensatum	3.1	4	18	4	4	120	-36	14	3.8	16	8	12	140	-15	69	5.9	52	30	20	25	200	48	235	6.7	65	33	24	30	220	69	290	290
567	Scorzonera humilis	3.2	5	18	4	4	90	-46	45	3.9	19	8	8	116	-35	243	6	61	28	22	14	194	-3	840	6.8	75	31	27	17	220	7	1038	1038
568	Rhizocarpon alpicola	3.4	8	15	5	5	65	20	123	3.8	13	8	22	70	29	147	5.2	30	27	19	28	85	59	218	5.7	36	31	23	30	90	69	242	242
569	Umbilicaria hirsuta	3.4	8	15	5	5	65	20	123	3.8	13	8	22	70	29	147	5.2	30	27	19	28	85	59	218	5.7	36	31	23	30	90	69	242	242
570	Umbilicaria cylindrica	3.4	8	15	5	5	65	20	123	3.8	13	8	22	70	29	147	5.2	30	27	19	28	85	59	218	5.7	36	31	23	30	90	69	242	242
571	Parmelia conspersa	3.1	4	15	4	4	65	-31	14	3.8	23	8	13	94	-11	75	6.2	80	27	20	25	181	49	257	7	100	31	24	30	210	69	318	318
572	Salix fragilis	3.6	11	10	8	8	110	-46	311	4.2	28	18	13	132	-12	438	6.3	82	24	48	34	198	88	820	7	100	28	58	41	220	122	947	947
573	Salix alba	3.6	11	8	8	8	130	-46	350	4.4	28	15	10	156	-23	554	7.1	82	24	37	25	234	46	1165	8	100	28	45	30	260	69	1368	1368
575	Salix viminalis	3.6	11	10	8	8	130	-46	79	4.3	28	18	10	148	-23	79	6.7	82	24	48	25	202	46	79	7.5	100	28	58	30	220	69	79	79
576	Anacamptis morio	5.8	36	12	8	8	115	-46	414	6.1	48	14	10	130	-23	467	7.1	87	23	32	25	175	46	627	7.5	100	26	39	30	190	69	680	680
577	Oxyrrhynchium hians	4.7	25	10	9	9	115	-46	0	5.2	40	15	10	133	-23	31	6.9	85	22	36	25	187	46	124	7.5	100	26	43	30	205	69	156	156
578	Laserpitium prutenicum	5.5	34	16	38	38	140	-46	426	5.9	47	43	7	145.2	-38	495	7.1	86	29	60	12	160.8	-15	701	7.5	100	33	66	14	166	-8	770	770
579	Betonica officinalis	3.2	5	15	4	4	90	-36	13	4.1	24	14	14	122	-4	185	7	81	29	47	34	218	90	701	8	100	33	58	41	250	122	873	873
580	Galium rotundifolium	4	16	15	4	4	110	-31	15	4.6	32	8	15	132	0	78	6.4	83	27	23	34	198	91	268	7	100	31	28	41	220	122	331	331
583	Salix caprea	4.7	25	15	9	9	110	-17	7	5.2	40	15	17	123	10	7	6.9	85	25	36	35	162	94	7	7.5	100	28	43	41	175	122	7	7
584	Onoclea struthiopteris	4.7	25	10	9	9	110	-36	3	5.2	40	15	14	132	-4	42	6.9	85	26	36	34	198	90	158	7.5	100	31	43	41	220	122	197	197
585	Aconitum variegatum	4.7	25	15	9	9	110	-17	5	5.3	40	15	17	123	10	32	7.3	85	25	36	35	162	94	113	8	100	28	43	41	175	122	140	140
586	Brachythecium rutabulum	3	3	11	6	6	90	-22	0	4	22	10	17	110	6	44	7	80	27	22	35	170	93	176	8	100	32	27	41	190	122	221	221
588	Neoorthocaulis floerkei	3	3	18	8	8	90	-12	2	3.8	22	14	18	103	14	42	6.2	80	29	32	35	142	95	164	7	100	32	38	41	155	122	204	204
589	Biatora helvola	3	3	18	8	8	98	-7	42	3.8	22	14	16	109.4	2	74	6.2	80	29	32	22	143.6	31	172	7	100	32	38	24	155	41	204	204
593	Pinus sylvestris hercynica	3.3	6	23	5	5	90	-17	301	3.8	13	16	17	103	10	357	5.5	34	30	49	35	142	94	524	6.1	42	32	60	41	155	122	580	580
594	Cladonia pyxidata	3	3	12	4	4	65	-31	0	3.8	22	11	15	96	0	100	6.2	80	27	34	34	189	91	400	7	100	31	42	41	220	122	500	500
595	Cladonia macilenta	3	3	18	4	4	115	-22	0	3.3	7	10	14	130	-3	31	4.5	22	28	31	26	175	50	122	4.9	27	31	38	30	190	69	153	153
596	Cladonia caespiticia	3	3	18	6	6	115	-22	0	3.7	17	12	14	130	-5	31	6	60	28	31	24	175	43	122	6.8	75	31	38	28	190	60	153	153
597	Festuca heterophylla	3	3	15	6	6	90	-46	9	3.8	22	10	11	124	-18	138	6.2	80	27	22	29	226	65	525	7	100	31	27	35	260	93	654	654
598	Cladonia foliacea	3.1	4	18	4	4	115	-46	14	3.7	14	8	10	134	-23	103	5.8	45	35	20	25	191	46	370	6.5	56	40	24	30	210	69	460	460
599	Cladonia gracilis	3	3	18	4	4	40	-46	7	3.4	8	7	13	70	-12	91	4.6	23	29	16	34	160	88	345	5	28	32	20	41	190	122	429	429
600	Pycnothelia papillaria	3.2	5	22	4	4	140	-36	44	3.6	10	7	10	150	-23	93	4.8	25	30	16	18	180	13	241	5.2	30	33	19	21	190	26	290	290
601	Vicia sepium	3.5	10	15	6	6	115	-27	2	4.2	28	18	10	13	144	-9	66	6.3	82	27	23	24	231	42	258	7	100	31	28	28	260	60	322
604	Alchemilla vulgaris	3.2	5	12	5	5	90	-36	248	3.9	24	12	14	106	-4	366	6.2	81	28	34	34	154	90	722	7	100	33	42	41	170	122	840	840
605	Centaurea pseudophrygia	4.7	25	18	9	9	90	20	60	4.8	26	15	22	105	29	181	5.2	30	24	33	28	150	59	544	5.4	32	26	39	30	165	69	665	665
606	Crepis mollis	4.7	25	12	9	9	90	-7	278	4.8	26	14	17	105	8	331	5.2	30	20	30	26	150	53	492	5.4	32	22	36	30	165	69	546	546
607	Scabiosa ochroleuca	4.9	27	12	5	5	115	-46	359	5.5	41	7	9	136	-29	454	7.3	85	23	15	19	199	19	738	8	100	26	18	23	220	36	833	833
608	Bromus erectus	4.9	27	12	5	5	115	-46	22	5.5	41	7	10	144	-23	201	7.3	85	27	16	25	231	46	737	8	100	31	19	30	260	69	916	916
609	Plantago media	4.7	25	12	5	5	90	-46	27	5.2	40	12	10	122	-23	204	6.9	85	23	34	25	218	46	738	7.5	100	26	42	30	250	69	916	916
610	Onobrychis viciifolia	6	38	12	5	5	115	-31	414	6.4	50	7	13	136	-11	498	7.6	87	23	15	25	199	49	749	8	100	26	18	30	220	69	833	833
611	Geranium pratense	4.8	26	12	9	9	140	-17	411	5.4	40	12	15	150	0	464	7.3	85	23	21	26	180	51	622	8	100	26	25	30	190	69	675	675
612	Tragopogon pratensis	3.3	6	12	6	6	90	-22	247	4.1	24	9	14	116	-3	387	6.6	81	27	21	26	194	50	806	7.5	100	31	25	30	220	69	946	946
613	Crepis biennis	4.8	26	12	6	6	140	-17	317	5.2	40	12	15	156	0	443	6.5	85	23	30	26	204	51	820	7	100	26	36	30	220	69	946	946
614	Dianthus deltoides	3.1	4	12	5	5	90	-46	255	3.4	8	17	13	116	-12	366	4.6	23	28	53	34	194	88	697	5	28	33	66	41	220	122	807	807
615	Galium pumilum	3.2	5	12	4	4	90	-31	255	3.9	19	8	15	116	0	359	6	61	27	22	34	194	91	669	6.8	75	31	27	41	220	122	772	772
616	Alyssum alyssoides	5.9	37	15	5	5	90	-31	253	6.3	49	8	11	105	-17	369	7.5	87	23	18	20	150	22	717	8	100	26	22	23	165	36	833	833
617	Sedum album	4.8	26	12	5	5	90	-31	253	5.4	40	8	13	126	-11	365	7.3	85	23	19	25	234	49	699	8	100	26	23	30	270	69	810	810
619	Cota tinctoria	5	28	15	5	5	150	-46	130	5.4	42	8	8	168	-34	219	6.6	85	23	19	15	222	0	489	7	100	26	23	18	240	12	578	578
620	Arenaria serpyllifolia	4.9	27	12	5	5	90	-46	253	5.5	41	8	10	116	-23	358	7.3	85	23	19	25	194	46	670	8	100	26	23	30	220	69	775	775
621	Arabis auriculata	5.2	30	12	4	4	140	-22	463	5.6	44	9	14	156	-3	525	7	86	23	27	26	204	50	712	7.5	100	26	33	30	220	69	775	775
622	Cerastium brachypetalum	6.4	52	12	6	6	140	-22	463	6.7	61	11	14	156	-3	525	7.6	90	23	27	26	204	50	712	8	100	26	33	30	220	69	775	775
623	Cerastium pumilum	6.4	52	12	4	4	140	-22	463	6.7	61	6	14	156	-3	525	7.6	90	23	15	26	204	50	712	8	100	26	18	30	220	69	775	775
624	Draba nemorosa	6.4	52	12	6	6	140	-22	463	6.5	61	11	14	156	-3	525	6.8	90	23	27	26	204	50	712	7	100	26	33	30	220	69	775	775
625	Hornungia petraea	6.4	52	12	6	6	140	-22	463	6.8	61	11	14	156	-3	525	8	90	23	27	26	204	50	712	8.5	100	26	33	30	220	69	775	775
626	Minuartia rubra	5.9	37	15	8	8	90	-31	253	6.3	49	14	11	105	-17	313	7.5	87	23	34	20	150	22	493	8	100	26	41	23	165	36	553	553
627	Minuartia hybrida	5.9	37	15	8	8	90	-31	253	6.3	49	14	11	105	-17	313	7.5	87	23	34	20	150	22	493	8	100	26	41	23	165	36	553	553
628	Saxifraga tridactylitis	5.9	37	12	5	5	115	-31	368	6.2	49	8	13	154	-11	450	7.1	87	23	18	25	271	49	693	7.5	100	26	22	30	310	69	775	775
629	Noccaea perfoliata	5.9	37	15	5	5	90	-31	253	6.3	49	8	12	106	-16	313	7.5	87	23	19	21	154	26	493	8	100	26	23	24	170	41	553	553
630	Trifolium striatum	3.3	6	15	8	8	90	-31	253	3.6	10	14	11	105	-17	313	4.5	22	23	34	20	150	22	493	4.8	26	26	41	23	165	36	553	553
631	Veronica praecox	5.9	37	15	5	5	140	-31	454	6.3	49	17	8	11	145	-19	470	7.5	87	23	18	18	160	14	520	8	100	26	22	21	165	26	537
632	Festuca pallens	4.4	21	15	5	5	90	-31	290	5.1	36	8	11	105	-17	342	7.2	84	23	19	20	150	22	499	8	100	26	23	23	165	36	551	551
633	Dianthus gratianopolitanus	5	28	15	10	10	90	-31	305	5.5	42	16	11	105	-17	344	7	85	23	34	20	150	22	462	7.5	100	26	41	23	165	36	501	501
634	Hieracium schmidtii	3.2	5	12	4	4	110	-36	290	3.5	9	7	12	126	-15	362	4.4	21	23	16	25	174	48	578	4.8	26	26	20	30	190	69	650	650
636	Aster alpinus	5	28	15	8	8	90	-31	263	5.5	42	14	11	105	-17	324	7	85	23	34	20	150	22	507	7.5	100	26	41	23	165	36	569	569
637	Solidago virgaurea	3.2	5	11	4	4	55	-46	4	4.1	24	11	13	88	-12	146	7	81	27	33	34	187	88	573	8	100	31	41	41	220	122	715	715
638	Bryum argenteum	5.2	30	12	5	5	140	-31	22	5.5	44	8	11	151	-17	120	6.6	86	23	18	20	184	22	415	7	100	26	22	23	195	36	513	513
639	Gagea saxatilis	5.9	37	15	5	5	140	-31	454	6	40	8	11	153	-19	470	6.3	52	23	18	18	192	14	520	6.5	56	26	22	21	205	26	537	537
640	Sorbus aria	4.1	17	8	4	4	100	-46	19	4.7	33	8	12	132	-17	132	6.8	83	26	23	30	228	69	470	7.5	100	31	28	36	260	98	583	583
641	Veronica verna	3.8	13	12	5	5	140	-31	454	4.3	21	14	8	11	150	-17	487	5.9	47	23	18	20	180	22	587	6.5	56	26	22	23	190	36	620
642	Cerastium semidecandrum	4.9	27	12	5	5	140	-31	427	5.3	41	8	11	170	-19	466	6.5	85	23	18	18	260	14	582	7	100	26	22	21	290	26	620	620
643	Draba verna	4.5	23	12	5	5	115	-31	368	5.2	38	8	13	154	-11	450	7.3	84	23	18	25	271	49	693	8	100	26	22	30	310	69	775	775
644	Holosteum umbellatum	5.9	37	15	5	5	140	-31	454	6	40	8	11	145	-19	470	6.3	52	23	18	18	160	14	520	6.5	56	26	22	21	165	26	537	537
645	Thymus praecox	4.8	26	12	4	4	90	-46	8	5.4	40	7	10	116	-23	126	7.3	85	27	19	25	194	46	479	8	100	31	23	30	220	69	597	597
646	Clinopodium acinos	4.6	24	8	5	5	90	-46	24	5	39	8	10	116	-23	174	6.5	84	22	19	25	194	46	624	7	100	26	23	30	220	69	775	775
647	Alyssum montanum	5	28	15	10	10	90	-31	305	5.5	42	16	11	105	-17	383	7	85	23	34	20	150	22	618	7.5	100	26	41	23	165	36	696	696
648	Asperula cynanchica	5.5	34	8	4	4	90	-46	23	6	47	7	10	116	-23	185	7.5	86	22	19	25	194	46	671	8	100	26	23	30	220	69	833	833
649	Festuca cinerea	3.2	5	12	4	4	115	-36	38	3.9	24	7	12	136	-15	184	6.2	81	27	16	25	199	48	621	7	100	31	19	30	220	69	767	767
650	Teucrium montanum	3.3	6	12	4	4	40	-36	36	4.3	24	7	13	76	-9	195	7.4	81	23	16	30	184	71	674	8.5	100	26	19	36	220	98	833	833
651	Festuca valesiaca	3.8	13	12	5	5	140	-46	32	4.5	30	7	9	164	-31	193	6.7	82	23	15	18	236	11	673	7.5	100	26	18	21	260	26	833	833
652	Stipa pulcherrima	6	38	12	5	5	140	-46	423	6.4	50	8	7	150	-41	470	7.6	87	23	18	10	180	-27	610	8	100	26	22	11	190	-23	657	657
653	Achillea setacea	5.7	34	12	5	5	140	-46	423	6.2	47	7	7	152	-38	505	7.9	86	23	16	12	188	-15	751	8.5	100	26	19	14	200	-8	833	833
654	Festuca rupicola	4.1	17	12	5	5	90	-46	14	4.8	33	8	9	116	-29	178	7.2	83	27	19	19	194	19	669	8	100	31	23	23	220	36	833	833
655	Stipa pennata	5.2	30	12	4	4	145	-46	23	5.6	44	6	7	160	-38	172	7	86	23	15	12	205	-15	619	7.5	100	26	18	14	220	-8	767	767
657	Carlina acaulis	3.2	5	8	4	4	40	-46	89	4.1	24	8	12	70	-17	196	7	81	26	22	30	160	69	519	8	100	31	27	36	190	98	626	626
658	Orchis militaris	6.4	52	12	8	8	115	-17	414	6.8	61	14	15	125	0	457	8	90	23	32	26	155	51	589	8.5	100	26	38	30	165	69	632	632
659	Ophrys insectifera	6.4	52	12	8	8	115	-17	414	6.8	61	14	15	125	0	457	8	90	23	32	26	155	51	589	8.5	100	26	38	30	165	69	632	632
660	Aster amellus	6.4	52	15	4	4	105	-46	8	6.7	61	7	10	128	-23	141	7.6	90	23	19	25	197	46	539	8	100	26	23	30	220	69	672	672
662	Polygala armara	4.6	24	12	5	5	115	-31	306	5.2	39	7	13	136	-11	377	7.3	84	27	16	25	199	49	589	8	100	31	19	30	220	69	660	755
663	Carex caryophyllea	3.2	5	12	6	6	115	-46	18	4.1	24	13	10	144	-23	179	7	81	27	34	25	231	46	660	8	100	31	42	30	260	69	820	820
664	Carex ornithopoda	6.4	52	12	4	4	140	-31	423	6.8	61	6	11	145	-19	440	8	90	23	12	18	160	14	490	8.5	100	26	14	21	165	26	507	507
665	Carex frigida	6	38	18	14	14	65	11	238	6.4	50	23	22	75	33	289	7.6	87	28	50	36	105	99	444	8	100	31	60	41	115	122	496	496
666	Helianthemum nummularium	3.6	11	12	4	4	90	-36	66	4.3	28	7	12	116	-15	217	6.7	82	27	19	25	194	48	669	7.5	100	31	23	30	220	69	820	820
667	Tortella tortuosa	4.5	23	8	5	5	40	-36	0	5.2	38	8	14	67	-4	92	7.3	84	26	19	34	148	90	368	8	100	31	23	41	175	122	460	460
668	Tanacetum corymbosum	4.5	23	8	4	4	115	-46	2	5.1	38	8	10	144	-23	98	6.9	84	26	23	25	231	46	386	7.5	100	31	28	30	260	69	482	482
669	Eryngium campestre	5.8	36	7	5	5	140	-46	423	6.2	48	9	9	174	-28	627	7.5	87	22	21	20	276	23	1239	8	100	26	25	24	310	41	1443	1443
670	Medicago lupulina	5.5	34	12	4	4	140	-46	1615	6	47	6	10	164	-23	1660	7.5	86	24	15	25	236	46	1795	8	100	28	18	30	260	69	1840	972
671	Vicia tenuifolia	5.4	32	15	5	5	170	-46	87	5.9	45	16	9	7	180	-38	135	7.4	86	20	24	12	210	-15	279	8	100	22	29	14	220	-8	327
672	Leontodon hispidus	4.2	18	12	4	4	40	-46	140	4.8	34	11	13	76	-12	306	6.8	83	27	34	34	184	88	805	7.5	100	31	42	41	220	122	972	972
673	Colchicum autumnale	5.2	30	12	5	5	140	-7	470	5.6	44	8	17	145	8	483	7	86	20	19	26	160	53	522	7.5	100	22	23	30	165	69	535	535
674	Achillea nobilis	5	28	15	10	10	90	-31	305	5.6	42	16	11	105	-17	344	7.4	85	23	34	20	150	22	462	8	100	26	41	23	165	36	501	501
675	Aurinia saxatilis	5	28	15	10	10	90	-31	290	5.6	42	16	11	111	-17	383	7.4	85	23	34	20	174	22	662	8	100	26	41	23	195	36	756	756
676	Erysimum crepidifolium	5	28	15	10	10	90	-31	305	5.5	42	16	11	105	-17	344	7	85	23	34	20	150	22	462	7.5	100	26	41	23	165	36	501	501
677	Iris aphylla	4.2	18	15	5	5	90	-46	30	4.9	34	12	9	116	-29	124	7.2	83	27	33	19	194	19	407	8	100	31	41	23	220	36	501	501
678	Allium strictum	5	28	15	10	10	90	-31	305	5.4	42	16	11	105	-17	344	6.6	85	23	34	20	150	22	462	7	100	26	41	23	165	36	501	501
679	Melica ciliata	3.3	6	12	5	5	140	-46	7	4.1	24	8	9	156	-29	172	6.6	81	23	19	19	204	19	668	7.5	100	26	23	23	220	36	833	833
680	Lotus corniculatus	3.2	5	12	4	4	65	-46	48	4	24	12	13	100	-12	265	6.6	81	28	37	34	205	88	914	7.5	100	33	46	41	240	122	1130	1130
681	Lathyrus linifolius	3.1	4	15	4	4	135	-31	9	3.5	9	12	14	152	-6	182	4.9	27	27	36	29	203	68	700	5.4	33	31	45	35	220	93	873	873
682	Viola canina	3	3	8	4	4	65	-46	16	3.3	7	12	14	13	96	-12	167	4.4	21	27	44	34	189	88	621	4.8	26	32	55	41	220	122	772
683	Danthonia decumbens	3	3	15	4	4	90	-36	17	3.4	8	16	14	116	-4	283	4.9	26	29	53	34	194	90	1079	5.4	32	33	66	41	220	122	1344	1344
685	Potentilla aurea	3.1	4	18	4	4	40	-31	44	3.5	9	8	15	76	0	189	4.7	24	28	22	34	184	91	626	5.2	30	31	27	41	220	122	772	772
686	Arnica montana	3.1	4	12	4	4	65	-36	54	3.4	8	14	14	96	-4	216	4.6	23	28	44	34	189	90	701	5	28	33	55	41	220	122	863	863
687	Luzula multiflora	3.3	6	15	14	14	90	-36	52	3.7	11	24	12	101	-15	165	4.9	26	29	55	25	134	48	503	5.3	31	33	66	30	145	69	616	616
688	Carex pallescens	3.2	5	20	5	5	65	-7	30	3.7	12	13	19	87	18	167	5.5	34	28	37	35	153	96	578	6.1	42	31	46	41	175	122	715	715
689	Sempervivum globiferum	6.4	52	18	4	4	90	-3	299	6.7	61	5	16	105	4	339	7.6	90	24	9	21	150	28	459	8	100	26	11	23	165	36	499	499
690	Bombycilaena erecta	6.2	45	12	5	5	140	-36	451	6.6	56	9	11	156	-20	512	8	89	23	23	20	204	25	696	8.5	100	26	28	24	220	41	757	757
691	Trifolium scabrum	4.6	24	12	6	6	140	-22	232	5.3	39	11	14	180	-3	340	7.7	84	23	27	26	300	50	1757	8.5	100	26	33	30	340	69	1801	1801
692	Allium pulchellum	6.2	45	12	5	5	140	-46	423	6.5	56	8	7	150	-41	470	7.6	89	23	18	10	180	-27	610	8	100	26	22	11	190	-23	657	657
693	Dorycnium germanicum	6.1	40	15	5	5	115	-46	8	6.5	52	8	12	158	-17	161	8	88	27	19	30	287	69	618	8.5	100	31	23	36	330	98	771	771
694	Fumana procumbens	6.4	52	12	4	4	140	-27	451	6.8	61	6	12	156	-13	568	8	90	23	15	21	204	27	919	8.5	100	26	18	24	220	41	1036	1036
695	Gypsophila fastigiata	4.9	27	12	8	8	115	-46	411	5.3	41	13	7	130	-37	449	6.5	85	23	31	13	175	-12	563	7	100	26	37	15	190	-4	601	601
696	Helianthemum apenninum	6.4	52	12	4	4	140	-36	389	6.7	61	6	10	164	-26	626	7.6	90	23	12	16	236	2	1335	8	100	26	15	18	260	12	1572	1572
697	Helianthemum canum	5.5	34	12	6	6	115	-36	89	6.1	47	10	10	136	-26	278	7.9	86	23	25	16	199	2	847	8.5	100	26	30	18	220	12	1036	1036
698	Koeleria vallesiana	5.2	30	12	4	4	125	-27	91	5.8	44	6	12	152	-13	235	7.8	86	23	15	21	233	27	666	8.5	100	26	18	24	260	41	810	810
699	Globularia bisnagarica	6.3	49	12	4	4	90	-36	272	6.7	59	6	11	122	-20	365	8	89	23	15	20	218	25	644	8.5	100	26	18	24	250	41	737	737
700	Linum tenuifolium	5.5	34	12	4	4	140	-36	389	6.1	47	6	12	156	-15	459	7.9	86	23	15	25	204	48	668	8.5	100	26	18	30	220	69	737	737
701	Orobanche amethystea	6	38	12	4	4	140	-27	451	6.4	50	6	12	156	-13	508	7.6	87	23	15	21	204	27	680	8	100	26	18	24	220	41	737	737
702	Orobanche teucrii	6.4	52	12	5	5	140	-7	451	6.8	61	9	16	156	2	508	8	90	23	23	22	204	31	680	8.5	100	26	28	24	220	41	737	737
703	Phyteuma tenerum	6.1	40	12	6	6	140	-36	389	6.4	52	10	10	150	-26	441	7.6	88	23	25	16	180	2	597	8	100	26	30	18	190	12	649	649
704	Stipa pulcherrima bavarica	6.4	52	12	6	6	140	-36	389	6.7	61	10	10	150	-26	441	7.6	90	23	25	16	180	2	597	8	100	26	30	18	190	12	649	649
705	Trinia glauca	6	38	12	4	4	140	-36	389	6.4	50	6	11	156	-20	465	7.6	87	23	15	20	204	25	692	8	100	26	18	24	220	41	767	767
706	Poa badensis	4.9	27	12	4	4	90	-46	36	5.5	41	7	9	111	-29	166	7.3	85	23	19	19	174	19	556	8	100	26	23	23	195	36	686	686
707	Dracocephalum ruyschiana	4.5	23	18	8	8	55	-17	19	5.1	38	14	17	77	10	99	6.9	84	28	32	35	143	94	340	7.5	100	31	38	41	165	122	420	420
708	Minuartia setacea	5	28	15	10	10	90	-31	305	5.5	42	16	11	105	-17	344	7	85	23	34	20	150	22	462	7.5	100	26	41	23	165	36	501	501
709	Spergula pentandra	4.9	27	15	5	5	140	-46	454	5.2	32	8	9	154	-31	513	6.1	50	23	18	18	196	11	692	6.5	56	26	22	21	210	26	752	752
710	Veronica dillenii	4.5	23	15	5	5	140	-31	421	4.9	29	17	8	11	150	-19	472	6.1	49	23	18	18	180	14	625	6.5	56	26	22	21	190	26	676
711	Arabidopsis thaliana	3.8	13	15	5	5	90	-17	291	4.1	16	9	15	100	0	352	5	28	23	21	26	130	51	536	5.4	32	26	26	30	140	69	597	597
712	Echium vulgare	3.3	6	12	5	5	90	-36	253	4.2	24	8	12	116	-15	369	7	81	23	19	25	194	48	717	8	100	26	23	30	220	69	833	833
713	Poa compressa	4.9	27	12	5	5	90	-31	253	5.6	41	8	13	116	-11	358	7.7	85	23	18	25	194	49	670	8.5	100	26	22	30	220	69	775	775
714	Hypochaeris glabra	3.1	4	15	4	4	115	-27	310	3.4	8	9	14	136	-7	623	4.6	23	27	24	26	199	49	1561	5	28	31	30	30	220	69	1873	1873
715	Petrorhagia prolifera	5.5	34	12	5	5	140	-31	454	5.8	47	8	13	156	-11	518	6.7	86	23	18	25	204	49	710	7	100	26	22	30	220	69	775	775
716	Petrorhagia saxifraga	5.9	37	15	5	5	120	-36	49	6.2	49	8	10	129	-23	147	7.1	87	23	18	18	156	13	440	7.5	100	26	22	21	165	26	537	537
717	Teucrium botrys	5.9	37	12	5	5	125	-31	394	6.3	49	8	13	144	-11	470	7.5	87	23	18	25	201	49	698	8	100	26	22	30	220	69	775	775
718	Stachys recta	4.1	17	12	4	4	90	-46	2	4.9	33	7	10	116	-23	149	7.6	83	23	19	25	194	46	590	8.5	100	26	23	30	220	69	737	737
719	Teucrium chamaedrys	3.3	6	12	4	4	40	-46	2	4.2	24	8	12	84	-17	149	7	81	27	22	30	216	69	590	8	100	31	27	36	260	98	737	737
720	Galatella linosyris	4.4	21	12	5	5	140	-36	20	5.2	36	8	11	156	-21	151	7.6	84	23	17	20	204	21	542	8.5	100	26	21	23	220	36	672	672
721	Pseudotsuga menziesii	3.3	6	15	4	4	90	-46	384	3.7	11	16	13	116	-12	451	4.9	26	29	53	34	194	88	652	5.4	32	33	66	41	220	122	719	719
722	Larix decidua	4	10	15	5	5	65	-17	253	4.8	28	8	17	83	10	328	7.2	82	27	18	35	137	94	553	8	100	31	22	41	155	122	628	628
725	Robinia pseudoacacia	4	17	8	4	4	160	-46	387	4.8	33	7	8	173	-36	452	7.2	83	26	19	14	212	-7	645	8	100	31	23	16	225	2	709	709
727	Daphne mezereum	3.8	13	12	6	6	55	-36	9	4.5	30	10	14	84	-4	9	6.7	82	27	23	34	171	90	9	7.5	100	31	28	41	200	122	9	9
728	Neottia nidus-avis	5.2	30	12	5	5	115	-22	7	5.6	44	8	14	148	-5	64	7	86	23	19	24	247	43	236	7.5	100	26	23	28	280	60	294	294
729	Epipactis atrorubens	5.7	35	12	4	4	90	-22	6	6.1	48	7	14	116	-3	97	7.5	87	23	19	26	194	50	370	8	100	26	23	30	220	69	462	462
730	Vulpia myuros	4.9	26	15	4	4	140	6	253	5	28	17	6	19	170	18	353	5.5	34	23	15	27	260	56	653	5.7	36	26	18	30	290	69	753
731	Pulmonaria obscura	4.8	26	12	7	7	115	-46	4	5.4	40	11	10	130	-24	85	7.3	85	23	23	23	175	38	328	8	100	26	28	28	190	60	409	409
732	Potentilla alba	3.7	12	15	4	4	140	-46	16	4.3	29	7	9	156	-31	115	6.3	82	27	18	18	204	11	412	7	100	31	22	21	220	26	510	510
733	Betula carpatica	3	3	22	10	10	90	-17	292	3.3	7	20	17	105	10	349	4.2	19	52	50	35	150	94	519	4.6	24	60	60	41	165	122	576	576
734	Sorbus danubialis	3	3	15	8	8	145	-46	362	4	22	14	9	168	-29	434	7	80	27	32	19	237	19	649	8	100	31	38	23	260	36	720	720
735	Quercus pubescens	4.1	17	14	2	2	145	-46	420	4.7	33	7	10	178	-23	627	6.8	83	27	22	25	277	46	1250	7.5	100	31	27	30	310	69	1457	1457
736	Hordelymus europaeus	4	16	12	6	6	115	-22	6	4.7	32	10	14	130	-5	52	6.8	83	27	23	24	175	43	192	7.5	100	31	28	28	190	60	238	238
737	Lilium martagon	4.3	19	15	6	6	70	-22	7	5	35	10	14	100	-3	113	7.2	83	27	23	26	190	50	431	8	100	31	28	30	220	69	537	537
738	Campanula trachelium	5.1	29	15	6	6	115	-27	2	5.6	43	10	14	152	-7	122	7.4	85	23	23	26	263	49	481	8	100	26	28	30	300	69	601	601
739	Asarum europaeum	4.4	21	10	6	6	110	-46	2	5	36	13	12	132	-17	49	6.8	84	26	34	30	198	69	187	7.5	100	31	42	36	220	98	233	233
740	Actaea spicata	4	16	12	6	6	115	-27	4	4.6	32	10	16	130	2	52	6.4	83	27	23	34	175	92	198	7	100	31	28	41	190	122	247	247
741	Sanicula europaea	4	16	15	6	6	115	-27	4	4.8	32	10	14	148	-7	69	7.2	83	23	23	26	247	49	265	8	100	26	28	30	280	69	331	331
742	Cynosurus cristatus	3.2	5	12	6	6	90	-36	243	4.1	24	14	12	124	-15	389	7	81	28	38	25	226	48	826	8	100	33	46	30	260	69	972	972
743	Galium album	3.3	6	15	4	4	115	-36	83	4.1	24	14	12	136	-15	255	6.6	81	25	44	25	199	48	774	7.5	100	28	55	30	220	69	946	946
744	Bromus hordeaceus	3.6	11	8	4	4	140	-46	35	4.4	28	12	9	160	-29	292	7.1	82	22	37	19	220	19	1065	8	100	26	46	23	240	36	1322	1322
745	Carex paniculata	3.1	4	12	38	38	135	-12	31	3.8	23	42	16	151	4	192	6.2	80	28	55	26	199	52	674	7	100	33	60	30	215	69	835	835
746	Viola hirta	3.2	5	8	4	4	90	-46	9	4.1	24	12	8	10	134	-23	222	7	81	26	23	25	266	46	863	8	100	31	28	30	310	69	1076
747	Bolboschoenus maritimus	5.2	30	10	9	9	65	-46	208	5.8	44	20	13	120	-12	462	7.8	86	22	54	34	285	88	1224	8.5	100	26	66	41	340	122	1477	1477
748	Juncus gerardii	5.2	30	12	8	8	125	-36	255	5.6	44	18	10	144	-23	383	7	86	23	49	18	201	13	769	7.5	100	26	60	21	220	26	897	897
749	Glaux maritima	5.2	30	12	8	8	125	-27	255	5.6	44	18	12	138	-16	346	7	86	23	49	18	177	15	619	7.5	100	26	60	21	190	26	710	710
750	Schoenoplectus tabernaemontani	5.2	30	12	32	32	115	-27	208	5.9	44	38	16	130	2	326	8.2	86	23	59	34	175	92	678	9	100	26	66	41	190	122	796	796
752	Suaeda maritima	5.2	30	12	32	32	125	-22	255	5.6	44	37	13	141	-12	383	7	86	23	54	19	189	16	769	7.5	100	26	60	21	205	26	897	897
753	Spergularia marina	5.2	30	12	32	32	125	-22	255	5.8	44	37	13	168	-12	337	7.8	86	23	54	19	297	16	583	8.5	100	26	60	21	340	26	665	665
754	Spergularia media	5.2	30	12	4	4	125	-22	335	5.6	44	13	13	140	-12	448	7	86	16	42	19	185	16	785	7.5	100	18	52	21	200	26	897	897
755	Puccinellia maritima	5.2	30	12	32	32	125	-22	255	5.7	44	37	13	142	-12	403	7.2	86	23	54	19	193	16	849	7.8	100	26	60	21	210	26	998	998
756	Tripolium pannonicum	5.2	30	12	8	8	125	-22	255	5.6	44	18	13	142	-12	383	7	86	23	49	19	193	16	769	7.5	100	26	60	21	210	26	897	897
757	Plantago maritima	5.2	30	12	8	8	125	-22	255	5.7	44	18	14	154	-6	403	7.4	86	23	49	23	241	39	849	8	100	26	60	27	270	55	998	998
758	Triglochin maritimum	5.2	30	12	8	8	125	-22	255	5.7	44	18	13	141	-12	383	7.4	86	23	49	19	189	16	769	8	100	26	60	21	205	26	897	897
759	Juncus ranarius	5.2	30	12	31	31	125	-22	255	5.5	44	36	13	138	-12	327	6.6	86	23	54	19	177	16	541	7	100	26	60	21	190	26	613	613
760	Puccinellia distans	5.2	30	12	31	31	125	-36	255	5.6	44	36	10	142	-23	383	7	86	23	54	18	193	13	769	7.5	100	26	60	21	210	26	897	897
761	Primula veris canescens	5.6	34	15	5	5	140	-46	9	6	47	8	10	164	-23	66	7.5	86	23	19	25	236	46	236	8	100	26	23	30	260	69	293	293
762	Trichophorum cespitosum	3	3	15	50	50	40	-17	133	3.3	7	52	17	70	10	273	4.5	22	51	58	35	160	94	694	4.9	27	60	60	41	190	122	835	835
763	Willemetia stipitata	3.1	4	15	8	8	40	-17	7	4	23	24	18	17	60	10	129	7	80	51	49	35	120	94	496	8	100	60	60	41	140	122	619
764	Carex flava	4.1	17	12	14	14	40	-22	139	4.8	33	23	17	65	6	254	7.2	83	28	50	35	140	93	597	8	100	33	60	41	165	122	712	712
765	Bartsia alpina	4.1	17	15	14	14	40	-22	155	4.7	33	23	17	65	6	264	6.8	83	29	50	35	140	93	592	7.5	100	33	60	41	165	122	701	701
766	Juncus alpinoarticulatus	4.1	17	12	14	14	40	-22	22	4.8	33	23	17	70	6	157	7.2	83	28	50	35	160	93	565	8	100	33	60	41	190	122	701	701
768	Carex pulicaris	4.5	23	15	39	39	115	-22	357	4.9	33	44	14	125	-3	416	6.3	64	29	60	26	155	50	590	6.8	75	33	66	30	165	69	649	649
769	Pinguicula vulgaris	4.3	19	15	14	14	65	-17	184	4.9	35	23	17	86	10	275	6.8	83	29	50	35	149	94	550	7.5	100	33	60	41	170	122	641	641
770	Drosera rotundifolia	3	3	18	40	40	65	-46	66	3.3	7	45	10	96	-23	219	4.4	21	51	60	25	189	46	681	4.8	26	60	66	30	220	69	835	835
771	Aneura pinguis	4.5	23	15	42	42	65	-22	15	5.1	38	45	14	90	-3	92	6.9	84	29	56	26	165	50	323	7.5	100	33	60	30	190	69	400	400
773	Sphagnum subsecundum	3.1	4	15	40	40	65	-36	15	3.7	13	45	12	90	-15	168	5.7	42	51	60	25	165	48	626	6.4	52	60	66	30	190	69	778	778
775	Typha minima	4.8	26	12	33	33	40	-22	22	5.4	40	38	12	70	-15	135	7.3	85	23	53	16	160	5	474	8	100	26	58	18	190	12	587	587
776	Aira caryophyllea	3.1	4	15	4	4	140	-22	465	3.4	8	7	14	156	-3	706	4.3	20	27	18	26	204	50	1429	4.7	25	31	22	30	220	69	1670	1670
777	Euphorbia seguieriana	4	16	12	5	5	115	-46	65	4.8	32	8	7	136	-37	234	7.2	83	23	19	13	199	-12	741	8	100	26	23	15	220	-4	910	910
778	Micropyrum tenellum	3	3	22	5	5	115	-36	364	3.5	9	8	10	136	-26	467	5	27	29	17	16	199	2	779	5.5	34	31	20	18	220	12	883	883
779	Bassia laniflora	4.9	27	12	5	5	115	-46	461	5.5	41	10	7	130	-37	492	7.3	85	23	28	13	175	-12	588	8	100	26	34	15	190	-4	620	620
780	Syntrichia ruralis	4.9	27	12	5	5	40	-46	12	5.5	41	8	13	76	-12	128	7.3	85	23	19	34	184	88	474	8	100	26	23	41	220	122	589	589
781	Medicago minima	4.9	27	12	4	4	115	-46	644	5.5	41	7	8	160	-32	666	7.3	85	23	19	17	295	7	733	8	100	26	23	20	340	21	755	1147
782	Brachythecium albicans	4.9	27	12	6	6	115	-22	21	5.5	41	12	13	130	-10	118	7.3	85	27	31	20	175	24	410	8	100	31	38	23	190	36	507	507
783	Oenothera biennis	5.8	36	12	9	9	130	-36	322	6.2	48	15	10	147	-26	412	7.5	87	18	33	16	198	2	684	8	100	20	39	18	215	12	774	774
784	Atocion rupestre	4.4	21	15	5	5	65	-17	213	4.6	23	8	17	85	10	300	5.2	29	27	19	35	145	94	563	5.4	32	31	23	41	165	122	650	650
785	Sedum annuum	4.4	21	16	4	4	65	35	72	4.8	28	7	26	85	52	121	6	49	28	16	37	145	104	271	6.5	56	31	20	41	165	122	321	321
786	Racomitrium canescens	4.2	21	15	4	4	65	-27	6	4.7	36	7	16	93	2	69	6.4	84	27	16	34	177	92	258	7	100	31	20	41	205	122	321	321
787	Allium lusitanicum	4.8	25	15	5	5	90	-31	253	5.3	40	8	11	107	-17	334	6.9	85	23	19	20	158	22	578	7.5	100	26	23	23	175	36	659	659
788	Draba praecox	5.9	37	12	5	5	115	-31	368	6.3	49	8	11	125	-17	422	7.5	87	23	18	20	155	22	581	8	100	26	22	23	165	36	634	634
789	Arenaria leptoclados	5.9	37	15	5	5	140	-17	468	6.3	49	7	14	174	-6	604	7.5	87	23	13	20	276	25	1011	8	100	26	15	23	310	36	1147	1147
790	Peltigera rufescens	3.3	6	12	5	5	120	-22	3	4.2	24	7	14	140	-3	68	7	81	24	15	26	200	50	260	8	100	28	18	30	220	69	325	325
791	Veronica arvensis	4.9	27	15	4	4	140	-17	468	5.3	41	17	6	14	145	-6	481	6.5	85	23	12	20	160	25	518	7	100	26	15	23	165	36	531
792	Rhytidium rugosum	4.7	25	12	4	4	90	-46	1	5.2	40	7	10	110	-23	65	6.9	85	23	19	25	170	46	260	7.5	100	26	23	30	190	69	325	325
793	Hedwigia ciliata	4.4	21	15	5	5	90	-17	154	4.9	36	8	14	105	-6	202	6.4	84	23	18	20	150	25	346	7	100	26	22	23	165	36	394	394
794	Abietinella abietina	4.8	26	12	5	5	90	-46	3	5.3	40	8	10	116	-23	92	6.9	85	23	19	25	194	46	360	7.5	100	26	23	30	220	69	449	449
795	Grimmia laevigata	5.9	37	15	4	4	140	-17	187	6.1	49	6	14	145	-6	213	6.7	87	23	12	20	160	25	292	7	100	26	15	23	165	36	318	318
796	Grimmia pulvinata	5.9	37	15	4	4	140	-17	187	6.2	49	6	14	145	-6	213	7.1	87	23	12	20	160	25	292	7.5	100	26	15	23	165	36	318	318
797	Tortella inclinata	3.3	6	12	5	5	120	-27	3	4.2	24	7	15	140	-2	112	7	81	23	16	30	200	73	440	8	100	26	19	36	220	98	549	549
798	Ditrichum flexicaule	6.4	52	12	4	4	120	-22	22	6.9	61	6	14	140	-3	90	8.4	90	23	15	26	200	50	294	9	100	26	18	30	220	69	362	362
799	Tortella squarrosa	5.7	35	12	5	5	165	-46	21	6	48	7	9	182	-31	73	7.1	87	23	16	18	233	11	226	7.5	100	26	19	21	250	26	278	278
800	Pulsatilla vulgaris	3.6	11	12	4	4	90	-46	23	4.3	28	7	10	116	-23	172	6.7	82	27	19	25	194	46	619	7.5	100	31	23	30	220	69	767	767
801	Allium sphaerocephalon	5.5	34	12	4	4	140	-36	423	6	47	7	12	156	-15	492	7.5	86	23	16	25	204	48	699	8	100	26	19	30	220	69	767	767
802	Scabiosa canescens	4.8	26	12	5	5	115	-46	95	5.4	40	8	8	136	-34	229	7.3	85	23	19	15	199	0	633	8	100	26	23	18	220	12	767	767
804	Gentiana verna	5.4	32	12	4	4	65	-22	340	5.8	45	16	17	85	6	398	7	86	27	53	35	145	93	574	7.5	100	31	66	41	165	122	632	632
805	Hippocrepis comosa	5	28	12	4	4	40	-36	23	5.5	42	7	13	70	-9	182	7	85	23	19	30	160	71	661	7.5	100	26	23	36	190	98	820	820
806	Potentilla heptaphylla	4.5	23	12	6	6	115	-46	38	5.3	38	10	10	136	-23	156	7.7	84	27	22	25	199	46	513	8.5	100	31	27	30	220	69	632	632
807	Ranunculus nemorosus	3.2	5	12	4	4	90	-31	27	3.9	24	8	13	116	-11	148	6.2	81	27	22	25	194	49	511	7	100	31	27	30	220	69	632	632
808	Buphthalmum salicifolium	5	28	12	4	4	40	-46	8	5.6	42	7	12	76	-17	133	7.4	85	23	19	30	184	69	507	8	100	26	23	36	220	98	632	632
809	Dactylorhiza sambucina	4.7	25	15	4	4	115	-7	425	5.1	35	7	17	130	8	465	6.3	65	23	16	26	175	53	586	6.8	75	26	19	30	190	69	627	627
810	Saxifraga granulata	3.3	6	11	5	5	90	-31	76	4	24	9	13	110	-11	198	6.2	81	23	21	25	170	49	565	7	100	26	25	30	190	69	687	687
812	Helictochloa pratensis	3.2	5	12	4	4	90	-46	311	3.9	19	8	10	110	-23	384	6	61	27	22	25	170	46	604	6.8	75	31	27	30	190	69	678	678
813	Thesium linophyllon	6.4	52	15	4	4	190	-46	8	6.7	61	9	7	196	-38	44	7.6	90	23	24	12	214	-15	150	8	100	26	29	14	220	-8	186	186
814	Polygala comosa	4.7	26	15	4	4	115	-7	425	5.3	40	7	17	130	8	465	7.3	85	23	16	26	175	53	586	8	100	26	19	30	190	69	627	627
815	Genista sagittalis	3.2	5	15	4	4	90	-17	26	3.9	24	8	15	110	0	26	6.2	81	27	22	26	170	51	26	7	100	31	27	30	190	69	26	26
816	Teucrium scorodonia 	3	3	15	4	4	65	-27	14	3.6	12	7	16	116	2	137	5.5	42	27	19	34	269	92	504	6.2	52	31	23	41	320	122	627	627
817	Hypochaeris maculata	4.7	25	15	4	4	115	-7	425	5.1	35	7	17	130	8	465	6.3	65	23	16	26	175	53	586	6.8	75	26	19	30	190	69	627	627
818	Scilla autumnalis	5.2	30	12	4	4	140	-7	451	5.5	44	6	16	156	2	508	6.6	86	23	15	22	204	31	680	7	100	26	18	24	220	41	737	737
819	Cladonia convoluta	5.5	34	12	4	4	90	-31	22	6	47	6	12	116	-16	98	7.5	86	23	15	21	194	26	324	8	100	26	18	24	220	41	400	400
820	Galium glaucum	5.5	34	12	4	4	90	-46	28	6.2	47	7	10	116	-23	154	8.3	86	27	19	25	194	46	531	9	100	31	23	30	220	69	657	657
821	Thalictrum minus	5.5	34	12	4	4	140	-36	30	6	47	7	12	156	-15	137	7.5	86	27	16	25	204	48	457	8	100	31	19	30	220	69	564	564
822	Bupleurum falcatum	6	38	12	4	4	90	-46	8	6.5	50	7	10	116	-23	174	8	87	27	19	25	194	46	673	8.5	100	31	23	30	220	69	839	839
823	Thesium bavarum	5	28	12	4	4	90	-22	48	5.6	42	7	14	100	-3	141	7.4	85	23	18	26	130	50	417	8	100	26	22	30	140	69	510	510
824	Carduus defloratus	5	28	12	4	4	40	-22	37	5.6	42	7	17	65	6	134	7.4	85	23	18	35	140	93	426	8	100	26	22	41	165	122	523	523
825	Leucanthemum adustum	5.8	36	12	4	4	90	-22	48	6.2	48	7	14	100	-5	127	7.5	87	23	19	24	130	43	364	8	100	26	23	28	140	60	443	443
826	Anthericum ramosum	5	28	11	4	4	90	-46	2	5.5	42	7	10	116	-23	169	7	85	27	19	25	194	46	672	7.5	100	31	23	30	220	69	839	839
827	Geranium sanguineum	3.2	5	8	4	4	90	-46	8	4.1	24	7	10	134	-23	222	7	81	26	19	25	266	46	863	8	100	31	23	30	310	69	1076	1076
828	Dryas octopetala	6.4	52	20	5	5	65	-17	69	6.7	61	7	17	85	10	152	7.6	90	24	14	35	145	94	401	8	100	26	17	41	165	122	484	484
829	Silene acaulis	6.1	42	20	4	4	40	-27	153	6.4	53	6	16	58	2	230	7.6	88	24	14	34	112	92	460	8	100	26	17	41	130	122	537	537
830	Carex firma	6.4	52	20	4	4	40	11	125	6.8	61	6	22	60	33	202	8	90	24	14	36	120	99	433	8.5	100	26	17	41	140	122	510	510
831	Gentiana clusii	6.4	52	12	4	4	65	-17	242	6.8	61	6	17	85	10	319	8	90	23	15	35	145	94	549	8.5	100	26	18	41	165	122	626	626
832	Pedicularis rostratocapitata	6.4	52	20	4	4	65	68	242	6.8	61	6	32	77	78	285	8	90	24	14	38	113	111	414	8.5	100	26	17	41	125	122	457	457
833	Androsace chamaejasme	6.4	52	20	4	4	40	68	153	6.8	61	6	32	57	78	214	8	90	24	14	38	108	111	396	8.5	100	26	17	41	125	122	457	457
834	Helianthemum alpestre	6.4	52	20	4	4	40	68	153	6.8	61	6	32	57	78	219	8	90	24	14	38	108	111	418	8.5	100	26	17	41	125	122	484	484
835	Festuca quadriflora	4.9	27	20	4	4	40	11	125	5.4	41	6	22	57	33	192	6.9	85	24	14	36	108	99	391	7.5	100	26	17	41	125	122	457	457
836	Bistorta vivipara	3.1	4	18	4	4	40	-12	153	3.8	23	8	18	65	14	227	6.2	80	28	22	35	140	95	447	7	100	31	27	41	165	122	520	520
837	Primula auricula	6.4	52	20	4	4	65	11	150	6.7	61	6	22	80	33	222	7.6	90	24	14	36	125	99	439	8	100	26	17	41	140	122	511	511
838	Ranunculus alpestris	6.2	45	18	4	4	40	11	89	6.4	56	6	22	58	33	162	7.2	89	24	14	36	112	99	383	7.5	100	26	17	41	130	122	457	457
839	Hieracium villosum	6.4	52	20	4	4	65	-3	261	6.8	61	6	20	81	22	311	8	90	24	14	35	129	97	460	8.5	100	26	17	41	145	122	510	510
840	Achillea clavennae	6.4	52	20	4	4	65	11	340	6.7	61	6	22	80	33	374	7.6	90	24	14	36	125	99	476	8	100	26	17	41	140	122	510	510
841	Anthyllis vulneraria alpestris	6.4	52	12	4	4	40	-17	114	6.7	61	7	17	61	10	199	7.6	90	23	18	35	124	94	453	8	100	26	22	41	145	122	537	537
842	Phyteuma orbiculare	4.2	18	12	4	4	65	-36	35	4.9	34	10	14	94	-4	160	7.2	83	28	29	34	181	90	535	8	100	33	36	41	210	122	660	660
843	Galium anisophyllon	4	16	12	4	4	65	-17	65	4.8	32	7	17	81	10	157	7.2	83	23	18	35	129	94	431	8	100	26	22	41	145	122	523	523
844	Thymus polytrichus	6.4	52	18	4	4	40	11	114	6.7	61	6	22	60	33	193	7.6	90	24	14	36	120	99	430	8	100	26	17	41	140	122	510	510
845	Gentiana aspera	6.4	52	20	4	4	65	11	340	6.8	61	6	22	80	33	374	8	90	24	14	36	125	99	476	8.5	100	26	17	41	140	122	510	510
846	Carex sempervirens	3.5	10	12	4	4	65	-22	65	4.2	28	7	17	81	6	160	6.6	82	27	16	35	129	93	442	7.4	100	31	20	41	145	122	537	537
847	Ranunculus montanus	4	16	12	4	4	40	-17	8	4.8	32	8	17	61	10	111	7.2	83	23	22	35	124	94	420	8	100	26	27	41	145	122	523	523
848	Campanula scheuchzeri	3	3	12	4	4	40	-17	28	4	22	10	17	65	10	155	7	80	27	29	35	140	94	538	8	100	31	36	41	165	122	665	665
849	Myosotis alpestris	4.3	19	15	4	4	40	-17	143	5.1	35	6	17	65	10	236	7.6	83	27	15	35	140	94	514	8.5	100	31	18	41	165	122	607	607
850	Agrostis alpina	4.8	26	18	4	4	40	11	144	5.3	40	6	22	61	33	217	6.9	85	24	14	36	124	99	436	7.5	100	26	17	41	145	122	510	510
851	Aster bellidiastrum	3.8	13	12	4	4	55	-22	21	4.6	30	14	17	77	6	150	7.1	82	27	47	35	143	93	536	8	100	31	58	41	165	122	665	665
852	Laserpitium latifolium	5	28	15	4	4	90	-22	4	5.7	42	7	14	116	-3	111	7.8	85	23	19	26	194	50	431	8.5	100	26	23	30	220	69	537	537
853	Coronilla vaginalis	5	28	8	4	4	40	-17	114	5.7	42	7	16	60	6	206	7.8	85	22	19	31	120	75	482	8.5	100	26	23	36	140	98	574	574
854	Carex ferruginea	4	16	12	5	5	40	-17	7	4.8	32	7	17	61	10	110	7.2	83	27	16	35	124	94	420	8	100	31	19	41	145	122	523	523
855	Phleum hirsutum	5	28	12	8	8	90	-17	339	5.5	42	14	17	101	10	376	7	85	23	32	35	134	94	486	7.5	100	26	38	41	145	122	523	523
856	Pulsatilla alpina	6	38	12	8	8	90	-17	155	6.4	50	14	17	101	10	229	7.6	87	23	32	35	134	94	449	8	100	26	38	41	145	122	523	523
857	Festuca violacea	6.4	52	12	4	4	40	-17	140	6.6	61	6	17	61	10	216	7.2	90	23	14	35	124	94	446	7.4	100	26	17	41	145	122	523	523
858	Festuca pulchella	5.2	30	12	8	8	90	-17	339	5.6	44	14	17	101	10	376	7	86	23	32	35	134	94	486	7.5	100	26	38	41	145	122	523	523
859	Viburnum lantana	3.7	12	12	4	4	110	-46	9	4.5	29	15	10	12	140	-17	9	7.1	82	27	31	30	230	69	9	8	100	31	38	36	260	98	9
860	Ligustrum vulgare	5	28	12	4	4	115	-46	9	5.6	42	8	10	144	-23	9	7.4	85	27	22	25	231	46	9	8	100	31	27	30	260	69	9	9
861	Knautia dipsacifolia	5.7	35	12	5	5	90	-17	16	5.9	48	8	17	101	10	120	6.7	87	23	18	35	134	94	433	7	100	26	22	41	145	122	537	537
862	Helianthemum grandiflorum	6.4	52	18	4	4	40	-3	114	6.7	61	7	19	61	17	186	7.6	90	24	18	31	124	77	400	8	100	26	22	36	145	98	472	472
863	Scabiosa lucida	6	38	18	4	4	40	-3	89	6.4	50	6	19	61	17	165	7.6	87	24	14	31	124	77	395	8	100	26	17	36	145	98	472	472
864	Silene vulgaris prostrata	3.2	5	12	4	4	65	-22	217	4	24	6	17	96	6	328	6.6	81	27	15	35	189	93	662	7.5	100	31	18	41	220	122	773	773
865	Salix waldsteiniana	5.8	36	18	8	8	55	68	217	6.2	48	14	32	62	78	217	7.5	87	28	32	38	83	111	217	8	100	31	38	41	90	122	217	217
867	Centaurea montana	4.8	26	15	4	4	70	-22	7	5.3	40	8	14	94	-3	113	6.9	85	27	23	26	166	50	431	7.5	100	31	28	30	190	69	537	537
868	Tofieldia calyculata	6	38	18	8	8	40	-22	11	6.4	50	18	17	65	6	142	7.6	87	28	49	35	140	93	534	8	100	31	60	41	165	122	665	665
869	Gentiana lutea	3.1	4	12	4	4	65	-36	45	4	23	8	14	96	-4	190	7	80	28	22	34	189	90	626	8	100	33	27	41	220	122	772	772
870	Hypochaeris uniflora	3.1	4	20	4	4	90	-7	270	3.7	11	7	19	105	18	319	5.5	34	28	18	35	150	96	465	6.1	42	31	22	41	165	122	513	513
871	Euphrasia minima	3.1	4	21	4	4	90	-12	343	3.4	8	7	18	97	14	362	4.6	23	29	16	35	118	95	418	5	28	31	19	41	125	122	437	437
872	Agrostis rupestris	3.1	4	18	4	4	90	-17	155	3.4	8	7	17	99	10	252	4.3	20	30	19	35	126	94	544	4.6	24	33	23	41	135	122	641	641
873	Helictochloa versicolor	3.1	4	20	4	4	40	-22	44	3.4	8	8	17	57	6	139	4.4	21	28	22	35	108	93	424	4.8	26	31	27	41	125	122	519	519
874	Campanula barbata	3.1	4	22	4	4	90	11	343	3.3	6	7	22	97	33	355	3.9	15	29	16	36	118	99	392	4.2	18	31	19	41	125	122	404	404
875	Gentiana acaulis	3.1	4	20	4	4	90	-31	163	3.4	8	7	15	110	0	288	4.4	21	36	16	34	170	91	664	4.8	26	40	20	41	190	122	789	789
876	Gentiana punctata	3.1	4	22	4	4	65	11	244	3.4	8	7	22	81	33	290	4.4	21	29	17	36	129	99	426	4.8	26	31	21	41	145	122	472	472
877	Plantago alpina	3.1	4	22	4	4	90	-12	343	3.7	11	8	18	101	14	403	5.5	34	29	20	35	134	95	580	6.1	42	31	24	41	145	122	640	640
878	Geum montanum	3.1	4	22	4	4	65	-7	44	3.4	8	7	19	85	18	138	4.4	21	29	17	35	145	96	419	4.8	26	31	21	41	165	122	513	513
879	Pseudorchis albida	3.1	4	20	4	4	65	-7	213	3.7	11	7	19	85	18	281	5.5	34	28	18	35	145	96	484	6.1	42	31	22	41	165	122	552	552
880	Solidago virgaurea minuta	3.1	4	22	4	4	65	-3	213	3.7	11	7	20	81	22	259	5.5	34	29	17	35	129	97	397	6.1	42	31	21	41	145	122	444	444
881	Scorzoneroides helvetica	3.1	4	20	4	4	65	-31	240	3.5	9	7	15	90	0	350	4.7	24	36	16	34	165	91	679	5.2	30	40	20	41	190	122	789	789
882	Gnaphalium norvegicum	3.1	4	22	4	4	90	11	343	3.7	11	7	22	97	33	355	5.5	34	29	16	36	118	99	392	6.1	42	31	19	41	125	122	404	404
883	Luzula sudetica	3.1	4	20	4	4	90	-7	270	3.5	9	7	19	105	18	319	4.9	26	28	18	35	150	96	465	5.4	32	31	22	41	165	122	513	513
884	Hieracium alpinum	3.1	4	20	4	4	40	-3	122	3.3	7	7	20	59	22	187	4.2	17	28	16	35	116	97	382	4.5	21	31	19	41	135	122	447	447
885	Dactylorhiza viridis	3.1	4	22	4	4	90	11	343	3.7	11	9	22	97	33	355	5.5	34	29	26	36	118	99	392	6.1	42	31	32	41	125	122	404	404
886	Crataegus laevigata	4	16	8	4	4	115	-46	9	4.7	32	9	10	144	-23	9	6.8	83	26	26	25	231	46	9	7.5	100	31	32	30	260	69	9	9
887	Ajuga pyramidalis	3	3	22	4	4	65	20	244	3.2	6	7	24	81	40	290	3.9	15	29	17	36	129	101	426	4.2	18	31	21	41	145	122	472	472
888	Hieracium lactucella	3.2	5	15	4	4	65	-36	240	3.6	10	16	12	90	-15	315	4.8	25	29	53	25	165	48	541	5.3	31	33	66	30	190	69	616	616
889	Viola mirabilis	5.7	35	15	4	4	140	-46	5	6.1	48	17	6	9	156	-29	41	7.5	87	23	14	19	204	19	149	8	100	26	17	23	220	36	185
891	Sesleria caerulea	4.5	23	15	4	4	40	-17	8	5.3	38	12	17	76	10	138	7.7	84	28	36	35	184	94	529	8.5	100	32	45	41	220	122	659	659
892	Knautia sendtneri	4	16	15	4	4	65	-12	10	4.6	32	12	18	85	14	68	6.4	83	25	36	35	145	95	240	7	100	28	45	41	165	122	298	298
893	Valeriana stolonifera angustifolia	5.2	30	15	5	5	120	-7	4	5.6	44	8	16	124	2	14	7	86	20	19	22	136	31	44	7.5	100	22	23	24	140	41	54	54
894	Noccaea montana	6.4	52	15	4	4	105	-46	28	6.8	61	7	10	128	-23	85	8	90	23	19	25	197	46	254	8.5	100	26	23	30	220	69	311	311
895	Rosa vosagiaca	4.8	26	15	5	5	120	-17	331	5.2	40	8	15	140	0	331	6.5	85	23	19	26	200	51	331	7	100	26	23	30	220	69	331	331
896	Bupleurum longifolium	5.7	35	15	5	5	120	-41	7	6.3	48	9	10	137	-24	37	8.3	87	23	23	20	188	24	128	9	100	26	28	24	205	41	158	158
897	Silene vulgaris	4.6	24	15	5	5	115	-46	7	5.1	39	8	9	136	-28	112	6.9	84	23	19	20	199	23	430	7.5	100	26	23	24	220	41	535	535
898	Salvia glutinosa	4.4	21	10	6	6	110	-36	2	5	36	13	14	132	-4	49	6.8	84	26	34	34	198	90	187	7.5	100	31	42	41	220	122	233	233
899	Ctenidium molluscum	4	16	8	5	5	65	-36	0	4.8	32	8	14	87	-4	97	7.2	83	22	19	34	153	90	389	8	100	26	23	41	175	122	486	486
900	Agrostis vinealis	3.6	11	18	4	4	165	-22	469	3.9	15	7	14	176	-3	490	5.1	29	28	16	26	209	50	551	5.5	34	31	20	30	220	69	572	572
901	Carex limosa	3.1	4	15	38	38	115	-36	179	3.4	8	43	12	130	-15	306	4.4	21	51	60	25	175	48	688	4.8	26	60	66	30	190	69	815	815
902	Triglochin palustre	4.1	17	12	36	36	40	-22	139	4.8	33	40	14	73	-3	291	7.2	83	28	55	26	172	50	745	8	100	33	60	30	205	69	897	897
903	Carex myosuroides	3.8	13	20	4	4	40	-27	153	4.6	30	6	16	61	2	230	7.1	82	24	15	34	124	92	460	8	100	26	18	41	145	122	537	537
904	Carex atrata	4.5	23	20	4	4	40	11	44	5	38	6	22	54	33	76	6.5	84	24	14	36	96	99	172	7	100	26	17	41	110	122	205	205
905	Oxytropis jacquinii	6.4	52	20	4	4	40	68	153	6.8	61	6	32	45	78	163	8	90	24	14	38	60	111	194	8.5	100	26	17	41	65	122	205	205
906	Carex capillaris	6.4	52	20	4	4	40	11	153	6.7	61	6	22	45	33	163	7.6	90	24	14	36	60	99	194	8	100	26	17	41	65	122	205	205
907	Primula minima	3	3	18	5	5	40	1	153	3.3	7	10	21	59	25	212	4.2	19	30	26	36	116	97	388	4.6	24	33	32	41	135	122	447	447
908	Polygala serpyllifolia	3.1	4	22	31	31	90	1	297	3.3	7	35	18	116	14	401	4.2	18	36	50	27	194	55	714	4.5	22	40	55	30	220	69	819	819
909	Alnus incana	4.5	23	10	8	8	110	-46	268	5.2	38	15	13	132	-12	421	7.3	84	24	37	34	198	88	881	8	100	28	45	41	220	122	1034	1034
910	Eurhynchium swartzii	4.8	26	15	9	9	110	-22	0	5.3	40	15	17	126	6	24	6.9	85	25	36	35	174	93	95	7.5	100	28	43	41	190	122	119	119
912	Moneses uniflora	3.8	13	15	8	8	105	-36	37	4.6	30	14	13	128	-9	98	7.1	82	27	32	30	197	71	280	8	100	31	38	36	220	98	341	341
913	Orthilia secunda	3.8	13	15	8	8	105	-36	35	4.6	30	14	13	128	-9	96	7.1	82	27	32	30	197	71	280	8	100	31	38	36	220	98	341	341
914	Corallorhiza trifida	3	3	12	6	6	115	-22	9	3.3	7	13	14	130	-5	43	4.4	21	27	34	24	175	43	148	4.8	26	31	41.7	28	190	60	183	183
915	Neottia cordata	3	3	22	42	42	90	-17	54	3.2	6	46	14	105	-5	94	4.1	17	52	61	21	150	29	214	4.4	21	60	66	24	165	41	254	254
916	Blechnum spicant	3	3	15	4	4	90	-22	3	3.4	8	15	17	124	6	108	4.6	23	29	48	35	226	93	421	5	28	33	60	41	260	122	526	526
917	Melampyrum sylvaticum	3.6	11	15	5	5	90	-17	8	3.8	14	8	17	103	10	103	4.5	23	27	18	35	142	94	389	4.8	26	31	22	41	155	122	484	484
918	Coronilla coronata	6.2	45	15	4	4	105	-46	2	6.6	56	7	10	128	-23	98	8	89	23	19	25	197	46	386	8.5	100	26	23	30	220	69	482	482
919	Molinia arundinacea	3	3	15	4	4	105	-22	14	4	22	16	16	136	2	134	7	80	27	53	31	229	74	491	8	100	31	66	36	260	98	610	610
921	Juniperus communis	3	3	11	4	4	80	-46	22	4	22	8	13	116	-12	22	7	80	34	22	34	224	88	22	8	100	40	27	41	260	122	22	22
922	Cytisus supinus	3	3	22	5	5	175	-22	25	4	10	7	14	184	-3	25	7	34	29	15	26	211	50	25	8	42	31	18	30	220	69	25	25
923	Rhamnus saxatilis	5.7	36	15	4	4	115	-46	31	6.2	48	9	10	144	-23	31	7.9	87	27	24	25	231	46	31	8.5	100	31	29	30	260	69	31	31
924	Polygala chamaebuxus	3.1	4	15	4	4	40	-46	20	4	23	7	13	76	-12	20	7	80	27	19	34	184	88	20	8	100	31	23	41	220	122	20	20
926	Festuca guestfalica	4.5	23	12	4	4	90	-27	23	5.1	38	7	14	105	-7	158	6.9	84	27	19	26	150	49	562	7.5	100	31	23	30	165	69	697	697
927	Helianthemum ovatum	3.2	5	12	4	4	90	-46	22	4.2	24	8	10	116	-23	149	7.4	81	27	22	25	194	46	530	8.5	100	31	27	30	220	69	657	657
929	Carex ericetorum	3.1	4	18	4	4	105	-46	54	4	23	8	12	128	-17	168	7	80	28	22	30	197	69	512	8	100	31	27	36	220	98	627	627
930	Viola collina	3.7	12	15	4	4	120	-31	23	4.5	29	18	7	10	138	-22	84	7.1	82	27	18	16	192	3	267	8	100	31	22	18	210	12	328
931	Trifolium alpestre	3.5	10	8	4	4	90	-46	16	4.2	28	8	10	116	-23	128	6.3	82	26	22	25	194	46	466	7	100	31	27	30	220	69	578	578
933	Rhytidiadelphus triquetrus	3	3	15	6	6	40	-17	0	3.8	22	10	17	70	10	69	6.2	80	27	23	35	160	94	275	7	100	31	28	41	190	122	344	344
934	Carex alba	4.6	24	15	5	5	90	-46	7	5.3	39	8	10	116	-23	58	7.7	84	23	19	25	194	46	210	8.5	100	26	23	30	220	69	260	260
935	Adenostyles alpina	5.5	34	15	5	5	65	-22	4	6	47	8	17	90	6	125	7.5	86	23	19	35	165	93	487	8	100	26	23	41	190	122	607	607
936	Luzula sieberi	3.6	11	20	5	5	90	11	15	4	16	8	22	95	33	36	5.2	31	28	18	36	110	99	99	5.7	36	31	22	41	115	122	120	120
937	Aposeris foetida	4.6	24	15	5	5	115	-17	2	5	39	8	15	130	0	58	6.5	84	23	17	26	175	51	224	7	100	26	21	30	190	69	279	279
938	Luzula luzulina	4.6	24	15	5	5	110	-17	11	5	39	8	15	119	0	61	6.5	84	23	19	26	146	51	210	7	100	26	23	30	155	69	260	260
939	Alchemilla alpina	3.2	5	15	9	9	90	11	3	3.4	8	15	22	105	33	18	4.2	18	27	35	36	150	99	63	4.5	22	31	42.2	41	165	122	78	78
940	Huperzia selago	3	3	15	8	8	90	-17	11	3.4	8	14	17	103	10	79	4.7	24	27	34	35	142	94	282	5.2	30	31	41	41	155	122	350	350
941	Viola biflora	3.7	12	15	8	8	40	-12	3	4.4	29	18	18	18	65	14	131	6.7	82	27	49	35	140	95	512	7.5	100	31	60	41	165	122	640
942	Campanula cochleariifolia	3.3	6	15	4	4	40	-7	7	4.2	24	7	19	60	18	108	7	81	27	16	35	120	96	410	8	100	31	19	41	140	122	511	511
943	Valeriana montana	5.7	35	15	5	5	65	-7	11	6.2	48	7	19	80	18	116	7.9	87	23	16	35	125	96	432	8.5	100	26	19	41	140	122	537	537
944	Veratrum album	3	3	15	8	8	65	-17	3	3.9	22	18	17	85	10	131	6.6	80	28	49	35	145	94	512	7.5	100	32	60	41	165	122	640	640
945	Polystichum lonchitis	4	16	15	5	5	40	-17	7	4.8	32	7	17	65	10	135	7.2	83	27	16	35	140	94	518	8	100	31	19	41	165	122	646	646
946	Mnium spinosum	5.7	35	15	5	5	110	-7	26	5.9	48	7	17	116	8	52	6.7	87	23	15	26	134	53	130	7	100	26	18	30	140	69	156	156
947	Gymnocarpium robertianum	4.5	23	15	4	4	90	-22	26	5.2	38	6	17	105	6	150	7.3	84	27	14	35	150	93	522	8	100	31	17	41	165	122	646	646
948	Asplenium viride	3.8	13	18	5	5	40	-17	26	4.6	30	7	17	67	10	156	7.1	82	28	15	35	148	94	544	8	100	31	18	41	175	122	674	674
949	Viola rupestris	4.5	23	15	8	8	105	-36	49	5.2	38	18	12	10	128	-26	107	7.3	84	27	27	16	197	2	282	8	100	31	32	18	220	12	341
950	Moehringia muscosa	5	28	20	5	5	40	11	26	5.7	42	7	22	56	33	172	7.8	85	28	14	36	104	99	610	8.5	100	31	17	41	120	122	756	756
951	Gentiana asclepiadea	4.2	18	15	8	8	90	-12	25	4.8	34	18	18	116	14	174	6.8	83	27	48	35	194	95	621	7.5	100	31	58	41	220	122	770	770
952	Lonicera caerulea	3	3	20	5	5	55	1	161	3.4	8	15	21	75	25	161	4.7	24	28	45	36	135	97	161	5.2	30	31	55	41	155	122	161	161
954	Rhododendron hirsutum	4.5	23	18	5	5	55	1	22	5.1	38	7	21	70	25	22	6.9	84	28	14	36	115	97	22	7.5	100	31	17	41	130	122	22	22
955	Rhododendron ferrugineum	3	3	18	5	5	55	-17	39	3.3	7	8	17	78	10	39	4.4	21	28	18	35	147	94	39	4.8	26	31	22	41	170	122	39	39
956	Pyrola chlorantha	4.5	23	18	8	8	105	-36	69	5	38	14	13	128	-9	123	6.5	84	28	32	30	197	71	286	7	100	31	38	36	220	98	341	341
957	Chimaphila umbellata	4.5	23	18	5	5	105	-46	69	5	38	8	8	128	-36	123	6.5	84	28	20	14	197	-7	286	7	100	31	24	16	220	2	341	341
958	Lophocolea bidentata	3.3	6	18	4	4	165	-12	175	3.9	16	6	14	170	-7	205	5.9	49	28	15	17	185	7	295	6.6	60	31	18	18	190	12	325	325
959	Cladonia arbuscula	3	3	18	4	4	90	-46	2	3.8	22	14	10	116	-23	89	6.2	80	35	44	25	194	46	347	7	100	40	55	30	220	69	433	433
960	Pinus montana	3	3	18	5	5	55	-7	101	4	22	15	19	75	18	170	7	80	28	45	35	135	96	378	8	100	31	55	41	155	122	448	448
961	Juniperus sibirica	4.2	18	18	8	8	55	-36	31	4.8	34	14	9	77	-28	31	6.8	83	28	32	14	143	-5	31	7.5	100	31	38	16	165	2	31	31
962	Sorbus chamaemespilus	4.3	19	18	5	5	55	-22	22	5	35	7	17	72	6	22	7.2	83	28	15	35	123	93	22	8	100	31	18	41	140	122	22	22
963	Alnus viridis	3.1	4	15	6	6	65	-17	60	3.8	23	16	17	86	10	60	6.2	80	27	49	35	149	94	60	7	100	31	60	41	170	122	60	60
964	Adenostyles alliariae	3.8	13	15	8	8	40	-17	8	4.6	30	18	17	61	10	135	7.1	82	27	49	35	124	94	513	8	100	31	60	41	145	122	640	640
965	Geranium sylvaticum	4	17	12	8	8	40	-31	16	4.6	33	18	15	76	0	246	6.4	83	27	49	34	184	91	937	7	100	31	60	41	220	122	1168	1168
966	Pedicularis hacquetii	4.9	27	15	9	9	65	11	159	5.4	41	14	22	75	33	211	6.9	85	23	32	36	105	99	368	7.5	100	26	38	41	115	122	420	420
969	Senecio subalpinus	4.5	23	8	28	28	65	-7	159	5	38	34	19	81	18	242	6.5	84	22	53	35	129	96	489	7	100	26	60	41	145	122	572	572
970	Peucedanum ostruthium	4.5	21	8	12	12	45	-22	159	5.1	36	21	17	61	6	211	6.9	84	22	50	35	109	93	368	7.5	100	26	60	41	125	122	420	420
971	Saxifraga rotundifolia	4.3	19	15	4	4	40	-17	4	5	35	15	17	65	10	94	7.2	83	27	48	35	140	94	365	8	100	31	60	41	165	122	455	455
972	Agrostis schraderiana	4.5	28	15	28	28	65	11	159	5	42	34	22	75	33	211	6.5	85	23	53	36	105	99	368	7	100	26	60	41	115	122	420	420
973	Pedicularis recutita	4.5	23	15	28	28	65	11	159	5.1	38	34	22	75	33	211	6.9	84	23	53	36	105	99	368	7.5	100	26	60	41	115	122	420	420
974	Poa hybrida	4.3	19	15	12	12	40	-17	143	4.8	35	21	17	55	10	205	6.4	83	27	50	35	100	94	393	7	100	31	60	41	115	122	455	455
975	Aconitum lycoctonum	4.6	24	12	8	8	65	-17	8	5.1	39	18	17	87	10	91	6.9	84	24	49	35	153	94	338	7.5	100	28	60	41	175	122	420	420
976	Ranunculus aconitifolius	4.1	17	15	12	12	65	11	3	4.7	33	21	22	81	33	87	6.8	83	27	50	36	129	99	337	7.5	100	31	60	41	145	122	420	420
977	Festuca filiformis	3	3	15	4	4	120	-46	21	3.8	22	7	10	134	-23	113	6.2	80	29	16	25	176	46	390	7	100	33	20	30	190	69	483	483
978	Tozzia alpina	4.5	23	15	12	12	65	1	159	5.2	38	21	21	85	25	255	7.3	84	23	50	36	145	97	544	8	100	26	60	41	165	122	640	640
979	Pinus cembra	3	3	15	4	4	55	-7	222	3.4	8	14	19	77	18	301	4.9	26	27	47	35	143	96	541	5.4	32	31	58	41	165	122	620	620
980	Valeriana tripteris	4.5	23	18	5	5	55	-7	21	5.2	38	9	19	75	18	152	7.3	84	28	23	35	135	96	543	8	100	31	28	41	155	122	674	674
981	Soldanella alpina	3.2	5	18	14	14	65	-7	11	4.1	24	22	19	81	18	108	7	81	28	49	35	129	96	399	8	100	31	58	41	145	122	496	496
982	Mentha suaveolens 	4.5	23	12	5	5	165	-46	102	4.9	33	13	10	188	-23	327	6.3	64	20	37	25	257	46	1002	6.8	75	22	46	30	280	69	1227	1227
983	Verbena officinalis	5.4	32	12	5	5	165	-46	560	5.6	40	14	13	10	176	-23	596	6.5	66	20	37	25	209	46	704	6.8	75	22	46	30	220	69	740
985	Ranunculus acris	3.1	4	12	4	4	65	-46	16	4	23	16	13	96	-12	207	7	80	28	53	34	189	88	781	8	100	33	66	41	220	122	972	972
986	Cirsium rivulare	4.8	26	15	25	25	115	-7	323	5.4	40	31	17	127	8	389	7.3	85	23	51	26	163	53	586	8	100	26	58	30	175	69	652	652
988	Trollius europaeus	3.3	6	12	8	8	90	-36	249	4	24	19	14	110	-4	332	6.2	81	28	54	34	170	90	582	7	100	33	66	41	190	122	665	665
989	Taraxacum erythrospermum	3.3	6	18	4	4	140	-12	381	4.1	24	6	14	152	-7	456	6.6	81	28	15	17	188	7	681	7.5	100	31	18	18	200	12	755	755
990	Equisetum palustre	4.1	17	12	36	36	40	-36	139	4.8	33	40	12	76	-15	262	7.2	83	28	55	25	184	48	632	8	100	33	60	30	220	69	755	755
991	Carum carvi	4.5	23	12	9	9	90	-27	141	5.2	38	15	14	107	-7	204	7.3	84	20	34	26	158	49	394	8	100	22	41	30	175	69	458	458
992	Phyteuma nigrum	3.3	6	12	5	5	90	11	278	3.7	11	9	22	105	33	331	5.1	29	27	21	36	150	99	492	5.6	35	31	25	41	165	122	546	546
993	Poa chaixii	3.2	5	12	4	4	90	-12	19	3.9	24	8	18	110	14	139	6.2	81	27	22	35	170	95	501	7	100	31	27	41	190	122	622	622
994	Centaurea nigra	3.3	6	18	5	5	90	-31	289	3.7	11	13	15	116	0	425	4.9	26	28	37	34	194	91	833	5.4	32	31	45	41	220	122	969	969
995	Meum athamanticum	3.2	5	12	4	4	65	11	240	3.5	9	8	22	85	33	301	4.4	21	27	21	36	145	99	485	4.8	26	31	26	41	165	122	546	546
996	Pimpinella magna rubra	4.9	27	18	5	5	90	20	311	5.3	41	8	22	105	29	382	6.5	85	24	17	28	150	59	595	7	100	26	21	30	165	69	665	665
997	Astrantia major	4.7	23	18	5	5	90	11	311	5.3	38	12	20	117	22	424	7.3	84	24	34	27	198	57	760	8	100	26	42	30	225	69	873	873
998	Rhinanthus alectorolophus	5.5	34	18	5	5	90	20	311	5.9	47	8	22	105	29	382	7.1	86	24	17	28	150	59	595	7.5	100	26	21	30	165	69	665	665
999	Silene dioica	5.5	34	18	5	5	90	20	83	5.9	47	8	22	105	29	200	7.1	86	24	17	28	150	59	549	7.5	100	26	21	30	165	69	665	665
1000	Crepis aurea	3.8	13	12	5	5	40	-17	140	4.4	30	12	17	60	10	222	6.3	82	27	33	35	120	94	470	7	100	31	41	41	140	122	552	552
1001	Poa alpina	3.2	5	15	5	5	40	-17	89	4.1	24	8	17	60	10	199	7	81	27	20	35	120	94	529	8	100	31	24	41	140	122	640	640
1002	Phleum alpinum	4.2	18	15	4	4	40	-17	140	4.7	34	11	17	61	10	240	6.4	83	27	32	35	124	94	540	7	100	31	40	41	145	122	640	640
1003	Trifolium badium	6.4	52	20	4	4	40	20	140	6.7	61	6	24	56	40	215	7.6	90	24	14	36	104	101	442	8	100	26	17	41	120	122	517	517
1004	Trifolium thalii	6	38	20	4	4	40	20	140	6.4	50	6	24	57	40	240	7.6	87	24	14	36	108	101	540	8	100	26	17	41	125	122	640	640
1005	Trifolium pratense nivale	4.9	27	20	4	4	90	20	317	5.5	41	6	22	96	29	357	7.3	85	24	14	28	114	59	477	8	100	26	17	30	120	69	517	517
1006	Ligusticum mutellina	3.6	11	20	4	4	40	-12	140	4.2	28	9	18	61	14	216	6.3	82	28	26	35	124	95	443	7	100	31	32	41	145	122	519	519
1007	Plantago atrata	6	38	20	5	5	40	25	140	6.4	50	7	25	45	44	199	7.6	87	24	14	37	60	102	378	8	100	26	17	41	65	122	437	437
1008	Ilex aquifolium	3.3	6	18	4	4	145	-22	13	3.8	13	11	14	172	-3	13	5.6	35	28	34	26	253	50	13	6.2	43	31	42	30	280	69	13	13
1009	Acer monspessulanum	5.2	30	12	5	5	170	-46	487	5.8	44	8	10	188	-23	709	7.8	86	23	19	25	242	46	1375	8.5	100	26	23	30	260	69	1597	1597
1010	Ribes alpinum	3	3	15	5	5	110	-17	63	4	22	8	15	132	0	63	7	80	27	17	26	198	51	63	8	100	31	21	30	220	69	63	63
1011	Rubus canescens	4.4	21	15	5	5	180	-46	28	5.1	36	9	10	196	-23	28	7.2	84	27	22	25	244	46	28	8	100	31	27	30	260	69	28	28
1014	Polygonatum odoratum	3	3	12	4	4	115	-46	2	3.9	22	7	10	136	-23	99	6.6	80	27	19	25	199	46	390	7.5	100	31	23	30	220	69	488	488
1015	Prunus mahaleb	4.1	17	12	5	5	125	-46	114	4.8	33	8	9	152	-29	207	7.2	83	27	19	19	233	19	486	8	100	31	23	23	260	36	578	578
1016	Corydalis solida	5	28	15	6	6	125	-31	19	5.5	42	10	12	142	-12	101	7	85	23	22	24	193	41	347	7.5	100	26	27	28	210	60	428	428
1017	Helleborus foetidus	4.4	21	15	5	5	115	-31	13	5.1	36	8	13	144	-11	244	7.2	84	23	20	25	231	49	937	8	100	26	24	30	260	69	1168	1168
1018	Hippocrepis emerus	4.7	25	15	5	5	130	-27	52	5.4	40	8	14	156	-7	52	7.7	85	23	19	26	234	49	52	8.5	100	26	23	30	260	69	52	52
1019	Euphorbia amygdaloides	4.2	18	15	6	6	90	-46	4	4.9	34	10	12	130	-17	209	7.2	83	27	22	30	250	69	824	8	100	31	27	36	290	98	1029	1029
1020	Elytrigia juncea	3.3	6	12	4	4	165	-12	432	4	24	6	14	198	-6	442	6.2	81	23	15	17	297	12	474	7	100	26	18	19	330	18	484	484
1021	Honckenya peploides	3.3	6	18	4	4	165	-12	432	4.1	24	6	14	170	-7	442	6.6	81	24	15	17	185	7	474	7.5	100	26	18	18	190	12	484	484
1022	Ammophila arenaria	3.3	6	18	4	4	140	-46	121	4.1	24	6	9	150	-29	204	6.6	81	28	15	19	180	19	452	7.5	100	31	18	23	190	36	535	535
1023	Eryngium maritimum	3.6	11	18	4	4	140	-22	381	3.8	14	6	16	180	2	673	4.6	23	28	15	31	300	74	1548	4.9	27	31	18	36	340	98	1840	1840
1024	Calystegia soldanella	4	16	18	5	5	140	-22	381	4.7	32	8	12	150	-15	411	6.8	83	28	18	16	180	5	501	7.5	100	31	22	18	190	12	532	532
1025	Calammophila baltica	3.3	6	18	4	4	165	-12	381	4.2	24	7	14	170	-7	402	7	81	24	18	17	185	7	464	8	100	26	22	18	190	12	484	484
1026	Festuca amethystina	6.4	52	15	6	6	75	-46	28	6.7	61	12	8	104	-34	117	7.6	90	23	31	15	191	0	383	8	100	26	38	18	220	12	472	472
1027	Rorippa sylvestris	4.5	23	12	5	5	115	-46	17	5.2	38	17	10	136	-23	192	7.3	84	23	53	25	199	46	718	8	100	26	66	30	220	69	894	894
1028	Veronica beccabunga	4	16	12	33	33	65	-46	80	4.7	32	15	39	13	96	-12	234	6.8	83	24	59	34	189	88	696	7.5	100	28	66	41	220	122	850
1030	Tussilago farfara	4.7	25	12	8	8	40	-36	27	5.3	40	13	14	84	-4	194	7.3	85	24	30	34	216	90	695	8	100	28	36	41	260	122	862	862
1032	Arbutus unedo	3.5	10	15	5	5	195	-46	373	4.2	28	8	12	224	-17	673	6.3	82	23	18	30	311	69	1573	7	100	26	22	36	340	98	1873	1873
1033	Lathyrus maritimus	3.6	11	18	4	4	140	-22	381	4.1	17	6	12	150	-15	398	5.6	38	28	15	16	180	5	449	6.2	45	31	18	18	190	12	465	465
1034	Dictamnus albus	5.2	30	10	5	5	145	-46	23	5.7	44	8	10	160	-23	23	7.4	86	22	19	25	205	46	23	8	100	26	23	30	220	69	23	23
1035	Castanea sativa	3.2	5	15	4	4	175	-22	519	3.8	15	8	15	200	1	718	5.6	45	27	22	30	275	70	1315	6.2	55	31	27	35	300	93	1513	1513
1036	Quercus cerris	3	3	12	2	2	165	-46	478	3.8	22	7	10	184	-23	624	6.2	80	27	22	25	241	46	1063	7	100	31	27	30	260	69	1209	1209
1037	Vicia cassubica	3.6	11	8	4	4	115	-46	9	4.3	28	12	8	9	140	-31	73	6.7	82	26	22	18	215	11	264	7.5	100	31	27	21	240	26	328
1038	Cardamine enneaphyllos	4.5	23	15	5	5	55	-17	7	5	38	8	17	82	10	93	6.5	84	27	20	35	163	94	352	7	100	31	24	41	190	122	438	438
1039	Symphytum tuberosum	3	3	12	4	4	165	-27	2	3.9	22	8	14	176	-7	79	6.6	80	27	23	26	209	49	310	7.5	100	31	28	30	220	69	386	386
1040	Arum cylindraceum	4.6	24	15	5	5	115	-27	18	5	39	8	13	134	-9	96	6.5	84	23	19	24	191	42	331	7	100	26	23	28	210	60	409	409
1041	Carex pilosa	3	3	15	6	6	125	-27	4	3.5	9	10	13	144	-9	49	5.3	30	27	22	24	201	42	187	5.9	37	31	27	28	220	60	233	233
1042	Inula conyza	4.4	21	8	4	4	105	-46	90	5	36	8	10	128	-23	227	6.8	84	22	22	25	197	46	636	7.5	100	26	27	30	220	69	773	773
1044	Populus nigra	4.2	17	8	8	8	140	-46	334	4.8	33	15	10	164	-23	466	6.8	83	24	37	25	236	46	862	7.5	100	28	45	30	260	69	993	993
1045	Populus x canadensis	3.6	11	8	5	5	140	-46	387	4.4	28	12	10	156	-23	433	7.1	82	22	34	25	204	46	568	8	100	26	42	30	220	69	613	613
1046	Chelidonium majus	4.2	19	8	5	5	145	-46	33	4.9	35	10	10	154	-23	93	7.2	83	22	26	25	181	46	274	8	100	26	32	30	190	69	334	334
1047	Jacobaea vulgaris	4.9	27	12	7	7	140	-17	395	5.4	41	12	14	150	-6	451	6.9	85	23	30	20	180	25	619	7.5	100	26	36	23	190	36	675	675
1049	Valeriana excelsa excelsa	5.2	30	12	6	6	130	-12	364	5.5	44	16	16	142	4	447	6.6	86	20	47	26	178	52	697	7	100	22	58	30	190	69	780	780
1050	Cotoneaster integerrimus	6.4	52	8	4	4	105	-46	84	6.6	61	7	10	128	-23	84	7.2	90	26	19	25	197	46	84	7.5	100	31	23	30	220	69	84	84
1051	Pinus nigra	6.4	52	8	5	5	120	-36	433	6.8	61	8	12	140	-15	513	8	90	26	19	25	200	48	753	8.5	100	31	23	30	220	69	833	833
1053	Scrophularia nodosa	4.6	24	8	4	4	120	-27	4	5	39	14	14	134	-7	90	6.5	84	27	47	26	176	49	350	7	100	32	58	30	190	69	437	437
1054	Gentiana pneumonanthe	3.1	4	15	26	26	90	-36	306	4	23	32	12	116	-15	389	7	80	29	53	25	194	48	637	8	100	33	60	30	220	69	720	720
1055	Senecio sylvaticus	3.1	4	15	9	9	140	-46	97	3.8	23	14	8	153	-36	211	6.2	80	27	31	14	192	-7	555	7	100	31	37	16	205	2	670	670
1056	Carex supina	5	28	8	5	5	145	-46	96	5.5	42	8	7	154	-37	227	7	85	22	19	13	181	-12	621	7.5	100	26	23	15	190	-4	752	752
1057	Asparagus officinalis	4.6	24	12	5	5	145	-46	27	5.2	39	8	7	160	-38	91	7.3	84	23	19	12	205	-15	283	8	100	26	23	14	220	-8	347	347
1058	Dianthus arenarius	4.9	27	15	4	4	140	-46	95	5.3	41	7	7	150	-41	169	6.5	85	23	16	10	180	-27	393	7	100	26	19	11	190	-23	468	468
1059	Aegonychon purpurocaeruleum	3.7	12	12	6	6	120	-46	5	4.4	29	10	10	154	-23	134	6.7	82	27	22	25	256	46	524	7.5	100	31	27	30	290	69	654	654
1060	Cardamine heptaphylla	5.5	34	15	5	5	115	-7	4	6	47	7	16	120	6	45	7.5	86	23	16	25	135	46	167	8	100	26	19	28	140	60	208	208
1061	Verbascum densiflorum	5.8	36	12	8	8	165	-46	442	6.2	48	12	8	175	-36	521	7.5	87	20	27	14	205	-7	758	8	100	22	32	16	215	2	837	837
1062	Hypericum montanum	5.6	35	12	4	4	140	-27	17	5.9	48	6	12	154	-14	72	7.1	87	23	13	20	196	23	238	7.5	100	26	16	23	210	36	293	293
1063	Amelanchier ovalis	4.7	25	15	4	4	80	-46	31	5.3	40	7	13	116	-12	31	7.3	85	27	19	34	224	88	31	8	100	31	23	41	260	122	31	31
1064	Clematis vitalba	4.6	24	15	5	5	125	-46	5	5.2	39	12	10	164	-24	209	7.3	84	23	36	23	281	38	824	8	100	26	44	28	320	60	1029	1029
1065	Hylotelephium telephium	3.1	4	15	4	4	140	-31	21	3.9	23	8	11	156	-17	146	6.6	80	27	20	20	204	22	524	7.5	100	31	24	23	220	36	650	650
1066	Satureja montana	5.7	35	15	5	5	120	-31	35	6.1	48	8	13	148	-11	235	7.5	87	20	19	25	232	49	836	8	100	22	23	30	260	69	1036	1036
1067	Acanthus hungaricus	6.5	56	15	5	5	190	-46	7	6.9	64	7	6	196	-42	61	8.1	91	20	16	9	214	-31	225	8.5	100	22	19	10	220	-28	279	279
1068	Narcissus pseudonarcissus	3.2	5	12	5	5	90	-31	4	3.9	24	9	15	116	0	157	6.2	81	27	23	34	194	91	618	7	100	31	28	41	220	122	772	772
1069	Acer tataricum	3.7	12	15	5	5	165	-46	466	4.5	29	9	9	176	-31	572	7.1	82	27	22	18	209	11	889	8	100	31	27	21	220	26	994	994
1070	Achillea coarctata	5.3	30	18	4	4	180	-36	65	5.8	44	7	9	188	-30	202	7.4	86	24	19	12	212	-13	612	8	100	26	23	14	220	-8	749	749
1071	Achillea clypeolata	6.4	52	15	4	4	165	-31	85	6.7	61	6	11	176	-19	131	7.6	90	23	15	18	209	14	270	8	100	26	18	21	220	26	316	316
1072	Achillea distans	4.5	22	15	5	5	175	-46	176	5.2	37	9	7	184	-38	228	7.3	84	23	22	12	211	-15	385	8	100	26	27	14	220	-8	437	437
1073	Aconitum anthora	6.1	40	15	5	5	125	-46	35	6.4	52	9	8	144	-34	196	7.6	88	20	24	15	201	0	678	8	100	22	29	18	220	12	839	839
1074	Adenophora lilifolia	6.1	40	15	5	5	155	-46	90	6.4	52	9	12	168	-17	138	7.6	88	20	24	30	207	69	279	8	100	22	29	36	220	98	327	327
1075	Adenophora taurica	6.1	40	15	6	6	190	-12	58	6.4	52	10	15	196	-2	105	7.6	88	23	23	21	214	26	244	8	100	26	28	23	220	36	290	290
1076	Anemone apennina	5.2	30	15	8	8	130	-17	14	5.5	44	14	15	160	-1	80	6.6	86	23	32	24	250	44	277	7	100	26	38	28	280	60	342	342
1077	Anemone sylvestris	4.2	20	15	6	6	145	-46	10	4.7	36	10	8	160	-36	123	6.4	84	23	22	14	205	-7	462	7	100	26	27	16	220	2	574	574
1078	Aquilegia sternbergii	3.5	10	15	5	5	260	-31	436	4.1	23	8	10	270	-22	574	6.1	62	23	18	16	300	3	987	6.8	75	26	22	18	310	12	1125	1125
1079	Arabis hirsuta	6.4	52	15	4	4	165	-46	2	6.7	61	7	9	184	-29	107	7.6	90	23	19	19	241	19	423	8	100	26	23	23	260	36	528	528
1080	Fourraea alpina	6.4	52	15	5	5	165	-46	17	6.7	61	9	7	176	-41	42	7.6	90	23	24	10	209	-27	116	8	100	26	29	11	220	-23	141	141
1081	Pseudoturritis turrita	4.5	23	15	4	4	190	-46	22	5.1	38	7	7	196	-38	142	6.9	84	27	16	12	214	-15	503	7.5	100	31	19	14	220	-8	624	624
1082	Argyrolobium biebersteinii	6.1	40	15	6	6	190	-12	58	6.2	52	10	15	196	-2	105	6.8	88	23	23	21	214	26	244	7	100	26	28	23	220	36	290	290
1083	Aristolochia pallida	4.9	27	15	9	9	220	-46	87	5.4	41	15	9	228	-29	152	6.9	85	23	34	19	252	19	345	7.5	100	26	41	23	260	36	409	409
1085	Asparagus acutifolius	4.9	27	15	5	5	195	-46	38	5.3	41	12	10	224	-23	178	6.5	85	23	36	25	311	46	597	7	100	26	44	30	340	69	736	736
1086	Asparagus pseudoscaber	6.1	40	15	6	6	190	-46	90	6.2	52	10	7	196	-38	138	6.8	88	20	24	12	214	-15	279	7	100	22	29	14	220	-8	327	327
1087	Asparagus tenuifolius	5.2	30	15	4	4	185	-31	69	5.6	44	11	11	200	-17	154	7	86	23	33	20	245	22	411	7.5	100	26	41	23	260	36	496	496
1088	Asparagus verticillatus	5.3	31	18	4	4	190	-31	65	5.6	44	7	10	196	-26	151	6.6	86	24	19	13	214	-12	410	7	100	26	23	14	220	-8	496	496
1089	Cynanchica rumelica	4.1	17	15	9	9	190	-12	179	4.8	33	15	15	196	-2	220	7.2	83	23	34	21	214	26	342	8	100	26	41	23	220	36	383	383
1090	Asperula tenella	6.4	52	15	6	6	190	-22	190	6.5	61	10	13	196	-10	250	6.8	90	22	23	20	214	24	428	7	100	24	28	23	220	36	488	488
1091	Asphodeline liburnica	6.4	52	15	4	4	145	-3	151	6.6	61	5	16	154	2	216	7.2	90	27	10	19	181	20	411	7.5	100	31	12	21	190	26	476	476
1092	Asplenium adiantum-nigrum	4.8	26	15	5	5	90	-41	25	5	35	8	11	132	-19	159	5.9	65	23	18	25	258	47	560	6.2	75	26	22	30	300	69	693	693
1093	Asyneuma anthericoides	6.4	52	15	6	6	190	-12	66	6.5	61	9	15	196	-2	98	6.8	90	20	21	21	214	26	193	7	100	22	25	23	220	36	225	225
1094	Asyneuma canescens	6.1	40	15	5	5	190	-46	90	6.2	52	9	7	196	-38	138	6.8	88	20	24	12	214	-15	279	7	100	22	29	14	220	-8	327	327
1095	Athamanta hungarica	6.4	52	15	6	6	165	-46	2	6.6	61	10	8	176	-32	153	7.2	90	23	23	17	209	7	605	7.5	100	26	28	20	220	21	756	756
1097	Bupleurum praealtum	5	28	15	5	5	190	-46	97	5.6	42	9	6	196	-42	160	7.4	85	23	22	9	214	-31	346	8	100	26	27	10	220	-28	409	409
1098	Campanula bononiensis	5	28	15	5	5	190	-46	30	5.6	42	9	6	196	-42	104	7.4	85	23	22	9	214	-31	325	8	100	26	27	10	220	-28	399	399
1099	Campanula cervicaria	6.4	52	15	12	12	140	-22	35	6.7	61	17	14	164	-3	98	7.6	90	27	35	26	236	50	284	8	100	31	41	30	260	69	346	346
1101	Campanula grosseckii	4.9	27	15	8	8	190	-12	0	5.3	41	9	15	196	-2	0	6.5	85	20	12	21	214	26	0	7	100	22	13	23	220	36	0	0
1102	Campanula rapunculoides	4.5	23	12	4	4	115	-46	5	5.1	38	8	10	136	-23	108	6.9	84	27	23	25	199	46	419	7.5	100	31	28	30	220	69	522	522
1103	Campanula rapunculus	5	28	15	5	5	190	-46	176	5.5	42	9	6	196	-42	220	7	85	23	22	9	214	-31	354	7.5	100	26	27	10	220	-28	399	399
1105	Carduus collinus	6.3	49	15	5	5	165	-46	17	6.4	59	9	8	176	-36	130	6.8	89	23	24	14	209	-7	466	7	100	26	29	16	220	2	578	578
1106	Carex brevicollis	3.7	12	15	9	9	125	-46	12	4.3	29	14	7	144	-38	141	6.3	82	27	31	12	201	-15	530	7	100	31	37	14	220	-8	659	659
1107	Carex halleriana	4.1	17	12	5	5	165	-46	2	4.8	33	8	9	184	-29	141	7.2	83	23	19	19	241	19	556	8	100	26	23	23	260	36	695	695
1108	Carex michelii	3.7	12	15	5	5	155	-46	5	4.4	29	9	9	168	-29	103	6.7	82	27	22	19	207	19	398	7.5	100	31	27	23	220	36	496	496
1109	Carex pairae	5	35	12	5	5	130	-46	6	5.6	48	7	13	148	-12	60	7.4	87	23	16	34	202	88	224	8	100	26	19	41	220	122	279	279
1110	Carex pediformis	5.8	36	15	8	8	175	-22	46	6	48	14	14	184	-3	69	6.7	87	23	32	26	211	50	137	7	100	26	38	30	220	69	160	160
1111	Carex tomentosa	4.8	26	15	12	12	135	-36	1	5.5	40	21	12	149	-15	133	7.7	85	29	50	25	191	48	528	8.5	100	33	60	30	205	69	660	660
1112	Carpinus orientalis	4.1	17	12	6	6	175	-46	505	4.7	33	10	10	192	-23	650	6.8	83	27	22	25	243	46	1087	7.5	100	31	27	30	260	69	1232	1232
1113	Celtis australis	5.4	26	15	4	4	165	-46	59	5.9	40	8	8	176	-32	93	7.4	85	23	23	17	209	7	196	8	100	26	28	20	220	21	230	230
1114	Celtis glabrata	6.1	40	15	6	6	190	-12	365	6.2	52	10	15	196	-2	350	6.8	88	23	23	21	214	26	305	7	100	26	28	23	220	36	290	290
1115	Centaurea salonitana	6.4	52	15	4	4	165	-46	2	6.5	61	8	8	176	-36	48	6.8	90	23	23	14	209	-7	185	7	100	26	28	16	220	2	230	230
1117	Tanacetum macrophyllum	5	28	15	5	5	190	-46	176	5.4	42	9	6	196	-42	220	6.6	85	23	22	9	214	-31	354	7	100	26	27	10	220	-28	399	399
1118	Cirsium pannonicum	5	28	15	5	5	190	-46	176	5.5	42	9	6	196	-42	255	7	85	23	22	9	214	-31	495	7.5	100	26	27	10	220	-28	574	574
1119	Cistus tauricus	6.1	40	15	6	6	190	-12	146	6.2	52	10	15	196	-2	146	6.8	88	23	23	21	214	26	146	7	100	26	28	23	220	36	146	146
1120	Clematis flammula	4.8	26	12	5	5	200	-31	39	5.2	40	13	11	222	-17	95	6.5	85	23	37	20	288	22	601	7	100	26	46	23	310	36	736	736
1121	Clematis recta	5	28	15	4	4	170	-46	8	5.6	42	7	8	188	-36	61	7.4	85	23	19	14	242	-7	220	8	100	26	23	16	260	2	273	273
1122	Verbascum lychnitis	5.2	30	12	8	8	165	-46	433	5.6	44	12	8	175	-36	514	7	86	20	27	14	205	-7	756	7.5	100	22	32	16	215	2	837	837
1123	Cnidium silaifolium	6.2	45	15	6	6	125	-22	52	6.4	56	16	13	152	-10	210	7.2	89	27	49	20	233	24	682	7.5	100	31	60	23	260	36	839	839
1124	Colutea arborescens	4.9	27	15	5	5	220	-27	100	5.5	41	11	10	228	-23	100	7.3	85	23	29	13	252	-11	100	8	100	26	35	14	260	-8	100	100
1125	Tragopogon dubius	5.8	36	12	9	9	130	-36	322	6.2	48	15	10	147	-26	412	7.5	87	18	33	16	198	2	684	8	100	20	39	18	215	12	774	774
1126	Colutea orientalis	6.1	40	15	6	6	190	-12	146	6.2	52	10	15	196	-2	146	6.8	88	23	23	21	214	26	146	7	100	26	28	23	220	36	146	146
1127	Cornus mas	4	16	12	4	4	140	-46	25	4.8	32	8	12	164	-17	151	7.2	83	27	22	30	236	69	528	8	100	31	27	36	260	98	654	654
1128	Coronilla cretica	6.1	40	15	6	6	190	-12	58	6.5	52	10	15	196	-2	105	8	88	23	23	21	214	26	244	8.5	100	26	28	23	220	36	290	290
1129	Securigera elegans	4.9	27	15	4	4	220	-27	113	5.6	41	10	10	228	-23	196	7.7	85	23	28	13	252	-11	447	8.5	100	26	35	14	260	-8	530	530
1130	Coronilla scorpioides	6.4	52	15	6	6	165	-46	2	6.8	61	10	8	176	-36	65	8	90	23	23	14	209	-7	253	8.5	100	26	28	16	220	2	316	316
1131	Senecio erucifolius	5.8	36	12	9	9	130	-36	322	6.2	48	15	10	147	-26	412	7.5	87	18	33	16	198	2	684	8	100	20	39	18	215	12	774	774
1132	Cotinus coggygria	4.1	17	15	4	4	165	-46	23	4.7	33	7	10	176	-26	23	6.8	83	23	19	22	209	30	23	7.5	100	26	23	26	220	50	23	23
1134	Cotoneaster laxiflorus	6.1	40	15	4	4	190	-46	129	6.4	52	9	7	196	-38	129	7.6	88	20	24	12	214	-15	129	8	100	22	29	14	220	-8	129	129
1135	Cotoneaster intermedius	5.7	35	15	4	4	190	-12	190	5.9	48	10	15	194	-2	190	6.7	87	20	28	21	206	26	190	7	100	22	35	23	210	36	190	190
1136	Cotoneaster tauricus	6.1	40	15	6	6	190	-12	146	6.2	52	10	15	196	-2	146	6.8	88	23	23	21	214	26	146	7	100	26	28	23	220	36	146	146
1137	Cotoneaster tomentosa	6.1	40	15	4	4	140	-12	118	6.5	52	5	14	154	-4	118	8	88	23	11	19	196	18	118	8.5	100	26	13	21	210	26	118	118
1139	Crataegus orientalis	6.4	52	15	4	4	220	-27	115	6.5	61	5	10	228	-23	115	6.8	90	23	11	13	252	-11	115	7	100	26	13	14	260	-8	115	115
1141	Crepis nicaeensis	5.2	30	15	4	4	165	-46	2	5.6	44	8	8	176	-36	48	7	86	23	23	14	209	-7	185	7.5	100	26	28	16	220	2	230	230
1142	Crepis praemorsa	5.6	35	15	5	5	140	-27	54	6.1	48	8	11	145	-21	102	7.9	87	23	20	14	160	-3	245	8.5	100	26	24	16	165	2	293	293
1143	Crucianella oxyloba	5	28	15	5	5	190	-46	90	5.5	42	9	7	196	-38	138	7	85	20	22	12	214	-15	279	7.5	100	22	27	14	220	-8	327	327
1144	Cyclamen repandum	5.2	30	15	5	5	220	-22	38	5.5	44	8	14	244	-3	109	6.6	86	23	18	26	316	50	320	7	100	26	22	30	340	69	391	391
1146	Cynoglossum montanum	6.1	40	15	5	5	190	-46	90	6.3	52	9	7	196	-38	138	7.2	88	20	24	12	214	-15	279	7.5	100	22	29	14	220	-8	327	327
1147	Cytisus austriacus	5	28	15	5	5	175	-46	195	5.6	42	9	8	184	-34	195	7.4	85	23	22	15	211	0	195	8	100	26	27	18	220	12	195	195
1148	Cytisus albus	6.1	40	15	5	5	175	-46	129	6.6	52	9	8	184	-36	129	8.4	88	20	24	14	211	-7	129	9	100	22	29	16	220	2	129	129
1149	Cytisus decumbens	3.5	10	15	6	6	190	-31	190	4.2	28	11	11	214	-17	190	6.3	82	23	29	20	286	22	190	7	100	26	35	23	310	36	190	190
1151	Cytisus leucotrichus	6.4	52	15	4	4	190	-46	85	6.5	61	9	7	196	-38	85	6.8	90	23	24	12	214	-15	85	7	100	26	29	14	220	-8	85	85
1152	Cytisus purpureus	3.5	10	15	5	5	260	-31	727	4.3	28	8	10	270	-22	727	6.7	82	23	18	16	300	3	727	7.5	100	26	22	18	310	12	727	727
1153	Cytisus ratisbonensis	3.9	15	15	4	4	165	-46	23	4.5	32	7	8	176	-36	23	6.3	83	27	19	14	209	-7	23	7	100	31	23	16	220	2	23	23
1154	Cytisus ruthenicus	3.9	15	18	4	4	165	-46	18	4.4	27	6	7	170	-39	18	6.2	63	28	15	11	185	-19	18	6.8	75	31	18	13	190	-13	18	18
1155	Cytisophyllum sessilifolium	4.7	25	15	9	9	145	-31	31	5.2	40	14	12	160	-14	31	6.9	85	20	29	22	205	33	31	7.5	100	22	35	26	220	50	31	31
1156	Scorzonera purpurea	5	28	15	5	5	145	-46	345	5.6	42	9	7	154	-38	407	7.4	85	23	23	12	181	-15	596	8	100	26	28	14	190	-8	658	658
1157	Daphne blagayana	3.8	13	15	5	5	115	-22	89	4.4	30	8	14	130	-3	89	6.3	82	27	19	26	175	50	89	7	100	31	23	30	190	69	89	89
1158	Daphne cneorum	6.4	52	18	5	5	140	-3	145	6.7	61	7	16	145	2	145	7.6	90	28	16	19	160	20	145	8	100	31	19	21	165	26	145	145
1159	Delphinium cuneatum	6.1	40	15	5	5	190	-46	90	6.2	52	9	7	196	-38	138	6.8	88	20	24	12	214	-15	279	7	100	22	29	14	220	-8	327	327
1160	Delphinium fissum	6.4	52	15	6	6	190	-22	190	6.7	61	10	13	196	-10	250	7.6	90	22	23	20	214	24	428	8	100	24	28	23	220	36	488	488
1161	Dianthus banaticus	6.4	52	15	6	6	190	-22	130	6.5	61	10	13	196	-10	201	6.8	90	22	23	20	214	24	416	7	100	24	28	23	220	36	488	488
1162	Dianthus giganteus	6.4	52	15	5	5	165	-46	2	6.5	61	9	8	176	-36	65	6.8	90	23	23	14	209	-7	253	7	100	26	28	16	220	2	316	316
1163	Dianthus leptopetalus	6.2	45	15	6	6	170	-36	190	6.3	56	10	11	180	-21	304	6.8	89	22	23	20	210	21	644	7	100	24	28	23	220	36	757	757
1164	Dianthus marschallii	6.1	40	15	6	6	190	-12	58	6.2	52	10	15	196	-2	105	6.8	88	23	23	21	214	26	244	7	100	26	28	23	220	36	290	290
1165	Dianthus monspessulanus	3.2	4	15	8	8	130	12	14	3.9	23	14	22	148	34	33	6.2	80	23	32	36	202	100	91	7	100	26	38	41	220	122	110	110
1166	Dianthus membranaceus	6.1	40	15	5	5	165	-46	2	6.2	52	9	8	176	-36	67	6.8	88	23	24	14	209	-7	262	7	100	26	29	16	220	2	327	327
1167	Dictamnus gymnostylis	6.1	40	15	6	6	190	-12	146	6.2	52	10	15	196	-2	146	6.8	88	23	23	21	214	26	146	7	100	26	28	23	220	36	146	146
1168	Digitalis lanata	3.6	11	22	5	5	190	-12	59	4.4	28	9	15	194	-2	107	7.1	82	29	21	21	206	26	251	8	100	31	26	23	210	36	299	299
1169	Doronicum hungaricum	3.7	12	18	1	1	185	-46	38	4.4	29	4	7	192	-39	130	6.7	82	28	13	11	213	-19	405	7.5	100	31	17	13	220	-13	496	496
1170	Echinops bannaticus	6.5	56	14	5	5	190	-46	7	6.6	64	7	6	196	-42	66	6.9	91	20	16	9	214	-31	244	7	100	22	19	10	220	-28	303	303
1171	Eryngium palmatum	5.2	30	15	6	6	190	-12	66	5.5	44	9	15	196	-2	98	6.6	86	20	21	21	214	26	193	7	100	22	25	23	220	36	225	225
1172	Erysimum diffusum	5.3	31	18	4	4	190	-27	65	5.6	44	7	10	196	-23	123	6.6	86	24	19	13	214	-11	297	7	100	26	23	14	220	-8	355	355
1173	Erysimum odoratum	6.2	49	12	5	5	90	-46	2	6.6	59	8	10	116	-23	156	8	89	23	19	25	194	46	620	8.5	100	26	23	30	220	69	775	775
1174	Euonymus latifolia	5.7	35	15	9	9	190	-12	190	6.1	48	14	15	194	-2	190	7.5	87	20	29	21	206	26	190	8	100	22	35	23	210	36	190	190
1175	Euonymus verrucosa	3.8	13	15	4	4	125	-46	7	4.5	30	10	10	152	-24	7	6.7	82	27	31	23	233	38	7	7.5	100	31	38	28	260	60	7	7
1176	Euphorbia angulata	5.6	35	15	5	5	140	-27	54	5.8	48	8	11	145	-21	102	6.7	87	23	20	14	160	-3	245	7	100	26	24	16	165	2	293	293
1177	Euphorbia epithymoides	6.4	52	15	4	4	165	-46	22	6.7	61	7	8	176	-36	88	7.6	90	23	19	14	209	-7	289	8	100	26	23	16	220	2	356	356
1178	Ferula heuffelii	6.4	52	15	6	6	190	-22	190	6.5	61	10	13	196	-10	250	6.8	90	22	23	20	214	24	428	7	100	24	28	23	220	36	488	488
1179	Ferula sadleriana	6.3	49	15	5	5	165	-46	17	6.6	59	9	8	176	-36	130	7.6	89	23	24	14	209	-7	466	8	100	26	29	16	220	2	578	578
1180	Ferulago galbanifera	6.1	40	15	8	8	130	-46	2	6.4	52	14	10	148	-24	48	7.6	88	23	32	23	202	38	185	8	100	26	38	28	220	60	230	230
1181	Ferulago sylvatica	6.4	52	15	5	5	175	-46	22	6.6	61	9	8	184	-36	156	7.2	90	20	21	14	211	-7	559	7.5	100	22	26	16	220	2	694	694
1183	Fraxinus ornus	4.5	23	12	4	4	130	-46	428	5.2	38	11	10	168	-23	589	7.3	84	27	34	25	282	46	1072	8	100	31	42	30	320	69	1232	1232
1184	Fritillaria orientalis	6.4	52	15	5	5	165	-46	2	6.5	61	9	8	176	-36	48	6.8	90	23	23	14	209	-7	185	7	100	26	28	16	220	2	230	230
1185	Cruciata laevipes	5	27	15	5	5	140	-27	54	5.4	41	12	15	156	2	158	6.6	85	23	34	30	204	92	468	7	100	26	42	35	220	122	572	572
1186	Galium flavescens	6.4	52	15	5	5	165	-46	2	6.5	61	9	8	176	-36	46	6.8	90	23	23	14	209	-7	178	7	100	26	28	16	220	2	222	222
1187	Galium lucidum	5	28	15	4	4	90	-46	8	5.6	42	7	10	126	-23	126	7.4	85	27	19	25	234	46	479	8	100	31	23	30	270	69	597	597
1189	Galium pseudoaristatum	3.7	12	15	5	5	190	-46	18	4.3	29	10	7	202	-38	117	6.3	82	27	26	12	238	-15	414	7	100	31	32	14	250	-8	513	513
1190	Galium intermedium	4.2	18	8	5	5	125	-46	6	4.8	34	12	9	144	-31	82	6.8	83	22	34	18	201	11	309	7.5	100	26	42	21	220	26	385	385
1191	Cruciata coronata	6.1	40	15	6	6	190	-12	58	6.2	52	10	15	196	-2	105	6.8	88	23	23	21	214	26	244	7	100	26	28	23	220	36	290	290
1192	Genista involucrata	6.4	52	15	5	5	165	-46	23	6.5	61	9	9	176	-29	23	6.8	90	23	23	19	209	19	23	7	100	26	28	23	220	36	23	23
1193	Genista januensis	4.9	27	15	5	5	165	-7	132	5.3	41	10	17	182	8	132	6.5	85	23	27	26	233	53	132	7	100	26	33	30	250	69	132	132
1194	Genista lydia	6.4	52	15	5	5	190	-12	165	6.5	61	8	15	196	-2	165	6.8	90	20	19	21	214	26	165	7	100	22	23	23	220	36	165	165
1197	Glechoma hirsuta	4.9	27	15	4	4	140	-46	8	5.4	41	8	10	156	-23	106	6.9	85	23	20	25	204	46	399	7.5	100	26	24	30	220	69	496	496
1198	Haplophyllum suaveolens	6.1	40	15	5	5	190	-46	90	6.4	52	9	7	196	-38	138	7.6	88	20	24	12	214	-15	279	8	100	22	29	14	220	-8	327	327
1199	Helleborus multifidus	6.1	40	15	8	8	130	-7	14	6.2	52	14	17	148	8	74	6.8	88	23	32	26	202	53	254	7	100	26	38	30	220	69	314	314
1200	Helleborus odorus	3.7	12	15	5	5	140	-46	13	4.4	29	9	10	164	-23	101	6.7	82	23	22	25	236	46	366	7.5	100	26	27	30	260	69	454	454
1201	Hesperis steveniana	6.1	40	15	6	6	190	-12	58	6.2	52	10	15	196	-2	105	6.8	88	23	23	21	214	26	244	7	100	26	28	23	220	36	290	290
1202	Hieracium bauhini	5.6	35	15	9	9	130	1	53	5.9	48	13	17	132	8	75	7.1	87	23	27	21	138	29	142	7.5	100	26	32	23	140	36	164	164
1203	Hieracium racemosum	3	3	22	4	4	145	-22	15	3.6	10	6	14	160	-3	43	5.4	34	29	15	26	205	50	128	6.1	42	31	18	30	220	69	156	156
1204	Hierochloe australis	5.6	35	15	5	5	140	-27	54	6	48	8	11	145	-21	102	7.5	87	23	20	14	160	-3	245	8	100	26	24	16	165	2	293	293
1205	Hierochloe odorata	3.8	13	15	5	5	140	-27	54	4.1	16	8	11	145	-21	102	5	28	23	20	14	160	-3	245	5.4	32	26	24	16	165	2	293	293
1206	Himantoglossum hircinum	6.4	52	12	4	4	165	-22	448	6.8	61	6	12	170	-17	523	8	90	18	15	15	185	-2	746	8.5	100	20	18	16	190	2	820	820
1207	Hypericum elegans	6.1	40	15	5	5	190	-46	90	6.5	52	9	7	196	-38	138	8	88	20	24	12	214	-15	279	8.5	100	22	29	14	220	-8	327	327
1208	Hypericum veronense	4.2	18	15	5	5	165	-46	2	4.7	34	9	8	176	-36	48	6.4	83	23	23	14	209	-7	185	7	100	26	28	16	220	2	230	230
1209	Hypericum rochelii	6.4	52	15	6	6	190	-22	105	6.5	61	10	13	196	-10	182	6.8	90	22	23	20	214	24	411	7	100	24	28	23	220	36	488	488
1210	Inula bifrons	6.4	52	15	5	5	165	-46	2	6.5	61	9	8	176	-36	48	6.8	90	23	23	14	209	-7	185	7	100	26	28	16	220	2	230	230
1211	Inula aschersoniana	6.4	52	15	6	6	190	-22	190	6.7	61	10	13	196	-10	250	7.6	90	22	23	20	214	24	428	8	100	24	28	23	220	36	488	488
1212	Inula ensifolia	6.4	52	15	5	5	175	-27	66	6.7	61	8	12	192	-14	204	7.6	90	23	19	20	243	23	619	8	100	26	23	23	260	36	757	757
1213	Inula germanica	6.1	40	15	5	5	190	-46	90	6.4	52	9	7	196	-38	138	7.6	88	20	24	12	214	-15	279	8	100	22	29	14	220	-8	327	327
1214	Inula hirta	6.4	52	15	4	4	140	-46	8	6.7	61	7	10	156	-23	47	7.6	90	27	19	25	204	46	164	8	100	31	23	30	220	69	203	203
1215	Inula spiraeifolia	6.4	52	15	4	4	190	-46	22	6.8	61	7	9	204	-29	87	8	90	23	16	19	246	19	281	8.5	100	26	19	23	260	36	346	346
1216	Iris graminea	6.1	40	15	5	5	190	-46	90	6.4	52	9	7	196	-38	138	7.6	88	20	24	12	214	-15	279	8	100	22	29	14	220	-8	327	327
1218	Iris flavissima	5	28	15	8	8	190	-46	0	5.4	42	11	7	196	-38	0	6.6	85	20	23	12	214	-15	0	7	100	22	27	14	220	-8	0	0
1219	Iris variegata	5	28	15	4	4	190	-46	176	5.6	42	6	6	196	-42	220	7.4	85	23	13	9	214	-31	354	8	100	26	16	10	220	-28	399	399
1220	Jasione heldreichii	6.4	52	15	6	6	190	-22	190	6.5	61	10	13	196	-10	250	6.8	90	22	23	20	214	24	428	7	100	24	28	23	220	36	488	488
1221	Juniperus excelsa	6.1	40	15	6	6	190	-12	146	6.4	52	10	15	196	-2	146	7.6	88	23	23	21	214	26	146	8	100	26	28	23	220	36	146	146
1222	Juniperus isophyllos	6.1	40	15	6	6	190	-12	146	6.4	52	10	15	196	-2	146	7.6	88	23	23	21	214	26	146	8	100	26	28	23	220	36	146	146
1223	Juniperus oxycedrus	4.9	27	15	4	4	145	-41	53	5.5	41	6	10	178	-25	53	7.3	85	27	13	19	277	20	53	8	100	31	16	23	310	36	53	53
1224	Lactuca quercina	5.6	34	15	6	6	130	-27	14	6	47	12	13	142	-9	70	7.5	86	23	31	24	178	42	237	8	100	26	38	28	190	60	293	293
1225	Lactuca perennis	5.5	34	12	4	4	140	-36	423	6	47	8	12	145	-15	452	7.5	86	23	23	25	160	48	536	8	100	26	28	30	165	69	564	564
1226	Lactuca viminea	5.2	30	15	5	5	165	-46	170	5.6	44	8	8	192	-32	252	7	86	23	19	17	273	6	497	7.5	100	26	23	20	300	20	578	578
1227	Lapsana communis	4.9	27	12	5	5	115	-46	5	5.4	41	8	10	136	-23	158	6.9	85	23	19	25	199	46	617	7.5	100	26	23	30	220	69	770	770
1228	Laser trilobum	6.1	40	15	5	5	165	-46	7	6.5	52	7	7	176	-38	61	8	88	23	16	12	209	-15	225	8.5	100	26	19	14	220	-8	279	279
1229	Laserpitium garganicum	6.4	52	15	5	5	165	-46	2	6.7	61	9	8	176	-36	46	7.6	90	23	23	14	209	-7	178	8	100	26	28	16	220	2	222	222
1230	Laserpitium hispidum	6.1	40	15	6	6	190	-12	58	6.4	52	10	15	196	-2	105	7.6	88	23	23	21	214	26	244	8	100	26	28	23	220	36	290	290
1231	Laserpitium nestleri	5.2	30	15	9	9	135	-31	95	5.7	44	14	11	152	-17	309	7.4	86	20	32	20	203	22	953	8	100	22	38	23	220	36	1168	1168
1232	Siler montanum	6.1	40	15	8	8	130	-7	14	6.5	52	14	16	142	6	119	8	88	23	32	25	178	46	434	8.5	100	26	38	28	190	60	539	539
1234	Lathyrus latifolius	5.6	34	15	5	5	140	-27	54	6.1	47	8	11	152	-21	102	7.9	86	23	20	14	188	-3	245	8.5	100	26	24	16	200	2	293	293
1235	Lathyrus rotundifolius	6.1	40	15	6	6	190	-12	58	6.4	52	10	15	196	-2	105	7.6	88	23	23	21	214	26	244	8	100	26	28	23	220	36	290	290
1236	Lathyrus austriacus	6.4	52	15	5	5	165	-46	28	6.8	61	8	8	176	-36	67	8	90	23	19	14	209	-7	182	8.5	100	26	23	16	220	2	220	220
1237	Lathyrus venetus	4.2	18	15	5	5	140	-31	8	4.9	34	8	12	168	-12	131	7.2	83	23	19	24	252	41	501	8	100	26	23	28	280	60	624	624
1238	Leucanthemum subglaucum	5.7	35	15	9	9	190	-12	95	6.1	48	14	15	194	-2	161	7.5	87	20	29	21	206	26	360	8	100	22	35	23	210	36	426	426
1239	Leontodon incanus	6.1	40	15	4	4	65	-46	8	6.5	52	7	13	96	-12	88	8	88	27	19	34	189	88	329	8.5	100	31	23	41	220	122	409	409
1240	Seseli libanotis	5.6	34	15	5	5	110	-41	48	5.9	47	8	9	127	-30	114	7.1	86	23	20	15	178	1	309	7.5	100	26	24	18	195	12	375	375
1242	Limodorum abortivum	6.4	52	15	5	5	165	-46	2	6.7	61	9	8	176	-36	105	7.6	90	23	23	14	209	-7	416	8	100	26	28	16	220	2	520	520
1243	Linaria genistifolia	5.2	30	15	5	5	165	-46	170	5.7	44	8	8	176	-36	303	7.4	86	23	19	14	209	-7	701	8	100	26	23	16	220	2	833	833
1244	Lithospermum officinale	5	28	15	5	5	190	-46	176	5.6	42	9	6	196	-42	220	7.4	85	23	22	9	214	-31	354	8	100	26	27	10	220	-28	399	399
1245	Lonicera caprifolium	4.6	24	15	5	5	115	-46	9	5.2	39	8	10	144	-24	9	7.3	84	25	20	23	231	38	9	8	100	28	24	28	260	60	9	9
1246	Silene coronaria	3.7	12	8	6	6	165	-46	18	4.5	29	10	9	184	-29	92	7.1	82	26	22	19	241	19	312	8	100	31	27	23	260	36	385	385
1247	Malus sylvestris	5	28	15	8	8	130	-22	526	5.5	42	14	14	148	-5	615	7	85	23	32	24	202	43	883	7.5	100	26	38	28	220	60	972	356
1249	Melampyrum cristatum	6.4	52	15	6	6	165	-46	2	6.7	61	12	8	176	-36	76	7.6	90	23	31	14	209	-7	298	8	100	26	38	16	220	2	371	220
1250	Quercus dalechampii	3	3	8	3	3	155	-46	504	3.9	22	6	10	180	-23	601	6.6	80	26	17	25	255	46	892	7.5	100	31	21	30	280	69	989	989
1251	Quercus polycarpa	4.2	18	15	3	3	180	-46	618	4.8	34	7	8	188	-34	664	6.8	83	20	22	15	212	0	804	7.5	100	22	27	18	220	12	851	851
1252	Melica altissima	6.1	40	15	5	5	190	-46	90	6.4	52	9	7	196	-38	138	7.6	88	20	24	12	214	-15	279	8	100	22	29	14	220	-8	327	327
1253	Melica picta	4.9	27	15	5	5	190	-46	90	5.3	41	9	7	196	-38	138	6.5	85	20	24	12	214	-15	279	7	100	22	29	14	220	-8	327	327
1254	Melilotus tauricus	6.1	40	15	6	6	190	-12	58	6.4	52	10	15	196	-2	105	7.6	88	23	23	21	214	26	244	8	100	26	28	23	220	36	290	290
1255	Melittis melissophyllum	4.5	23	12	4	4	115	-46	5	5.1	38	7	10	144	-23	134	6.9	84	23	19	25	231	46	524	7.5	100	26	23	30	260	69	654	654
1256	Mercurialis ovata	5.2	30	15	4	4	140	-46	8	5.6	44	7	9	164	-29	76	7	86	27	19	19	236	19	279	7.5	100	31	23	23	260	36	346	346
1257	Allium dioscoridis	6.1	40	15	5	5	190	-46	90	6.2	52	9	9	196	-29	170	6.8	88	22	24	19	214	19	408	7	100	24	29	23	220	36	488	488
1258	Nepeta pannonica	5.2	30	15	5	5	175	-46	90	5.6	44	9	8	184	-36	239	7	86	20	24	14	211	-7	685	7.5	100	22	29	16	220	2	833	833
1260	Ononis adenotricha	4.1	17	15	9	9	190	-12	179	4.6	33	15	15	196	-2	220	6.4	83	23	34	21	214	26	342	7	100	26	41	23	220	36	383	383
1262	Onosma cinerea	6.1	40	15	6	6	190	-12	58	6.4	52	10	15	196	-2	105	7.6	88	23	23	21	214	26	244	8	100	26	28	23	220	36	290	290
1263	Onosma viridis	6.1	40	15	5	5	190	-46	90	6.5	52	9	7	196	-38	138	8	88	20	24	12	214	-15	279	8.5	100	22	29	14	220	-8	327	327
1264	Quercus frainetto	3.7	12	15	2	2	175	-46	542	4.3	29	7	10	192	-23	692	6.3	82	27	22	25	243	46	1141	7	100	31	27	30	260	69	1290	1290
1265	Orchis purpurea	5.6	34	15	5	5	140	-27	26	6	47	8	11	156	-19	79	7.5	86	23	20	16	204	4	240	8	100	26	24	18	220	12	293	293
1266	Orchis simia	6	38	12	4	4	165	-46	22	6.4	50	6	8	176	-36	181	7.6	87	20	15	14	209	-7	660	8	100	22	18	16	220	2	820	820
1267	Orlaya daucoides	6.1	40	15	6	6	190	-12	58	6.4	52	10	15	196	-2	105	7.6	88	23	23	21	214	26	244	8	100	26	28	23	220	36	290	290
1268	Piptatherum holciforme	6.4	52	15	6	6	190	-22	190	6.5	61	10	13	196	-10	250	6.8	90	22	23	20	214	24	428	7	100	24	28	23	220	36	488	488
1269	Piptatherum virescens	6.4	52	15	6	6	185	-31	69	6.6	61	10	10	200	-26	130	7.2	90	23	24	13	245	-12	314	7.5	100	26	29	14	260	-8	375	375
1270	Ostrya carpinifolia	4	16	12	4	4	115	-27	428	4.8	32	8	16	156	2	584	7.2	83	23	20	34	279	92	1053	8	100	26	24	41	320	122	1209	1209
1272	Paeonia peregrina	4.1	17	15	6	6	190	-31	97	4.8	33	13	11	196	-17	177	7.2	83	23	34	20	214	22	417	8	100	26	41	23	220	36	496	496
1273	Paeonia tenuifolia	6.1	40	15	5	5	180	-46	90	6.4	52	9	7	188	-38	211	7.6	88	20	24	12	212	-15	575	8	100	22	29	14	220	-8	696	696
1274	Stachys scardica	5.7	35	15	5	5	90	-27	15	6.1	48	10	12	124	-14	117	7.5	87	23	26	20	226	23	421	8	100	26	32	23	260	36	522	522
1275	Peucedanum alsaticum	6.4	52	15	4	4	190	-46	8	6.8	61	7	7	196	-38	44	8	90	23	19	12	214	-15	150	8.5	100	26	23	14	220	-8	186	186
1276	Peucedanum neumayeri	6.4	52	15	5	5	165	-46	2	6.8	61	9	8	176	-36	48	8	90	23	23	14	209	-7	185	8.5	100	26	28	16	220	2	230	230
1279	Picris hieracioides	5	28	12	8	8	165	-46	442	5.6	42	12	9	180	-29	544	7.4	85	20	27	19	225	19	850	8	100	22	32	23	240	36	952	952
1280	Peucedanum ruthenicum	6.1	40	15	5	5	190	-46	90	6.4	52	9	7	196	-38	138	7.6	88	20	24	12	214	-15	279	8	100	22	29	14	220	-8	327	327
1281	Phlomis tuberosa	4.8	26	15	5	5	175	-46	30	5.4	40	9	7	184	-38	89	7.3	85	20	24	12	211	-15	267	8	100	22	29	14	220	-8	327	327
1282	Chaerophyllum nodosum	5.4	26	15	5	5	165	-46	2	5.9	40	9	8	176	-36	87	7.4	85	23	23	14	209	-7	343	8	100	26	28	16	220	2	428	428
1284	Pinus austriaca	3.5	10	15	5	5	170	-31	551	4.5	28	8	11	184	-21	734	7.5	82	23	18	17	226	7	1284	8.5	100	26	22	19	240	17	1467	1467
1285	Pinus pallasiana	6.1	40	15	4	4	145	-27	701	6.2	52	5	12	160	-16	745	6.8	88	27	10	18	205	15	877	7	100	31	12	21	220	26	921	921
1286	Pistacia atlantica	6.1	40	15	6	6	190	-12	146	6.2	52	10	15	196	-2	146	6.8	88	23	23	21	214	26	146	7	100	26	28	23	220	36	146	146
1287	Pinus heldreichii	5.6	34	15	5	5	90	1	389	5.9	47	8	17	110	8	428	7.1	86	23	19	21	170	29	545	7.5	100	26	23	23	190	36	584	584
1288	Fallopia dumetorum	5.6	34	15	6	6	130	-27	14	6	47	12	13	142	-9	70	7.5	86	23	31	24	178	42	237	8	100	26	38	28	190	60	293	293
1289	Potentilla astracanica	6.1	40	15	5	5	190	-46	90	6.4	52	9	7	196	-38	138	7.6	88	20	24	12	214	-15	279	8	100	22	29	14	220	-8	327	327
1290	Potentilla carniolica	3.5	10	15	5	5	260	-31	436	4.4	28	8	10	270	-22	574	7.1	82	23	18	16	300	3	987	8	100	26	22	18	310	12	1125	1125
1291	Potentilla micrantha	3	3	15	5	5	165	-46	4	4	22	9	10	188	-23	129	7	80	27	22	25	257	46	506	8	100	31	27	30	280	69	632	632
1292	Potentilla recta	4.7	25	20	5	5	80	1	33	5.1	40	7	21	87	25	58	6.5	85	24	14	36	108	97	135	7	100	26	17	41	115	122	160	160
1293	Prunus fruticosa	3.7	12	15	5	5	175	-46	40	4.5	29	7	7	184	-39	131	7.1	82	27	14	11	211	-19	405	8	100	31	17	13	220	-13	496	496
1294	Prunus tenella	4.9	27	12	4	4	175	-46	186	5.5	41	6	7	184	-38	248	7.3	85	23	14	12	211	-15	434	8	100	26	17	14	220	-8	496	496
1295	Pulmonaria angustifolia	4.8	26	15	5	5	140	-27	16	5.2	40	8	11	145	-21	71	6.5	85	23	20	14	160	-3	238	7	100	26	24	16	165	2	293	293
1296	Pulmonaria mollis	6.1	40	15	5	5	190	-46	49	6.4	52	9	7	196	-38	105	7.6	88	20	23	12	214	-15	271	8	100	22	28	14	220	-8	327	327
1297	Pyrus spinosa	6.4	52	16	5	5	260	-31	260	6.8	61	9	10	270	-23	314	8	90	24	24	15	300	0	478	8.5	100	26	29	17	310	7	532	532
1298	Pyrus elaeagnifolia	6.4	52	15	5	5	165	-46	59	6.8	61	9	8	176	-36	110	8	90	23	23	14	209	-7	265	8.5	100	26	28	16	220	2	316	316
1299	Pyrus pyraster 	3.7	12	12	4	4	140	-46	21	4.5	29	8	10	164	-23	116	7.1	82	27	22	25	236	46	401	8	100	31	27	30	260	69	496	496
1300	Plantago arenaria	6.1	40	12	5	5	145	-46	387	6.4	52	8	8	159	-36	450	7.6	88	20	18	14	201	-7	637	8	100	22	22	16	215	2	699	699
1301	Orobanche arenaria	6.1	40	12	6	6	145	-46	0	6.3	52	8	8	159	-36	0	6.9	88	20	14	14	201	-7	0	7.1	100	22	17	16	215	2	0	0
1302	Quercus robur pedunculiflora	3.7	12	15	2	2	165	-46	560	4.3	29	7	7	184	-38	647	6.3	82	27	22	12	241	-15	907	7	100	31	27	14	260	-8	994	994
1303	Frangula rupestris	6.1	40	15	8	8	130	-7	18	6.4	52	14	16	142	6	18	7.6	88	23	32	25	178	46	18	8	100	26	38	28	190	60	18	18
1304	Rosa x dumetorum	5.6	34	15	5	5	140	-27	109	5.9	47	8	11	145	-21	109	7.1	86	23	20	14	160	-3	109	7.5	100	26	24	16	165	2	109	109
1305	Rosa gallica	3.7	12	12	4	4	175	-46	82	4.4	29	6	8	184	-36	82	6.7	82	27	15	14	211	-7	82	7.5	100	31	18	16	220	2	82	82
1307	Rubia peregrina	4.7	25	15	5	5	175	-36	24	5.3	40	12	13	208	-9	177	7.3	85	23	34	30	307	71	634	8	100	26	42	36	340	98	786	786
1309	Ruscus aculeatus	4.2	18	15	4	4	145	-46	9	4.9	34	8	13	184	-12	9	7.2	83	27	20	34	301	88	9	8	100	31	24	41	340	122	9	9
1310	Salvia amplexicaulis	6.4	52	15	5	5	165	-46	2	6.8	61	9	8	176	-36	48	8	90	23	23	14	209	-7	185	8.5	100	26	28	16	220	2	230	230
1311	Salvia tomentosa	4.9	27	15	8	8	190	-12	0	5.3	41	9	15	196	-2	0	6.5	85	20	12	21	214	26	0	7	100	22	13	23	220	36	0	0
1312	Salvia ringens	4.1	17	15	8	8	145	-31	132	4.8	33	14	11	160	-17	201	7.2	83	27	34	20	205	22	407	8	100	31	41	23	220	36	476	476
1313	Salvia virgata	6.1	40	15	6	6	190	-12	58	6.4	52	10	15	196	-2	105	7.6	88	23	23	21	214	26	244	8	100	26	28	23	220	36	290	290
1314	Saponaria glutinosa	6.5	56	15	5	5	190	-46	7	6.8	64	7	6	196	-42	61	7.7	91	20	16	9	214	-31	225	8	100	22	19	10	220	-28	279	279
1316	Clinopodium alpinum hungaricum	5.3	31	18	4	4	190	-27	65	5.8	44	7	10	196	-23	123	7.4	86	24	19	13	214	-11	297	8	100	26	23	14	220	-8	355	355
1317	Clinopodium menthifolium menthifolium	5.6	34	15	5	5	140	-27	54	6	47	8	11	145	-21	102	7.5	86	23	20	14	160	-3	245	8	100	26	24	16	165	2	293	293
1319	Scabiosa columbaria banatica	6.5	56	15	5	5	190	-46	7	6.9	64	7	6	196	-42	67	8.1	91	20	16	9	214	-31	250	8.5	100	22	19	10	220	-28	311	311
1320	Scabiosa columbaria pseudobanatia	6.4	52	15	4	4	190	-22	190	6.7	61	5	13	196	-10	250	7.6	90	22	11	20	214	24	428	8	100	24	13	23	220	36	488	488
1321	Scabiosa triandra	4.7	25	15	5	5	165	-46	2	5.1	40	9	8	176	-36	48	6.5	85	23	23	14	209	-7	185	7	100	26	28	16	220	2	230	230
1322	Scutellaria columnae columnae	6.1	40	15	6	6	190	-12	58	6.4	52	10	15	196	-2	105	7.6	88	23	23	21	214	26	244	8	100	26	28	23	220	36	290	290
1323	Scutellaria albida velenovskyi	6.5	56	15	5	5	190	-46	7	6.8	64	7	6	196	-42	61	7.7	91	20	16	9	214	-31	225	8	100	22	19	10	220	-28	279	279
1324	Hylotelephium maximum	3.6	11	8	5	5	120	-46	54	4.3	28	8	9	140	-29	178	6.7	82	26	19	19	200	19	550	7.5	100	31	23	23	220	36	674	674
1325	Klasea lycopifolia	6.1	40	15	5	5	190	-46	90	6.4	52	9	7	196	-38	138	7.6	88	20	24	12	214	-15	279	8	100	22	29	14	220	-8	327	327
1326	Klasea radiata	6.4	52	15	4	4	190	-46	22	6.8	61	5	7	196	-38	63	8	90	20	11	12	214	-15	189	8.5	100	22	13	14	220	-8	230	230
1327	Seseli dichotomum	6.1	40	15	6	6	190	-12	58	6.4	52	10	15	196	-2	105	7.6	88	23	23	21	214	26	244	8	100	26	28	23	220	36	290	290
1328	Seseli rigidum peucedanifolium	6.4	52	15	6	6	190	-22	190	6.7	61	10	13	196	-10	250	7.6	90	22	23	20	214	24	428	8	100	24	28	23	220	36	488	488
1329	Sesleria autumnalis	4.5	23	15	5	5	175	-12	23	5.2	38	8	16	192	4	97	7.3	84	23	17	26	243	52	317	8	100	26	21	30	260	69	391	391
1330	Silene compacta	5.3	31	18	7	7	180	-36	65	5.6	44	11	9	188	-30	202	6.6	86	24	23	12	212	-13	612	7	100	26	27	14	220	-8	749	749
1332	Silene italica 	4.4	21	15	6	6	165	-46	13	5.1	36	10	10	184	-23	137	7.2	84	27	22	25	241	46	508	8	100	31	27	30	260	69	632	632
1334	Silene densiflora	4.9	27	15	5	5	165	-46	2	5.5	41	9	8	176	-36	48	7.3	85	23	23	14	209	-7	185	8	100	26	28	16	220	2	230	230
1335	Silene viridiflora	4.2	18	18	5	5	190	-46	13	4.7	34	9	8	196	-34	94	6.4	83	28	22	15	214	0	337	7	100	31	27	18	220	12	418	418
1336	Sorbus graeca	6.4	52	15	5	5	165	-46	59	6.8	61	9	8	176	-36	108	8	90	23	23	14	209	-7	255	8.5	100	26	28	16	220	2	303	303
1337	Sorbus domestica	3.7	12	15	5	5	180	-46	39	4.5	29	9	10	194	-23	162	7.1	82	23	22	25	236	46	531	8	100	26	27	30	250	69	654	654
1338	Spiraea crenata	5.1	28	14	5	5	165	-46	129	5.6	42	9	8	176	-34	129	7.4	85	20	24	15	209	0	129	8	100	22	29	18	220	12	129	129
1339	Spiraea crenata crenata	6.1	40	14	5	5	190	-46	129	6.4	52	9	7	196	-38	129	7.6	88	20	24	12	214	-15	129	8	100	22	29	14	220	-8	129	129
1340	Spiraea media	6.4	52	15	4	4	165	-46	562	6.7	61	6	8	176	-36	562	7.6	90	23	12	14	209	-7	562	8	100	26	14	16	220	2	562	562
1341	Spiraea x pikoviensis	6.1	40	15	5	5	190	-46	129	6.4	52	9	7	196	-38	129	7.6	88	20	24	12	214	-15	129	8	100	22	29	14	220	-8	129	129
1342	Spiraea media polonica	6.1	40	15	5	5	190	-46	129	6.4	52	9	7	196	-38	129	7.6	88	20	24	12	214	-15	129	8	100	22	29	14	220	-8	129	129
1343	Stachys angustifolia	6.1	40	15	5	5	180	-46	90	6.5	52	9	7	188	-38	222	8	88	20	24	12	212	-15	617	8.5	100	22	29	14	220	-8	749	749
1344	Stachys leucoglossa	4.1	17	15	9	9	190	-12	179	4.9	33	15	15	196	-2	220	7.6	83	23	34	21	214	26	342	8.5	100	26	41	23	220	36	383	383
1346	Staphylea pinnata	5.2	30	15	12	12	130	-46	9	5.7	44	17	9	148	-29	9	7.4	86	23	35	19	202	19	9	8	100	26	41.5	23	220	36	9	9
1347	Symphytum bulbosum	4.9	27	12	4	4	175	-46	17	5.3	41	11	10	202	-23	235	6.5	85	23	34	25	283	46	889	7	100	26	42	30	310	69	1107	1107
1348	Symphytum ottomanum	6.5	56	15	5	5	190	-46	7	6.9	64	7	6	196	-42	91	8.1	91	20	16	9	214	-31	342	8.5	100	22	19	10	220	-28	426	426
1349	Symphytum tuberosum angustifolium	5.1	29	15	4	4	125	-27	5	5.5	43	10	14	144	-7	75	7	85	23	31	26	201	49	286	7.5	100	26	38	30	220	69	356	356
1350	Saxifraga rosacea sponhemica	4.7	25	15	4	4	145	1	496	5.1	40	6	17	149	9	509	6.5	85	20	12	22	161	33	550	7	100	22	15	24	165	41	563	563
1351	Syringa vulgaris	6.4	52	15	4	4	145	-27	115	6.7	61	6	12	168	-14	115	7.6	90	23	15	20	237	23	115	8	100	26	18	23	260	36	115	115
1352	Dioscorea communis	3.7	12	12	4	4	130	-46	2	4.5	29	11	10	172	-23	215	7.1	82	27	34	25	298	46	855	8	100	31	42	30	340	69	1068	1068
1353	Onosma arenaria	4.9	27	12	5	5	115	-46	461	5.5	41	10	7	130	-37	519	7.3	85	23	28	13	175	-12	694	8	100	26	34	15	190	-4	752	752
1354	Juglans regia	5.2	30	15	5	5	130	-46	105	5.7	44	11	8	156	-32	289	7.4	86	23	31	17	234	7	844	8	100	26	38	20	260	21	1029	1029
1355	Geranium molle	4.5	23	12	9	9	90	-27	331	5	38	15	14	105	-7	394	6.5	84	20	34	26	150	49	584	7	100	22	41	30	165	69	647	647
1356	Asplenium alternifolium	3.6	11	15	6	6	90	-17	308	3.8	14	12	14	105	-6	345	4.5	23	23	31	20	150	25	456	4.8	26	26	38	23	165	36	493	493
1357	Asplenium septentrionale	3.3	6	15	5	5	90	-22	3	3.7	11	8	14	105	-3	141	4.9	26	27	19	26	150	50	555	5.4	32	31	23	30	165	69	693	693
1358	Festuca duvalii	6.2	45	12	5	5	140	-46	423	6.5	56	8	7	150	-41	470	7.6	89	23	18	10	180	-27	610	8	100	26	22	11	190	-23	657	657
1359	Tilia argentea	4.2	18	15	5	5	140	-46	542	4.9	34	8	10	160	-23	631	7.2	83	23	19	25	220	46	900	8	100	26	23	30	240	69	989	989
1360	Trifolium diffusum	5.3	31	18	4	4	190	-27	65	5.6	44	7	10	196	-23	123	6.6	86	24	19	13	214	-11	297	7	100	26	23	14	220	-8	355	355
1361	Asplenium adulterinum	4.4	21	15	5	5	90	-17	99	4.9	36	8	15	116	0	178	6.4	84	23	18	26	194	51	414	7	100	26	22	30	220	69	493	493
1362	Valeriana saxatiles	6.2	45	18	4	4	65	11	89	6.6	56	6	22	80	33	173	8	89	24	14	36	125	99	427	8.5	100	26	17	41	140	122	511	511
1363	Euphrasia stricta	3.1	4	12	5	5	90	-46	270	4	23	8	8	110	-32	347	7	80	23	18	17	170	7	579	8	100	26	22	20	190	21	657	657
1364	Carex mucronata	6.4	52	20	4	4	65	11	150	6.8	61	6	22	80	33	222	8	90	24	14	36	125	99	439	8.5	100	26	17	41	140	122	511	511
1365	Crepis capillaris	4.5	23	12	9	9	140	-27	331	5	38	15	14	157	-7	458	6.5	84	20	34	26	208	49	842	7	100	22	41	30	225	69	969	969
1366	Valeriana officinalis	4.6	24	12	12	12	115	-46	20	5.1	39	21	10	136	-23	172	6.9	84	24	50	25	199	46	628	7.5	100	28	60	30	220	69	780	780
1367	Veratrum nigrum	5.3	31	15	6	6	165	-46	23	5.8	44	10	7	176	-38	134	7.4	86	23	22	12	209	-15	467	8	100	26	27	14	220	-8	578	578
1368	Verbascum chaixii austriacum	5.3	31	15	5	5	125	-46	65	5.8	44	8	9	144	-29	168	7.4	86	23	19	19	201	19	476	8	100	26	23	23	220	36	578	578
1369	Kernera saxatiles	6.4	52	18	4	4	40	1	114	6.8	61	6	21	60	25	194	8	90	24	14	36	120	97	432	8.5	100	26	17	41	140	122	511	511
1370	Potentilla caulescens	6	38	20	4	4	65	11	150	6.4	50	6	22	80	33	222	7.6	87	24	14	36	125	99	439	8	100	26	17	41	140	122	511	511
1371	Saxifraga paniculata	6	38	18	4	4	40	1	44	6.4	50	6	21	58	25	186	7.6	87	24	14	36	112	97	613	8	100	26	17	41	130	122	756	756
1372	Hieracium humile	5.2	30	18	4	4	65	11	243	5.6	44	6	22	80	33	296	7	86	24	14	36	125	99	457	7.5	100	26	17	41	140	122	511	511
1373	Arabidopsis petraea	6.2	45	16	4	4	115	11	400	6.5	56	6	20	120	22	417	7.6	89	24	12	27	135	57	466	8	100	26	15	30	140	69	482	482
1374	Draba aizoides	6.2	45	16	5	5	40	11	129	6.6	56	7	22	60	33	200	8	89	24	14	36	120	99	411	8.5	100	26	17	41	140	122	482	482
1375	Vicia glabrescens	3.7	12	15	5	5	190	-46	18	4.3	29	18	10	7	196	-38	75	6.3	82	27	26	12	214	-15	243	7	100	31	32	14	220	-8	299
1376	Carex brachystachys	6.2	45	20	4	4	90	11	337	6.6	56	6	20	95	22	359	8	89	24	14	27	110	57	423	8.5	100	26	17	30	115	69	444	444
1377	Festuca alpina	6.4	52	16	4	4	40	11	129	6.8	61	6	22	60	33	205	8	90	24	14	36	120	99	434	8.5	100	26	17	41	140	122	511	511
1378	Viola alba	4.8	26	16	4	4	180	-31	19	5.3	40	18	7	10	206	-22	145	6.9	85	24	16	16	284	3	524	7.5	100	26	19	18	310	12	650
1379	Androsace helvetica	6.4	52	16	4	4	40	11	154	6.7	61	6	22	60	33	225	7.6	90	24	14	36	120	99	439	8	100	26	17	41	140	122	511	511
1380	Cynodon dactylon	4.2	18	10	9	9	170	-31	31	4.9	34	16	13	202	-11	261	7.2	83	24	38	25	298	49	952	8	100	28	46	30	330	69	1182	1182
1381	Salix elaeagnos	4.8	26	10	4	4	115	-22	86	5.4	40	12	16	144	2	86	7.3	85	22	36	31	231	74	86	8	100	26	45	36	260	98	86	86
1382	Viola suavis	3.7	12	15	4	4	190	-46	38	4.3	29	18	6	7	196	-38	100	6.3	82	27	15	12	214	-15	285	7	100	31	18	14	220	-8	347
1383	Hieracium piloselloides	4.9	27	12	4	4	140	-46	105	5.5	41	8	9	156	-29	238	7.3	85	23	20	19	204	19	639	8	100	26	24	23	220	36	773	773
1384	Epilobium dodonaei	4.9	27	12	4	4	140	-22	80	5.6	41	6	13	156	-10	219	7.7	85	23	14	20	204	24	634	8.5	100	26	17	23	220	36	773	773
1386	Elytrigia intermedia	4.9	27	12	5	5	165	-46	7	5.4	41	13	8	178	-36	251	6.9	85	23	37	14	217	-7	984	7.5	100	26	46	16	230	2	1228	1228
1388	Ajuga laxmanni	5.3	31	18	4	4	190	-27	65	5.8	44	7	10	196	-23	123	7.4	86	24	19	13	214	-11	297	8	100	26	23	14	220	-8	355	355
1389	Poa angustifolia	4.5	23	12	4	4	115	-46	27	5.2	38	8	9	136	-29	173	7.3	84	27	22	19	199	19	611	8	100	31	27	23	220	36	757	757
1390	Vinca herbacea	5.3	31	18	5	5	190	-27	65	5.8	44	19	8	10	196	-23	123	7.4	86	24	19	13	214	-11	297	8	100	26	23	14	220	-8	355
1391	Odontarrhena muralis	5.3	31	15	5	5	190	-46	7	5.6	44	8	7	196	-38	76	6.6	86	23	19	12	214	-15	285	7	100	26	23	14	220	-8	355	355
1392	Convolvulus cantabrica	4.1	17	15	4	4	190	-27	65	4.7	33	7	12	196	-14	128	6.8	83	23	19	20	214	23	319	7.5	100	26	23	23	220	36	383	383
1393	Allium flavum	6.4	52	15	4	4	165	-46	22	6.7	61	7	8	176	-36	78	7.6	90	23	19	14	209	-7	248	8	100	26	23	16	220	2	305	305
1394	Salsola tragus	5.2	30	12	4	4	145	-27	402	5.7	44	6	11	154	-21	472	7.4	86	20	14	14	181	-3	683	8	100	22	17	16	190	2	754	754
1395	Artemisia alba	6.4	52	12	4	4	140	-46	22	6.7	61	6	9	156	-28	165	7.6	90	23	15	20	204	23	594	8	100	26	18	24	220	41	737	737
1396	Carex fritschii	4.4	21	15	5	5	140	-46	1	4.6	23	9	8	156	-36	81	5.3	32	25	23	14	204	-7	319	5.6	35	28	28	16	220	2	399	399
1397	Centaurea atropurpurea	6.1	40	15	5	5	125	-46	7	6.4	52	8	8	144	-32	173	7.6	88	22	20	17	201	7	673	8	100	24	24	20	220	21	839	839
1398	Orlaya grandiflora	6.2	45	12	5	5	180	-46	7	6.6	56	7	7	188	-38	172	8	89	20	16	12	212	-15	668	8.5	100	22	19	14	220	-8	833	833
1400	Melica flavescens	6.4	52	15	5	5	190	-46	7	6.7	61	7	7	196	-38	61	7.6	90	20	16	12	214	-15	225	8	100	22	19	14	220	-8	279	279
1401	Isatis praecox	6.5	56	15	5	5	190	-46	7	6.8	64	7	6	196	-42	61	7.7	91	20	16	9	214	-31	225	8	100	22	19	10	220	-28	279	279
1402	Hyacinthoides non-scripta	4.1	17	15	6	6	140	1	3	4.7	33	13	18	156	12	51	6.8	83	23	34	25	204	48	195	7.5	100	26	42	28	220	60	243	243
1403	Origanum vulgare	4.4	21	15	5	5	120	-46	9	5.1	36	9	10	140	-23	207	7.2	84	27	22	25	200	46	799	8	100	31	27	30	220	69	997	997
1404	Cyclamen purpurascens	5.1	29	15	4	4	90	-46	2	5.7	43	8	11	116	-18	58	7.8	85	23	20	29	194	65	224	8.5	100	26	24	35	220	93	279	279
1405	Rosa arvensis	4.5	23	15	5	5	115	-46	9	5.1	38	12	13	144	-12	9	6.9	84	23	34	34	231	88	9	7.5	100	26	42	41	260	122	9	9
1406	Helleborus niger	4.6	24	15	5	5	115	-17	5	5.2	39	8	15	130	0	54	7.3	84	23	17	26	175	51	199	8	100	26	21	30	190	69	248	248
1407	Daphne laureola	5.1	29	15	5	5	125	-31	30	5.6	43	8	13	156	-11	30	7.4	85	27	20	25	249	49	30	8	100	31	24	30	280	69	30	30
1408	Cardamine trifolia	4.6	24	15	8	8	115	-17	6	5	39	18	15	130	0	55	6.5	84	23	49	26	175	51	203	7	100	26	60	30	190	69	252	252
1409	Anemone trifolia	5.1	29	15	5	5	90	-17	5	5.4	43	8	17	116	10	46	6.6	85	23	20	35	194	94	168	7	100	26	24	41	220	122	209	209
1410	Cardamine pentaphyllos	5.2	30	15	8	8	115	11	11	5.5	44	14	20	123	20	47	6.6	86	23	34	26	147	50	156	7	100	26	41	28	155	60	192	192
1411	Omphalodes verna	5.1	29	15	5	5	120	-12	6	5.5	43	8	16	134	4	47	7	85	23	20	26	176	52	169	7.5	100	26	24	30	190	69	209	209
1412	Clinopodium grandiflorum	4.9	27	15	6	6	90	-17	6	5.3	41	10	15	116	-1	71	6.5	85	23	23	24	194	44	266	7	100	26	28	28	220	60	331	331
1413	Aremonia agrimonoides	4.2	18	15	6	6	90	-41	6	4.9	34	10	11	128	-19	131	7.2	83	23	23	25	242	47	507	8	100	26	28	30	280	69	632	632
1414	Hieracium transylvanicum	4.9	27	15	9	9	130	-7	67	5.3	41	13	16	135	6	105	6.5	85	23	27	25	150	46	216	7	100	26	32	28	155	60	253	253
1415	Thelypteris limbosperma	3	3	18	4	4	65	-12	8	3.4	8	7	18	94	14	118	4.6	23	28	16	35	181	95	448	5	28	31	19	41	210	122	557	557
1416	Rhododendron ponticum	6.1	40	15	5	5	115	-27	10	6.5	52	7	13	136	-9	10	8	88	23	16	24	199	42	10	8.5	100	26	19	28	220	60	10	10
1417	Homogyne sylvestris	5.1	29	15	5	5	115	-7	7	5.4	43	8	16	125	6	51	6.6	85	23	20	25	155	46	184	7	100	26	24	28	165	60	228	228
1418	Erythronium dens-canis	4	16	15	5	5	140	-12	9	4.4	21	8	16	156	4	63	5.7	39	23	17	26	204	52	225	6.2	45	26	21	30	220	69	279	279
1419	Luzula forsteri	3	3	15	5	5	165	-46	9	3.8	22	9	10	192	-23	134	6.2	80	27	23	25	273	46	507	7	100	31	28	30	300	69	632	632
1420	Homalothecium sericeum	4.4	21	12	5	5	90	-22	147	5	36	8	14	128	-3	219	6.8	84	23	18	26	242	50	435	7.5	100	26	22	30	280	69	507	507
1421	Asplenium ruta-muraria	6.2	45	18	4	4	65	-7	79	6.5	56	6	17	91	8	198	7.6	89	28	14	26	169	53	555	8	100	31	17	30	195	69	674	674
1422	Asplenium trichomanes	3.6	11	12	5	5	40	-22	4	4.4	28	8	17	74	6	142	7.1	82	27	18	35	176	93	555	8	100	31	22	41	210	122	693	693
1423	Cymbalaria muralis	6.2	45	18	4	4	140	-3	372	6.5	56	5	16	151	2	418	7.6	89	28	9	19	184	20	558	8	100	31	11	21	195	26	604	604
1424	Corispermum intermedium	6.1	40	12	4	4	145	-27	402	6.3	52	6	11	154	-21	441	7.2	88	20	14	14	181	-3	556	7.5	100	22	17	16	190	2	594	594
1425	Berteroa incana	5.8	36	12	9	9	130	-36	322	6	48	15	10	147	-26	412	6.7	87	18	33	16	198	2	684	7	100	20	39	18	215	12	774	774
1426	Odontitis luteus	5.5	34	12	5	5	140	-27	461	6.1	47	7	10	150	-23	492	7.9	86	20	15	13	180	-11	588	8.5	100	22	18	14	190	-8	620	620
1428	Bromus tectorum	5	28	12	4	4	140	-46	387	5.6	42	6	10	155	-24	498	7.4	85	20	15	23	200	38	829	8	100	22	18	28	215	60	940	940
1429	Silene conica	5.5	34	12	4	4	140	-27	461	5.8	47	6	11	150	-19	492	6.7	86	20	15	16	180	4	588	7	100	22	18	18	190	12	620	620
1430	Phleum arenarium	4.9	27	12	4	4	165	-27	427	5.4	41	6	11	170	-19	458	6.9	85	23	14	16	185	4	549	7.5	100	26	17	18	190	12	579	579
1431	Liparis loeselii	4.1	17	15	36	36	115	-22	230	4.9	33	40	14	130	-3	314	7.6	83	29	55	26	175	50	565	8.5	100	33	60	30	190	69	649	649
1432	Angelica archangelica	5	28	12	31	31	145	-46	396	5.6	42	36	7	160	-38	447	7.4	85	20	54	12	205	-15	603	8	100	22	60	14	220	-8	655	655
1433	Euphorbia palustris	6.3	49	12	5	5	165	-46	21	6.7	59	12	9	176	-31	165	8	89	23	34	18	209	11	595	8.5	100	26	42	21	220	26	738	738
1434	Xanthium orientale	6.4	52	12	5	5	140	-46	423	6.7	61	14	13	8	150	-36	473	7.6	90	20	37	14	180	-7	621	8	100	22	46	16	190	2	671
1435	Veronica longifolia	5	28	12	4	4	140	-46	364	5.5	42	14	14	8	156	-36	463	7	85	20	44	14	204	-7	762	7.5	100	22	55	16	220	2	861
1436	Oxybasis rubra	5.4	32	8	5	5	140	-46	423	5.9	45	13	8	150	-34	473	7.4	86	19	37	15	180	0	621	8	100	22	46	18	190	12	671	671
1437	Aquilegia vulgaris	4.8	26	15	4	4	115	-22	27	5.3	40	10	14	130	-3	93	6.9	85	23	31	26	175	50	291	7.5	100	26	38	30	190	69	356	356
1438	Osmunda regalis	3.1	4	18	32	32	140	-31	31	3.5	10	37	13	168	-11	76	5	28	30	54	25	252	49	210	5.5	34	33	60	30	280	69	255	255
1442	Tanacetum vulgare	5.8	36	8	5	5	125	-46	76	6.2	48	7	9	144	-28	228	7.5	87	20	15	20	201	23	685	8	100	24	18	24	220	41	837	837
1443	Solidago gigantea	6.1	40	8	5	5	125	-46	122	6.4	52	8	9	144	-28	265	7.6	88	20	18	20	201	23	694	8	100	24	22	24	220	41	836	836
1444	Digitaria ischaemum	3.9	15	15	5	5	140	-46	377	4.2	18	8	9	156	-31	447	5.1	30	27	17	18	204	11	658	5.5	34	31	20	21	220	26	729	729
1445	Setaria viridis	3.9	15	12	6	6	140	-46	117	4.7	32	9	10	164	-23	255	7.1	83	27	21	25	236	46	667	8	100	31	25	30	260	69	804	804
1447	Artemisia vulgaris	3.3	6	8	4	4	120	-46	19	4.2	24	15	10	148	-23	182	7	81	26	48	25	232	46	673	8	100	31	60	30	260	69	837	837
1448	Setaria pumila	4.9	27	15	4	4	140	-46	393	5	28	6	7	178	-38	460	5.3	32	23	15	12	292	-15	662	5.5	34	26	18	14	330	-8	729	729
1449	Centaurea cyanus	5	28	12	4	4	140	-46	379	5.6	42	7	9	151	-31	457	7.4	85	23	19	18	184	11	688	8	100	26	23	21	195	26	765	765
1450	Erodium cicutarium	4.9	27	12	6	6	140	-46	375	5.5	41	9	9	156	-31	529	7.3	85	23	21	18	204	11	993	8	100	26	25	21	220	26	1147	1147
1451	Tripleurospermum inodorum	5	28	12	5	5	140	-46	375	5.4	42	15	9	156	-29	461	6.6	85	23	45	19	204	19	718	7	100	26	55	23	220	36	804	804
1452	Fallopia convolvulus	3.9	15	12	6	6	115	-46	150	4.7	32	9	10	136	-23	281	7.1	83	27	21	25	199	46	673	8	100	31	25	30	220	69	804	804
1453	Viola arvensis	4.5	23	12	4	4	115	-46	364	5.2	38	14	10	10	136	-23	452	7.3	84	23	29	25	199	46	716	8	100	26	36	30	220	69	804
1454	Gnaphalium uliginosum	4.1	17	12	20	20	140	-46	421	4.7	33	27	10	156	-23	485	6.8	83	23	50	25	204	46	678	7.5	100	26	58	30	220	69	742	742
1455	Convolvulus arvensis	4	16	10	6	6	115	-46	17	4.7	32	13	10	148	-23	219	6.8	83	22	34	25	247	46	826	7.5	100	26	42	30	280	69	1029	1029
1456	Portulaca oleracea	5.5	34	10	5	5	115	-22	400	5.9	47	12	14	157	-3	619	7.1	86	19	34	26	283	50	1275	7.5	100	22	42	30	325	69	1494	1494
1457	Urtica urens	5.5	34	12	5	5	115	-7	387	6	47	8	17	130	8	444	7.5	86	20	20	26	175	53	613	8	100	22	24	30	190	69	669	669
1458	Spergula arvensis	3.3	6	12	4	4	90	-46	281	3.7	11	7	10	116	-23	386	5	28	27	16	25	194	46	702	5.5	34	31	20	30	220	69	807	807
1459	Raphanus raphanistrum	4.5	23	12	4	4	90	-46	281	5	38	8	9	134	-29	386	6.5	84	23	20	19	266	19	702	7	100	26	24	23	310	36	807	807
1460	Adonis flammea	6.4	52	12	4	4	140	-27	442	6.8	61	6	11	155	-21	513	8	90	16	15	14	200	-3	726	8.5	100	18	18	16	215	2	797	797
1461	Scleranthus annuus	3.1	4	12	4	4	90	-46	281	3.5	10	7	9	116	-29	386	5	28	27	16	19	194	19	702	5.5	34	31	20	23	220	36	807	807
1462	Arnoseris minima	3.9	15	15	5	5	140	-36	402	4.2	18	8	10	150	-23	457	5.1	30	27	17	18	180	13	621	5.5	34	31	20	21	190	26	676	676
1463	Tripleurospermum maritimum	4.9	27	12	5	5	140	-36	411	5.4	41	9	10	150	-23	478	6.9	85	23	21	18	180	13	679	7.5	100	26	25	21	190	26	747	747
1464	Persicaria tomentosa	4.9	27	12	6	6	140	-46	378	5.5	41	9	10	150	-23	449	7.3	85	23	21	25	180	46	661	8	100	26	25	30	190	69	732	732
1465	Allium vineale	4.2	18	12	5	5	190	-36	493	4.9	34	7	11	196	-21	550	7.2	83	18	15	20	214	21	719	8	100	20	18	23	220	36	775	775
1466	Sinapis arvensis	5	28	12	5	5	115	-31	378	5.6	42	9	12	136	-16	464	7.4	85	23	21	21	199	26	725	8	100	26	25	24	220	41	811	811
1467	Bidens tripartita	4.1	17	7	22	22	140	-36	180	4.8	33	28	12	150	-16	327	7.2	83	22	48	24	180	40	769	8	100	26	55	28	190	60	916	916
1468	Fumaria officinalis	5.2	30	8	5	5	140	-36	378	5.5	44	9	10	156	-23	464	6.6	86	16	21	18	204	13	725	7	100	18	25	21	220	26	811	811
1469	Sonchus asper	4.9	27	12	6	6	115	-36	363	5.4	41	14	12	158	-15	459	6.9	85	23	38	25	287	48	749	7.5	100	26	46	30	330	69	845	845
1470	Veronica agrestis	5	28	12	5	5	115	-22	367	5.5	42	14	8	14	130	-3	437	7	85	20	18	26	175	50	648	7.5	100	22	22	30	190	69	718
1471	Euphorbia helioscopia	5	27	12	6	6	125	-36	365	5.5	41	9	11	162	-21	461	7	85	23	21	20	273	21	749	7.5	100	26	25	23	310	36	845	845
1472	Sonchus oleraceus	5.5	34	8	5	5	115	-36	363	6	47	12	12	158	-15	454	7.5	86	19	34	25	287	48	729	8	100	22	42	30	330	69	821	821
1473	Lamium hybridum	5	28	12	8	8	140	-36	381	5.5	42	14	12	150	-15	420	7	85	23	34	25	180	48	535	7.5	100	26	41.2	30	190	69	573	573
1474	Glebionis segetum	4.9	27	15	4	4	115	-7	335	5.3	41	7	17	130	8	422	6.5	85	23	16	26	175	53	683	7	100	26	20	30	190	69	770	770
1475	Veronica persica	5	28	10	6	6	115	-36	365	5.5	42	13	13	12	148	-15	461	7	85	22	34	25	247	48	749	7.5	100	26	42	30	280	69	845
1476	Atriplex patula	6.1	40	12	4	4	145	-46	348	6.3	52	6	8	159	-36	418	7.2	88	20	14	14	201	-7	629	7.5	100	22	17	16	215	2	699	699
1477	Mercurialis annua	5.2	30	12	6	6	140	-22	365	5.6	44	9	13	174	-10	461	7	86	16	21	20	276	24	749	7.5	100	18	25	23	310	36	845	845
1478	Thlaspi arvense	5.2	30	12	5	5	140	-31	378	5.6	44	9	11	156	-19	464	7	86	16	21	18	204	14	725	7.5	100	18	25	21	220	26	811	811
1479	Lipandra polysperma	5	28	8	4	4	115	-46	363	5.6	42	12	10	130	-23	437	7.4	85	22	37	25	175	46	662	8	100	26	46	30	190	69	737	737
1480	Matricaria chamomilla	5	28	12	5	5	140	-46	376	5.4	42	8	9	150	-31	484	6.6	85	23	19	18	180	11	808	7.1	100	26	23	21	190	26	915	910
1481	Papaver rhoeas	5	28	12	5	5	115	-36	401	5.5	42	12	10	158	-23	481	7	85	23	34	18	287	13	721	7.5	100	26	42	21	330	26	801	801
1482	Sonchus arvensis	5	28	12	5	5	115	-31	367	5.5	42	8	13	130	-11	437	7	85	23	18	25	175	49	648	7.5	100	26	22	30	190	69	718	718
1483	Lamium amplexicaule	5	28	12	5	5	140	-36	378	5.5	42	9	10	150	-23	422	7	85	23	21	18	180	13	557	7.5	100	26	25	21	190	26	601	601
1484	Senecio vulgaris	4.5	23	12	6	6	140	-36	335	5.2	38	9	10	150	-23	422	7.3	84	20	21	18	180	13	683	8	100	22	25	21	190	26	770	770
1485	Lycopsis arvensis	5	28	12	6	6	140	-31	375	5.6	42	9	11	156	-19	461	7.4	85	23	21	18	204	14	718	8	100	26	25	21	220	26	804	804
1486	Geranium pusillum	4.8	26	10	4	4	120	-31	303	5.4	40	7	11	134	-19	356	7.3	85	16	17	18	176	14	517	8	100	18	21	21	190	26	571	571
1487	Anagallis arvensis	4.8	26	12	5	5	115	-36	63	5.4	40	12	11	158	-20	211	7.3	85	24	34	20	287	25	653	8	100	28	42	24	330	41	801	801
1488	Galinsoga parviflora	4.8	26	12	4	4	140	-36	375	5.2	40	10	11	156	-20	461	6.5	85	23	29	20	204	25	718	7	100	26	36	24	220	41	804	804
1489	Erysimum cheiranthoides	5	28	12	5	5	140	-36	381	5.5	42	8	12	150	-15	451	7	85	23	20	25	180	48	662	7.5	100	26	24	30	190	69	732	732
1491	Veronica polita	5.5	34	12	5	5	125	-36	387	6	47	13	7	11	144	-21	474	7.5	86	16	15	20	201	21	734	8	100	18	18	23	220	36	821
1492	Silene noctiflora	5	28	12	5	5	140	-36	387	5.6	42	7	10	150	-23	452	7.4	85	20	15	18	180	13	647	8	100	22	18	21	190	26	712	712
1493	Oxalis stricta	5	28	12	4	4	115	-36	363	5.4	42	10	12	130	-15	437	6.6	85	23	29	25	175	48	662	7.1	100	26	36	30	190	69	737	737
1494	Stachys arvensis	3.6	11	18	4	4	115	-12	335	3.9	14	6	14	120	-7	422	4.8	26	24	15	17	135	7	683	5.2	30	26	18	18	140	12	770	770
1495	Lathyrus aphaca	6.4	52	12	5	5	165	-12	572	6.7	61	7	14	175	-4	618	7.6	90	18	15	19	205	18	755	8	100	20	18	21	215	26	801	801
1496	Apera spica-venti	3.9	15	12	5	5	140	-46	379	4.5	32	9	9	155	-31	485	6.4	83	27	21	18	200	11	804	7.1	100	31	25	21	215	26	910	910
1497	Vicia angustifolia	4.9	27	12	7	7	140	-17	395	5.5	41	14	12	14	150	-6	467	7.3	85	23	30	20	180	25	682	8	100	26	36	23	190	36	754
1498	Vicia hirsuta	3.9	15	12	10	10	115	-36	364	4.7	32	15	15	11	135	-21	451	7.1	83	27	33	20	195	21	710	8	100	31	39	23	215	36	797
1499	Papaver dubium	4.9	27	12	8	8	115	-36	364	5.3	41	14	11	130	-21	428	6.5	85	23	32	20	175	21	618	7	100	26	39	23	190	36	681	681
1501	Veronica triphyllos	5	28	15	4	4	146	-46	393	5.6	42	17	7	7	155.8	-37	468	7.4	85	23	16	13	185.2	-12	691	8	100	26	20	15	195	-4	765
1502	Lupinus luteus	5	28	15	5	5	146	-46	393	5.3	33	9	7	155.8	-37	468	6.2	50	23	24	13	185.2	-12	691	6.5	56	26	29	15	195	-4	765	765
1503	Aphanes arvensis	4.9	27	12	5	5	115	-36	364	5.5	41	8	11	130	-21	441	7.3	85	23	19	20	175	21	670	8	100	26	23	23	190	36	747	747
1504	Papaver argemone	5	28	15	4	4	40	-46	153	5.4	42	7	13	71	-12	275	6.6	85	25	16	34	164	88	643	7	100	28	20	41	195	122	765	765
1505	Buglossoides arvensis	5	28	10	5	5	146	-46	393	5.6	42	13	9	172.8	-31	468	7.4	85	22	37	18	253.2	11	691	8	100	26	46	21	280	26	765	765
1506	Myosurus minimus	4.8	26	12	5	5	115	-36	327	5.2	40	13	12	136	-15	439	6.5	85	23	37	25	199	48	778	7	100	26	46	30	220	69	891	891
1507	Ranunculus arvensis	6.1	40	12	4	4	165	-46	437	6.4	52	5	7	170	-38	463	7.6	88	17	11	12	185	-15	541	8	100	19	13	14	190	-8	567	567
1508	Lythrum portula	3.1	4	8	42	42	40	-46	116	3.6	11	46	13	76	-12	244	5.4	34	28	61	34	184	88	626	6	42	33	66	41	220	122	753	753
1509	Illecebrum verticillatum	4.8	25	12	5	5	165	-46	460	4.9	27	12	7	170	-38	487	5.4	34	23	34	12	185	-15	566	5.6	37	26	42	14	190	-8	593	593
1510	Spergularia echinosperma	4.8	26	12	9	9	165	-46	460	4.9	27	15	7	170	-38	487	5.4	33	23	36	12	185	-15	566	5.6	35	26	43	14	190	-8	593	593
1511	Isolepis setacea	4.5	23	15	4	4	155	-46	430	4.9	29	14	7	162	-37	492	6.1	49	23	47	13	183	-11	679	6.5	56	26	58	15	190	-3	742	742
1512	Solanum nigrum	5	28	12	5	5	140	-36	363	5.5	42	9	10	150	-23	440	7	85	23	21	18	180	13	670	7.5	100	26	25	21	190	26	747	747
1513	Echinochloa crus-galli	5	28	10	4	4	140	-36	381	5.6	42	11	11	178	-20	452	7.4	85	22	34	20	292	25	666	8	100	26	42	24	330	41	737	737
1514	Amaranthus retroflexus	5	28	8	5	5	115	-36	387	5.5	42	12	12	158	-15	459	7	85	22	34	25	287	48	675	7.5	100	26	42	30	330	69	747	747
1515	Digitaria sanguinalis	4.7	25	10	5	5	145	-46	387	5.1	40	12	9	182	-29	450	6.5	85	19	34	19	293	19	637	7	100	22	42	23	330	36	699	699
1516	Rorippa islandica	4.1	17	12	9	9	140	-46	423	4.8	33	18	8	150	-36	473	7.2	83	20	45	14	180	-7	621	8	100	22	55	16	190	2	671	671
1517	Adonis aestivalis	6.4	52	12	4	4	140	-27	442	6.7	61	6	11	155	-21	513	7.6	90	16	15	14	200	-3	726	8	100	18	18	16	215	2	797	797
1518	Kickxia spuria	6.4	52	12	4	4	115	-3	385	6.6	61	6	16	130	5	454	7.2	90	16	15	22	175	32	661	7.5	100	18	18	24	190	41	730	730
1519	Neslia paniculata	5.6	34	12	5	5	115	-12	407	6	47	7	14	120	-7	430	7.5	86	16	15	17	135	7	499	8	100	18	18	18	140	12	522	522
1520	Sherardia arvensis	5.2	30	12	4	4	115	-12	385	5.6	44	6	15	130	-1	454	7	86	16	15	21	175	30	661	7.5	100	18	18	24	190	41	730	730
1521	Iberis amara	6.4	52	12	4	4	115	-3	401	6.7	61	6	16	125	2	449	7.6	90	16	15	19	155	20	596	8	100	18	18	21	165	26	644	644
1522	Delphinium consolida	6.4	52	12	4	4	140	-27	442	6.7	61	6	11	155	-21	513	7.6	90	16	15	14	200	-3	726	8	100	18	18	16	215	2	797	797
1523	Polygonum monspeliense	5	28	12	5	5	115	-36	383	5.6	42	9	12	136	-15	469	7.4	85	23	21	25	199	48	726	8	100	26	25	30	220	69	811	811
1524	Vicia segetalis	6.4	52	12	5	5	165	-12	572	6.7	61	13	7	14	175	-4	618	7.6	90	18	15	19	205	18	755	8	100	20	18	21	215	26	801
1525	Aethusa cynapium	6.4	52	12	4	4	115	-3	401	6.9	61	6	16	125	2	449	8.4	90	16	15	19	155	20	596	9	100	18	18	21	165	26	644	644
1526	Elytrigia arenosa	3.8	13	12	9	9	130	-46	31	4.6	30	15	8	147	-34	179	7.1	82	18	33	15	198	0	625	8	100	20	39	18	215	12	774	774
1527	Senecio vernalis	5.2	30	12	5	5	145	-46	387	5.6	44	9	8	159	-36	450	7	86	20	21	14	201	-7	637	7.5	100	22	26	16	215	2	699	699
1528	Crepis tectorum	3.8	13	12	5	5	145	-46	387	4.6	30	8	8	159	-36	450	7.1	82	20	18	14	201	-7	637	8	100	22	22	16	215	2	699	699
1529	Melilotus albus	5.8	36	12	4	4	115	-36	143	6.1	48	6	11	135	-21	269	7.1	87	23	14	20	195	21	648	7.5	100	26	17	23	215	36	774	774
1530	Erigeron canadensis	4.2	18	10	4	4	145	-46	387	4.9	34	11	9	182	-29	497	7.2	83	19	34	19	293	19	824	8	100	22	42	23	330	36	933	933
1531	Hippophae rhamnoides	4	16	12	4	4	115	-22	34	4.8	32	11	14	136	-3	34	7.2	83	24	34	26	199	50	34	8	100	28	42	30	220	69	34	34
1532	Salix arenaria	3.3	6	18	6	6	140	-3	404	3.7	11	10	16	150	4	404	5	28	26	23	21	180	28	404	5.5	34	28	28	23	190	36	404	404
1533	Armeria halleri	4.9	27	18	4	4	115	-36	359	5.3	41	6	10	130	-26	394	6.5	85	24	14	16	175	2	500	7	100	26	17	18	190	12	535	535
1534	Minuartia verna	4.8	26	17	4	4	80	-36	263	5.4	40	7	10	102	-25	324	7.3	85	24	16	16	168	6	507	8	100	26	19	19	190	17	569	569
1535	Epilobium lanceolatum	3.8	13	15	5	5	65	-22	99	4.4	30	8	17	85	6	218	6.3	82	23	19	35	145	93	574	7	100	26	23	41	165	122	693	693
1536	Galeopsis segetum	3.6	11	16	5	5	65	11	235	3.9	15	8	22	75	33	264	5	27	24	19	36	105	99	350	5.4	32	26	23	41	115	122	379	379
1537	Cetraria cucullata	3.8	12	18	5	5	40	20	6	4.4	29	9	24	50	40	54	6.3	82	26	21	36	80	101	198	7	100	29	25	41	90	122	246	246
1538	Thamnolia vermicularis	3.5	10	18	4	4	40	20	6	3.8	14	7	24	50	40	28	5	27	24	16	36	80	101	95	5.4	32	26	20	41	90	122	117	117
1539	Linum leonii	6.4	52	12	8	8	115	-7	414	6.5	61	12	17	120	8	457	6.8	90	23	27	26	135	53	589	7	100	26	32	30	140	69	632	632
1540	Festuca salina	5.2	30	12	6	6	140	-22	381	5.7	44	13	12	150	-15	447	7.2	86	23	37	16	180	5	644	7.8	100	26	45	18	190	12	710	710
1541	Artemisia maritima	3.3	6	12	5	5	140	-17	387	4.2	24	9	13	150	-11	452	7	81	20	21	16	180	6	645	8	100	22	26	18	190	12	710	710
1542	Halimione portulacoides	3.8	13	12	4	4	140	-17	387	4.6	30	13	15	180	-2	509	7.1	82	21	42	24	300	40	875	8	100	24	52	27	340	55	998	998
1543	Limonium vulgare	5.2	30	12	6	6	140	-17	387	5.5	44	10	13	150	-11	448	6.6	86	20	22	16	180	6	630	7	100	22	26	18	190	12	691	691
1544	Schoenus nigricans	4.6	21	16	38	38	115	-22	28	5.3	36	43	14	160	-3	195	7.7	84	29	60	26	295	50	696	8.5	100	33	66	30	340	69	863	863
1545	Carex hostiana	4.9	27	16	39	39	140	-7	388	5.2	36	43	16	145	2	440	6.4	65	29	55	22	160	31	596	6.8	75	33	60	24	165	41	649	649
1546	Carex davalliana	6.3	49	16	37	37	115	-22	388	6.6	59	41	13	125	-9	443	7.6	89	29	55	21	155	28	610	8	100	33	60	24	165	41	665	665
1547	Silene exscapa	3.3	6	18	7	7	40	20	129	3.5	9	10	24	50	40	162	4.3	20	24	22	36	80	101	261	4.6	24	26	26	41	90	122	294	294
1548	Saxifraga oppositifolia	6	38	18	5	5	40	-27	129	6.4	50	7	16	50	2	162	7.6	87	24	14	34	80	92	261	8	100	26	17	41	90	122	294	294
1549	Minuartia sedoides	4.2	18	18	4	4	40	1	129	4.7	34	6	21	59	25	200	6.4	83	28	14	36	116	97	413	7	100	31	17	41	135	122	484	484
1552	Draba hoppeana	5.2	30	18	5	5	40	20	129	5.6	44	7	24	50	40	162	7	86	24	14	36	80	101	261	7.5	100	26	17	41	90	122	294	294
1553	Draba dubia	6.4	52	18	5	5	40	20	129	6.7	61	7	24	50	40	162	7.6	90	24	14	36	80	101	261	8	100	26	17	41	90	122	294	294
1554	Draba fladnizensis	4.8	26	18	5	5	40	20	129	5.2	40	7	24	50	40	162	6.5	85	24	14	36	80	101	261	7	100	26	17	41	90	122	294	294
1555	Trisetum spicatum	6.4	52	18	4	4	40	20	129	6.6	61	6	24	50	40	162	7.2	90	24	14	36	80	101	261	7.5	100	26	17	41	90	122	294	294
1556	Braya alpina	6.4	52	18	5	5	40	20	129	6.6	61	9	24	50	40	162	7.2	90	24	21	36	80	101	261	7.5	100	26	26	41	90	122	294	294
1557	Artemisia genipi	6.4	52	18	4	4	40	20	129	6.7	61	6	24	50	40	162	7.6	90	24	14	36	80	101	261	8	100	26	17	41	90	122	294	294
1558	Erigeron uniflorus	4.7	25	18	4	4	40	20	129	5.3	40	6	24	50	40	200	7.3	85	24	14	36	80	101	413	8	100	26	17	41	90	122	484	484
1559	Comastoma nanum	6.4	52	18	5	5	40	20	129	6.6	61	7	24	50	40	162	7.2	90	24	14	36	80	101	261	7.5	100	26	17	41	90	122	294	294
1560	Minuartia gerardii	5.2	30	18	4	4	40	20	129	5.6	44	6	24	50	40	200	7	86	24	14	36	80	101	413	7.5	100	26	17	41	90	122	484	484
1561	Pyrola rotundifolia	3.3	6	15	5	5	140	-12	115	4	24	12	16	150	4	163	6.2	81	25	34	26	180	52	308	7	100	28	42	30	190	69	356	356
1562	Carex dioica	6.3	49	16	39	39	140	-7	388	6.4	59	44	16	145	2	440	6.8	89	29	60	22	160	31	596	7	100	33	66	24	165	41	649	649
1563	Epipactis palustris	5.2	30	16	36	36	120	-22	26	5.7	44	40	14	142	-3	151	7.4	86	29	55	26	208	50	524	8	100	33	60	30	230	69	649	649
1570	Cryptogramma crispa	3.6	11	18	5	5	65	-17	213	3.9	15	7	15	78	0	284	5	27	28	14	26	117	51	499	5.4	32	31	17	30	130	69	570	570
1573	Oxyria digyna	3.6	11	20	4	4	40	20	152	4	15	6	24	50	40	197	5.2	30	24	14	36	80	101	330	5.6	35	26	17	41	90	122	375	375
1574	Geum reptans	3.3	6	20	8	8	40	20	152	3.6	10	14	24	50	40	179	4.5	22	24	32	36	80	101	258	4.8	26	26	39	41	90	122	285	285
1575	Saxifraga aphylla	4.9	27	20	5	5	40	11	125	5.6	41	7	22	55	33	176	7.7	85	24	14	36	100	99	327	8.5	100	26	17	41	115	122	377	377
1576	Arabis alpina	4.2	18	18	4	4	40	-12	152	4.8	34	8	18	57	14	251	6.8	83	28	23	35	108	95	548	7.5	100	31	28	41	125	122	646	646
1577	Sedum alpestre	3.8	13	20	4	4	40	-12	152	4.4	30	8	18	55	14	211	6.3	82	24	21	35	100	95	388	7	100	26	26	41	115	122	447	447
1578	Ranunculus gracilis	4	16	15	40	40	65	-46	190	4.3	19	45	13	96	-12	315	5.2	31	29	60	34	189	88	689	5.6	35	33	66	41	220	122	814	814
1579	Saxifraga aizoides	6.1	40	18	8	8	40	11	144	6.4	52	18	22	55	33	220	7.6	88	30	49	36	100	99	446	8	100	33	60	41	115	122	521	521
1580	Leontodon hyoseroides	5.2	30	18	5	5	40	11	144	5.5	44	7	22	55	33	203	6.6	86	24	14	36	100	99	379	7	100	26	17	41	115	122	438	438
1581	Gypsophila repens	6.4	52	20	4	4	40	11	153	6.8	61	6	22	55	33	197	8	90	24	14	36	100	99	330	8.5	100	26	17	41	115	122	374	374
1582	Trisetum distichophyllum	6.4	52	18	4	4	40	11	153	6.8	61	6	22	55	33	197	8	90	24	14	36	100	99	330	8.5	100	26	17	41	115	122	374	374
1583	Rumex scutatus	4.8	25	15	12	12	40	-17	144	5.3	40	17	17	60	10	243	6.9	85	23	35	35	120	94	541	7.5	100	26	41	41	140	122	640	640
1584	Hieracium staticifolium	6.4	52	18	5	5	40	11	144	6.7	61	7	22	55	33	191	7.6	90	24	14	36	100	99	330	8	100	26	17	41	115	122	377	377
1585	Thlaspi rotundifolium	6.4	52	18	4	4	40	11	125	6.8	61	6	22	55	33	176	8	90	26	14	36	100	99	327	8.5	100	28	17	41	115	122	377	377
1586	Crepis terglouensis	6.4	52	20	5	5	40	11	125	6.8	61	7	22	55	33	175	8	90	24	14	36	100	99	324	8.5	100	26	17	41	115	122	374	374
1587	Festuca rupicaprina	6.4	52	20	5	5	40	11	125	6.7	61	7	22	55	33	188	7.6	90	24	14	36	100	99	378	8	100	26	17	41	115	122	441	441
1588	Poa minor	6.4	52	20	5	5	40	-27	125	6.7	61	7	16	58	2	208	7.6	90	24	14	34	112	92	454	8	100	26	17	41	130	122	537	537
1589	Moehringia ciliata	5.2	30	18	6	6	40	11	125	5.6	44	12	22	55	33	222	7	86	26	30	36	100	99	511	7.5	100	28	36	41	115	122	607	607
1590	Cerastium uniflorum	6.4	52	18	5	5	40	11	125	6.7	61	7	22	55	33	175	7.6	90	24	14	36	100	99	324	8	100	26	17	41	115	122	374	374
1591	Sesleria ovata	6	38	20	5	5	40	11	125	6.4	50	7	22	55	33	175	7.6	87	24	14	36	100	99	324	8	100	26	17	41	115	122	374	374
1592	Scorzoneroides montana	6.1	40	18	8	8	40	11	144	6.5	52	13	22	55	33	203	8	88	26	30	36	100	99	380	8.5	100	28	36	41	115	122	439	439
1593	Heliosperma alpestre	6.2	45	20	5	5	40	11	144	6.7	56	7	22	55	33	237	8.4	89	24	14	36	100	99	515	9	100	26	17	41	115	122	607	607
1594	Cystopteris montana	6.2	45	15	5	5	40	11	7	6.6	56	7	22	60	33	93	8	89	23	16	36	120	99	352	8.5	100	26	19	41	140	122	438	438
1595	Cystopteris alpina	6.2	45	18	5	5	40	11	153	6.5	56	7	22	55	33	213	7.6	89	24	14	36	100	99	394	8	100	26	17	41	115	122	455	455
1596	Cystopteris fragilis	4.7	25	12	5	5	40	-17	4	5.3	40	7	17	67	10	138	7.3	85	23	14	35	148	94	540	8	100	26	17	41	175	122	674	674
1598	Leucanthemum halleri	6.1	40	18	8	8	40	11	144	6.6	52	13	22	55	33	203	8.4	88	26	30	36	100	99	380	9	100	28	36	41	115	122	439	439
1599	Achillea atrata	6.1	40	18	8	8	40	11	144	6.4	52	13	22	55	33	237	7.6	88	26	30	36	100	99	515	8	100	28	36	41	115	122	607	607
1600	Petasites paradoxus	6.4	52	18	5	5	40	11	144	6.7	61	7	22	55	33	191	7.6	90	24	14	36	100	99	330	8	100	26	17	41	115	122	377	377
1601	Hornungia alpina	6.2	45	18	4	4	40	11	153	6.6	56	6	22	55	33	153	8	89	26	14	36	100	99	153	8.5	100	28	17	41	115	122	153	153
1602	Athamanta cretensis	6.2	45	18	4	4	40	11	153	6.7	56	6	22	55	33	210	8.4	89	24	14	36	100	99	381	9	100	26	17	41	115	122	438	438
1603	Dryopteris villarii	6.2	45	18	5	5	65	11	243	6.6	56	7	22	75	33	282	8	89	24	14	36	105	99	399	8.5	100	26	17	41	115	122	438	438
1604	Doronicum grandiflorum	6.2	45	18	5	5	65	11	243	6.7	56	7	22	75	33	282	8.4	89	24	14	36	105	99	399	9	100	26	17	41	115	122	438	438
1605	Galeopsis angustifolia	5.9	37	12	5	5	125	-22	394	6.3	49	7	13	156	-10	457	7.5	87	20	13	20	249	24	644	8	100	22	15	23	280	36	706	706
1606	Scrophularia canina	4.9	27	12	4	4	140	-22	117	5.5	41	6	14	156	-3	248	7.3	85	23	14	26	204	50	642	8	100	26	17	30	220	69	773	773
1628	Thesium rostratum	6.4	52	20	8	8	115	-17	69	6.8	61	14	16	125	6	121	8	90	24	32	31	155	75	277	8.5	100	26	38	36	165	98	329	329
1629	Carex umbrosa	3	3	15	10	10	115	12	13	3.7	17	16	22	136	34	37	6	60	27	35	36	199	100	109	6.8	75	31	42	41	220	122	133	133
1630	Seseli hippomarathrum	3.3	6	12	5	5	140	-27	428	4.3	24	7	10	150	-23	473	7.4	81	23	16	13	180	-11	607	8.5	100	26	19	14	190	-8	652	652
1631	Stellaria graminea	3.2	5	12	4	4	90	-46	13	3.6	10	11	10	116	-23	160	4.9	26	27	35	25	194	46	600	5.4	32	31	43.5	30	220	69	747	747
1632	Draba tomentosa	6.4	52	16	5	5	40	11	154	6.8	61	11	22	60	33	225	8	90	24	32	36	120	99	439	8.5	100	26	39	41	140	122	511	511
1633	Alyssum gmelinii	4.9	27	12	5	5	115	-46	327	5.4	41	10	7	130	-37	412	6.9	85	23	28	13	175	-12	667	7.5	100	26	34	15	190	-4	752	752
1634	Frullania dilatata	4.4	21	15	6	6	90	-17	154	4.8	31	12	14	105	-6	202	6.3	64	23	31	20	150	25	346	6.8	75	26	38	23	165	36	394	394
1635	Tortula muralis	4.9	27	12	4	4	115	-22	21	5.5	41	7	13	130	-10	119	7.3	85	27	16	20	175	24	415	8	100	31	19	23	190	36	513	513
1636	Hieracium laevigatum	3	3	15	4	4	115	-27	2	3.5	9	14	12	136	-14	100	5.1	29	29	44	20	199	23	394	5.7	36	33	55	23	220	36	492	492
1637	Biscutella laevigata	4.4	21	15	5	5	40	-12	43	5	36	11	18	74	14	149	6.8	84	23	31	35	176	95	464	7.4	100	26	38	41	210	122	569	569
1638	Cladonia chlorophaea	3	3	18	4	4	100	-31	13	3.8	22	15	13	118	-11	96	6.2	80	51	48	25	172	49	346	7	100	60	60	30	190	69	429	429
1639	Cladonia subrangiformis	4.8	26	15	4	4	115	-31	22	5.4	40	7	13	136	-11	118	7.3	85	27	18	25	199	49	404	8	100	31	22	30	220	69	500	500
1640	Hieracium aurantiacum	3.1	4	18	4	4	65	-17	217	3.5	9	11	17	85	10	276	4.9	26	28	33	35	145	94	454	5.4	32	31	41	41	165	122	513	513
1641	Hieracium fuscum	3.1	4	22	4	4	90	11	343	3.4	8	9	22	97	33	355	4.6	23	29	26	36	118	99	392	5	28	31	32	41	125	122	404	404
1642	Hieracium hoppeanum	3.1	4	22	4	4	90	11	343	3.7	11	9	22	97	33	355	5.5	34	29	26	36	118	99	392	6.1	42	31	32	41	125	122	404	404
1643	Hieracium glaciale	3.1	4	22	4	4	90	11	343	3.4	8	9	22	97	33	355	4.4	21	29	26	36	118	99	392	4.8	26	31	32	41	125	122	404	404
1644	Veronica bellidioides	3.1	4	22	4	4	90	11	155	3.7	11	23	9	22	97	33	205	5.5	34	29	26	36	118	99	354	6.1	42	31	32	41	125	122	404
1645	Antennaria carpatica	4	16	22	4	4	90	11	343	4.4	21	9	22	97	33	355	5.6	36	29	26	36	118	99	392	6.1	42	31	32	41	125	122	404	404
1646	Stellaria crassifolia	4.1	17	15	11	11	120	-7	329	4.3	19	20	16	125	2	363	5	28	29	50	22	140	31	465	5.3	31	33	60	24	145	41	499	499
1647	Eriophorum gracile	4.1	17	15	50	50	120	-7	80	4.3	19	53	16	129	2	185	5	28	29	62	22	156	31	498	5.3	31	33	66	24	165	41	603	603
1648	Cicuta virosa	4.1	17	12	40	40	120	-46	273	4.6	33	45	9	138	-28	372	6.4	83	28	60	20	192	23	669	7	100	33	66	24	210	41	768	768
1649	Ptychostomum pseudotriquetrum	4.1	17	15	58	58	120	-7	16	4.7	33	59	16	125	2	70	6.8	83	29	64	22	140	31	231	7.5	100	33	66	24	145	41	284	284
1650	Climacium dendroides	3.8	13	15	45	45	120	-7	0	4.4	30	48	16	134	2	20	6.3	82	29	57	22	176	31	80	7	100	33	60	24	190	41	99	99
1651	Pedicularis foliosa	6	38	12	8	8	90	-17	339	6.4	50	14	17	101	10	376	7.6	87	23	32	35	134	94	486	8	100	26	38	41	145	122	523	523
1652	Crepis pontana	6.4	52	12	8	8	90	-17	339	6.7	61	14	17	101	10	376	7.6	90	23	32	35	134	94	486	8	100	26	38	41	145	122	523	523
1653	Saxifraga caesia	6.4	52	20	7	7	65	68	242	6.8	61	13	32	77	78	285	8	90	24	32	38	113	111	414	8.5	100	26	39	41	125	122	457	457
1654	Chamorchis alpina	6.4	52	20	7	7	65	68	242	6.8	61	13	32	77	78	285	8	90	24	32	38	113	111	414	8.5	100	26	39	41	125	122	457	457
1655	Senecio doronicum	6.4	52	20	4	4	65	11	340	6.7	61	9	22	80	33	374	7.6	90	24	26	36	125	99	476	8	100	26	32	41	140	122	510	510
1656	Horminum pyrenaicum	6.4	52	20	4	4	65	11	340	6.8	61	9	22	80	33	374	8	90	24	26	36	125	99	476	8.5	100	26	32	41	140	122	510	510
1657	Gymnadenia nigra	4.8	26	18	4	4	40	-3	153	5.3	40	9	20	60	22	224	6.9	85	24	26	35	120	97	438	7.5	100	26	32	41	140	122	510	510
1658	Cirsium tuberosum	5.6	35	20	5	5	135	-12	446	6	48	15	14	141	-7	479	7.5	87	24	47	17	159	7	578	8	100	26	58	18	165	12	610	610
1660	Cardamine hirsuta	4.7	25	18	4	4	40	-12	20	5.1	40	6	18	70	14	104	6.5	85	28	14	35	160	95	355	7	100	31	17	41	190	122	438	438
1661	Marchantia polymorpha	5.2	28	12	8	8	40	-17	1481	5.6	42	12	17	76	10	1541	7	85	23	27	35	184	94	1723	7.5	100	26	32	41	220	122	1784	513
1662	Neckera crispa	6.2	45	20	8	8	40	11	61	6.4	56	12	22	55	33	119	7.2	89	24	27	36	100	99	293	7.5	100	26	32	41	115	122	350	350
1663	Saxifraga stellaris	4.7	25	18	26	26	65	-12	238	5.1	40	32	18	81	14	344	6.5	85	26	51	35	129	95	662	7	100	28	58	41	145	122	768	768
1664	Populus alba	4.9	27	12	5	5	140	-46	377	5.5	41	12	10	164	-23	575	7.3	85	24	34	25	236	46	1170	8	100	28	42	30	260	69	1368	1368
1665	Carex pauciflora	3.1	4	26	27	27	115	-36	232	3.3	6	34	11	130	-21	352	3.9	14	53	58	20	175	21	714	4.1	17	60	66	23	190	36	835	835
1666	Sphagnum tenellum	3.1	4	26	40	40	115	-36	13	3.3	6	45	11	136	-21	174	3.9	14	53	60	20	199	21	658	4.1	17	60	66	23	220	36	819	819
1667	Gymnocolea inflata	3.1	4	26	58	58	115	-36	150	3.3	6	59	11	130	-21	234	3.9	14	53	64	20	175	21	486	4.1	17	60	66	23	190	36	570	570
1668	Sphagnum angustifolium	3	3	22	40	40	100	-7	13	3.3	7	45	17	113	8	139	4.4	21	52	60	26	152	53	519	4.8	26	60	66	30	165	69	645	645
1669	Sphagnum cuspidatum	3.1	4	22	40	40	45	-36	44	3.4	8	45	15	74	0	191	4.3	20	52	60	37	161	105	631	4.7	25	60	66	45	190	141	778	778
1670	Riccia ciliifera	5.9	37	15	7	7	140	-31	22	6	40	11	11	145	-19	45	6.3	52	23	23	18	160	14	112	6.5	56	26	28	21	165	26	134	134
1671	Stipa stenophylla	5.7	35	15	5	5	165	-27	434	5.9	48	7	11	176	-21	486	6.7	87	23	16	14	209	-3	642	7	100	26	19	16	220	2	694	694
1672	Neotinea ustulata	4.2	18	12	5	5	115	-22	414	4.9	34	7	14	130	-3	495	7.2	83	23	15	26	175	50	739	8	100	26	18	30	190	69	820	820
1673	Saxifraga androsacea	6	38	18	8	8	40	20	153	6.4	50	12	24	50	40	214	7.6	87	24	27	36	80	101	394	8	100	26	32	41	90	122	455	455
1674	Galium noricum	5.2	30	18	6	6	40	11	144	5.6	44	11	22	55	33	203	7	86	26	26	36	100	99	380	7.5	100	28	32	41	115	122	439	439
1675	Rubus saxatilis	3.3	6	12	4	4	70	-36	15	4.2	24	7	11	90	-18	15	7	81	27	19	22	150	32	15	8	100	31	23	26	170	50	15	15
1676	Lasallia pustulata	3	3	22	5	5	115	-27	145	3.5	9	8	11	136	-19	208	5	27	29	20	16	199	4	397	5.5	34	31	24	18	220	12	460	460
1677	Cladonia coccifera	3	3	22	5	5	115	-27	145	3.5	9	8	11	136	-19	208	5	27	29	20	16	199	4	397	5.5	34	31	24	18	220	12	460	460
1678	Oenanthe lachenalii	5.7	35	15	12	12	175	-27	601	6.1	48	18	11	184	-19	625	7.5	87	23	39	16	211	4	696	8	100	26	46	18	220	12	720	720
1679	Anacamptis pyramidalis	6.4	52	12	4	4	140	-22	419	6.8	61	6	14	150	-3	499	8	90	18	15	26	180	50	740	8.5	100	20	18	30	190	69	820	820
1680	Tragopogon pratensis orientalis	6.4	52	12	4	4	165	-22	448	6.7	61	6	12	170	-17	523	7.6	90	18	15	15	185	-2	746	8	100	20	18	16	190	2	820	820
1681	Campylium stellatum	4.1	17	15	36	36	65	-22	16	4.7	33	42	14	90	-3	126	6.8	83	29	60	26	165	50	456	7.5	100	33	66	30	190	69	565	565
1683	Sphagnum contortum	4.1	17	15	42	42	115	-7	16	4.2	19	46	17	125	8	43	4.8	25	29	61	26	155	53	122	5	28	33	66	30	165	69	148	148
1684	Orchis mascula	6.2	45	15	8	8	120	-17	37	6.5	56	14	15	129	0	156	7.6	89	23	32	26	156	51	513	8	100	26	38	30	165	69	632	632
1686	Toninia coeruleonigricans	6.4	52	12	4	4	120	-22	136	6.8	61	6	13	135	-10	218	8	90	23	15	20	180	24	466	8.5	100	26	18	23	195	36	549	549
1687	Ribes nigrum	3.7	12	20	36	36	125	-46	52	4.2	20	40	10	138	-23	52	5.8	44	29	53	25	177	46	52	6.4	52	32	58	30	190	69	52	52
1688	Fulgensia fulgens	6.4	52	12	4	4	140	-22	136	6.7	61	6	13	151	-10	218	7.6	90	23	15	20	184	24	466	8	100	26	18	23	195	36	549	549
1689	Salix starkeana	3.2	5	18	4	4	90	1	328	3.5	9	6	18	105	14	328	4.6	23	28	15	27	150	55	328	5	28	31	18	30	165	69	328	328
1690	Ranunculus carinthiacus	3.2	5	18	4	4	90	1	328	3.5	9	6	18	105	14	366	4.6	23	28	15	27	150	55	482	5	28	31	18	30	165	69	520	520
1691	Muscari botryoides	3.2	5	18	4	4	90	1	328	3.5	9	6	18	105	14	366	4.6	23	28	15	27	150	55	482	5	28	31	18	30	165	69	520	520
1692	Alchemilla glaucescens	3.2	5	18	4	4	90	-7	270	3.5	9	7	17	105	8	320	4.6	23	28	18	26	150	53	470	5	28	31	22	30	165	69	520	520
1693	Gentianella campestris	3.2	5	18	4	4	90	1	328	3.5	9	6	18	105	14	366	4.6	23	28	15	27	150	55	482	5	28	31	18	30	165	69	520	520
1694	Sempervivum x barbulatum	3.5	10	15	5	5	65	-22	163	3.8	14	8	17	85	6	250	5	27	27	19	35	145	93	510	5.4	32	31	23	41	165	122	597	597
1695	Blasia pusilla	5.2	30	15	9	9	115	11	4	5.5	44	15	20	125	20	19	6.6	86	23	34	26	155	50	63	7	100	26	41.4	28	165	60	78	78
1696	Conocephalum conicum	6.4	52	15	8	8	115	30	0	6.6	61	12	23	120	36	2	7.2	90	23	27	26	135	54	10	7.5	100	26	32	28	140	60	12	12
1697	Asperula taurina	5.2	30	15	5	5	115	-12	9	5.7	44	8	16	130	4	39	7.4	86	23	18	26	175	52	128	8	100	26	22	30	190	69	157	157
1700	Corydalis pumila	4.5	23	15	8	8	125	-27	19	5.1	38	14	13	144	-9	55	6.9	84	27	34	24	201	42	164	7.5	100	31	41	28	220	60	200	200
1701	Antennaria dioica	3.5	10	21	5	5	90	-22	163	3.8	14	8	14	105	-3	242	5	27	29	17	26	150	50	481	5.4	32	31	20	30	165	69	560	560
1702	Daphne striata	6.2	45	18	4	4	40	11	22	6.5	56	6	21	58	28	22	7.6	89	24	14	32	112	80	22	8	100	26	17	36	130	98	22	22
1703	Pinus uncinata	3.8	13	18	5	5	80	-17	305	4.4	30	9	17	93	10	369	6.3	82	28	21	35	132	94	559	7	100	31	25	41	145	122	622	622
1704	Juniperus sabina	6.2	45	15	5	5	90	-36	70	6.4	56	7	11	107	-21	70	7.2	89	23	16	20	158	21	70	7.5	100	26	19	23	175	36	70	70
1705	Clinopodium alpinum	6.4	52	18	4	4	40	-17	14	6.9	61	6	16	55	6	162	8.4	90	24	14	31	100	75	607	9	100	26	17	36	115	98	756	756
1706	Gentiana bavarica	6.4	52	20	6	6	40	25	140	6.7	61	10	25	45	44	161	7.6	90	24	23	37	60	102	224	8	100	26	28	41	65	122	244	244
1707	Polygala amarella	4.2	18	16	42	42	90	-36	0	5	34	45	10	110	-26	0	7.6	83	29	56	16	170	2	0	8.5	100	33	60	18	190	12	0	660
1708	Anthriscus nitidus	4.9	27	8	12	12	90	-22	4	5.5	41	18	14	116	-3	73	7.3	85	22	39	26	194	50	281	8	100	26	46	30	220	69	351	351
1709	Campanula latifolia	4.7	25	10	4	4	110	-36	3	5.3	40	7	13	132	-9	21	7.3	85	26	16	30	198	71	74	8	100	31	19	36	220	98	92	92
1710	Hesperis matronalis	5	28	15	4	4	120	-17	4	5.5	42	7	16	129	6	14	7	85	23	16	31	156	75	44	7.5	100	26	19	36	165	98	55	55
1711	Asplenium scolopendrium	4.6	24	12	5	5	40	-22	4	5.2	39	8	16	65	2	91	7.3	84	23	19	31	140	74	351	8	100	26	23	36	165	98	438	438
1712	Epilobium parviflorum	5.6	35	12	33	33	100	-12	80	6	48	38	16	132	4	247	7.5	87	20	53	26	228	52	748	8	100	22	58	30	260	69	916	916
1713	Pulsatilla alpina alba	3.2	5	22	4	4	65	1	240	3.5	9	8	18	81	14	299	4.6	23	29	21	27	129	55	476	5	28	31	26	30	145	69	535	535
1714	Viola lutea	3.2	5	22	4	4	65	11	240	4.1	24	23	7	20	77	22	271	7	81	29	16	27	113	57	364	8	100	31	20	30	125	69	395
1715	Gentiana pannonica	3.2	5	22	4	4	65	11	240	3.5	9	9	20	77	22	271	4.6	23	29	26	27	113	57	364	5	28	31	32	30	125	69	395	395
1716	Angelica pyrenaea	3.2	5	22	4	4	65	11	240	3.5	9	9	20	81	22	299	4.6	23	29	26	27	129	57	476	5	28	31	32	30	145	69	535	535
1717	Arctostaphylos uva-ursi	3.1	4	12	4	4	40	-46	50	4	23	7	12	84	-17	50	7	80	27	18	30	216	69	50	8	100	31	22	36	260	98	50	50
1718	Cladonia rangiformis	3.3	6	12	6	6	115	-31	17	4	19	11	13	130	-11	45	6.1	61	23	26	25	175	49	126	6.8	75	26	32	30	190	69	153	153
1719	Campanula cespitosa	6.4	52	18	4	4	40	-3	36	6.7	61	7	19	65	17	107	7.6	90	24	16	31	140	77	319	8	100	26	19	36	165	98	390	390
1720	Globularia cordifolia	6.4	52	18	5	5	40	-3	36	6.8	61	7	19	77	17	107	8	90	28	16	31	188	77	319	8.5	100	31	19	36	225	98	390	390
1721	Globularia nudicaulis	6.2	49	18	4	4	40	64	19	6.5	59	6	30	55	70	214	7.6	89	24	14	34	100	91	801	8	100	26	17	36	115	98	997	997
1723	Rhodothamnus chamaecistus	5.8	36	18	4	4	55	35	217	6.2	48	6	26	62	52	217	7.5	87	28	14	37	83	104	217	8	100	31	17	41	90	122	217	217
1724	Rhododendron x intermedium	5.8	36	18	4	4	55	35	217	6	48	6	26	62	52	217	6.7	87	28	14	37	83	104	217	7	100	31	17	41	90	122	217	217
1725	Clematis alpina	3.6	11	15	8	8	55	30	7	3.9	15	14	25	72	48	72	5	27	27	32	37	123	103	266	5.4	32	31	38	41	140	122	330	330
1726	Artemisia umbelliformis	3.8	13	18	6	6	40	20	129	4	16	10	24	50	40	162	4.9	26	24	22	36	80	101	261	5.2	30	26	26	41	90	122	294	294
1727	Geranium palustre	5.5	34	15	9	9	130	-12	364	6	47	19	14	142	-7	442	7.5	86	20	49	17	178	7	677	8	100	22	60	18	190	12	755	755
1728	Scutellaria hastifolia	5.6	34	12	32	32	140	-46	408	5.9	47	37	8	156	-36	470	7.1	86	20	54	14	204	-7	654	7.5	100	22	60	16	220	2	716	716
1729	Veronica fruticans	3	3	18	4	4	110	1	346	4	22	19	7	17	121	8	407	7	80	24	16	21	154	29	589	8	100	26	20	23	165	36	650
1730	Woodsia ilvensis	3.8	13	18	4	4	110	1	346	4	16	19	7	17	121	8	407	4.7	25	24	16	21	154	29	589	5	28	26	20	23	165	36	650
1731	Epilobium collinum	3	3	18	5	5	110	1	346	3.3	7	8	17	121	8	412	4.4	21	24	17	21	154	29	608	4.8	26	26	20	23	165	36	674	674
1732	Minuartia rupestris	6.4	52	20	4	4	40	11	159	6.7	61	6	22	57	33	225	7.6	90	24	14	36	108	99	421	8	100	26	17	41	125	122	487	487
1733	Crepis jacquinii	6.4	52	20	5	5	65	-3	200	6.8	61	7	20	81	22	254	8	90	24	14	35	129	97	417	8.5	100	26	17	41	145	122	472	472
1737	Kalmia procumbens	3.5	10	20	4	4	40	-7	126	3.8	13	7	19	63	18	126	4.7	24	28	16	35	132	96	126	5	28	31	20	41	155	122	126	126
1738	Alectoria ochroleuca	4.1	17	20	5	5	40	11	6	4.6	33	10	22	50	33	14	6.4	83	28	26	36	80	99	37	7	100	31	32	41	90	122	44	44
1740	Phyteuma hemisphaericum	3.8	13	20	5	5	40	-12	126	4	16	11	18	54	14	192	4.9	26	30	31	35	96	95	391	5.2	30	33	38	41	110	122	457	457
1741	Vaccinium gaultherioides	3.5	10	20	5	5	40	-22	126	3.8	13	11	17	63	6	126	4.7	24	28	31	35	132	93	126	5	28	31	38	41	155	122	126	126
1742	Pulsatilla vernalis	3.5	10	22	5	5	90	-22	163	3.9	15	8	12	95	-15	222	5.3	31	29	17	16	110	5	398	5.8	37	31	20	18	115	12	457	457
1743	Rhynchospora alba	3.1	4	18	45	45	60	-22	153	3.5	10	49	17	92	6	286	4.7	31	51	61	35	188	93	686	5.2	38	60	66	41	220	122	819	819
1744	Rhynchospora fusca	3.1	4	18	55	55	60	-22	153	3.5	10	57	17	86	6	269	4.7	31	30	63	35	164	93	617	5.2	38	33	66	41	190	122	734	734
1745	Drosera intermedia	3.1	4	18	40	40	60	-22	153	3.5	9	45	17	86	6	276	4.7	24	30	60	35	164	93	645	5.2	30	33	66	41	190	122	768	768
1746	Aconitum tauricum	4.7	25	18	8	8	65	-12	203	5.2	40	14	18	81	14	291	6.9	85	26	33	35	129	95	552	7.5	100	28	40	41	145	122	640	640
1747	Anarrhinum bellidifolium	4.9	27	16	6	6	65	11	235	5.3	41	10	22	75	33	264	6.5	85	24	22	36	105	99	350	7	100	26	26	41	115	122	379	379
1748	Asplenium billotii	3.1	4	18	5	5	175	-7	621	3.5	9	7	18	183	16	814	4.8	25	28	16	33	207	85	1391	5.3	31	31	19	38	215	108	1584	1584
1749	Scleranthus polycarpos	3.6	11	15	4	4	90	-22	291	3.9	15	7	14	110	-3	352	5	27	27	19	26	170	50	536	5.4	32	31	23	30	190	69	597	597
1750	Micromeria cristata	6.4	52	15	4	4	165	-12	85	6.7	61	5	14	170	-4	118	7.6	90	23	10	19	185	18	219	8	100	26	12	21	190	26	253	253
1751	Daphne pontica	6.1	40	15	4	4	190	-27	103	6.2	52	5	10	196	-23	103	6.8	88	23	11	13	214	-11	103	7	100	26	13	14	220	-8	103	103
1752	Arctostaphylos alpinus	3.3	6	16	5	5	115	-12	123	4	24	7	14	120	-7	123	6.2	81	28	13	17	135	7	123	7	100	31	16	18	140	12	123	123
1753	Ruscus hypoglossum	4.2	18	15	4	4	130	-27	16	4.9	34	7	14	148	-7	16	7.2	83	23	16	26	202	49	16	8	100	26	19	30	220	69	16	16
1755	Hypericum calycinum	6.1	40	15	4	4	190	-27	103	6.2	52	5	10	196	-23	103	6.8	88	23	11	13	214	-11	103	7	100	26	13	14	220	-8	103	103
1756	Cyclamen caucasicum	6.1	40	15	4	4	190	-27	20	6.2	52	5	10	196	-23	39	6.8	88	23	11	13	214	-11	96	7	100	26	13	14	220	-8	115	115
1757	Epimedium pubigerum	6.1	40	15	4	4	190	-27	20	6.2	52	5	10	196	-23	39	6.8	88	23	11	13	214	-11	96	7	100	26	13	14	220	-8	115	115
1758	Monotropa hypopitys	3.3	6	15	7	7	190	-27	20	3.6	10	11	10	196	-23	39	4.8	25	23	24	13	214	-11	96	5.2	30	26	29	14	220	-8	115	115
1759	Pinus peuce	3.3	6	15	4	4	115	-12	504	4	24	5	14	120	-7	537	6.2	81	23	11	17	135	7	636	7	100	26	13	18	140	12	669	669
1760	Dorycnium hirsutum	5.8	36	15	4	4	145	-27	60	6	48	7	12	184	-16	143	6.7	87	27	18	18	301	15	392	7	100	31	22	21	340	26	476	476
1761	Polygala alpestris	5.8	36	16	5	5	90	1	35	6.1	48	8	17	100	8	140	7.1	87	24	19	21	130	29	455	7.5	100	26	23	23	140	36	560	560
1762	Verbascum nicolai	6.1	40	15	4	4	110	1	36	6.4	52	6	17	116	8	58	7.6	88	23	14	21	134	29	126	8	100	26	17	23	140	36	148	148
1763	Potentilla australis	5.7	35	16	5	5	90	1	15	6.1	48	8	17	100	8	35	7.5	87	24	19	21	130	29	92	8	100	26	23	23	140	36	112	112
1764	Bromus riparius	5.7	35	16	5	5	90	1	15	5.9	48	8	17	100	8	35	6.7	87	24	19	21	130	29	92	7	100	26	23	23	140	36	112	112
1765	Oenanthe silaifolia	5.2	30	16	5	5	90	-3	15	5.6	44	13	16	116	4	35	7	86	24	37	21	194	28	92	7.5	100	26	46	23	220	36	112	112
1766	Bornmuellera dieckii	5.7	35	16	9	9	90	1	15	5.9	48	13	17	100	8	35	6.7	87	24	27	21	130	29	92	7	100	26	32	23	140	36	112	112
1767	Erica spiculifolia	3.6	12	16	5	5	90	-7	26	4.2	29	9	15	103	1	26	6.3	82	24	23	21	142	27	26	7	100	26	28	23	155	36	26	26
1769	Hypericum grisebachii	4.2	18	18	4	4	70	-7	216	4.7	34	11	17	85	8	301	6.4	83	28	32	26	130	53	555	7	100	31	40	30	145	69	640	640
1770	Salix triandra	4.7	25	12	8	8	130	-46	37	5.2	40	15	10	148	-23	37	6.9	85	23	37	25	202	46	37	7.5	100	26	45	30	220	69	37	37
1772	Viola pumila	4.8	26	15	32	32	115	-12	402	5.2	40	16	37	14	125	-7	443	6.5	85	20	54	17	155	7	566	7	100	22	60	18	165	12	608
1773	Deschampsia media	5.6	35	12	5	5	175	-46	593	5.9	48	13	7	184	-38	628	7.1	87	23	37	12	211	-15	734	7.5	100	26	46	14	220	-8	769	769
1774	Sonchus palustris	5.6	34	12	4	4	165	-12	435	5.8	47	15	14	170	-7	471	6.7	86	20	48	17	185	7	578	7	100	22	60	18	190	12	613	613
1775	Senecio sarracenicus	4.7	25	15	6	6	130	-46	6	5.2	40	16	8	148	-32	157	6.9	85	25	49	17	202	7	610	7.5	100	28	60	20	220	21	761	761
1776	Silene baccifera	5	28	15	5	5	165	-46	539	5.6	42	16	7	173	-38	584	7.4	85	20	49	12	197	-15	717	8	100	22	60	14	205	-8	761	761
1777	Cuscuta europaea	5.6	35	12	6	6	145	-27	303	5.9	48	16	13	159	-8	412	7.1	87	20	49	25	201	46	742	7.5	100	22	60	29	215	65	851	851
1779	Gratiola officinalis	5.6	35	12	32	32	140	-27	480	5.8	48	37	11	154	-21	562	6.7	87	20	54	14	196	-3	811	7	100	22	60	16	210	2	894	894
1780	Scilla bifolia	5.2	30	15	4	4	125	-12	19	5.6	44	8	16	144	2	68	7	86	27	23	25	201	45	215	7.5	100	31	28	28	220	60	264	264
1781	Luzula lutea	3.5	10	20	5	5	40	68	126	3.8	14	7	32	50	78	171	5	27	24	14	38	80	111	306	5.4	32	26	17	41	90	122	351	351
1782	Hieracium intybaceum	3.5	10	22	8	8	90	-22	163	3.9	15	12	12	95	-15	183	5.3	31	29	27	16	110	5	244	5.8	37	31	32	18	115	12	264	264
1783	Betula humilis	4.6	24	20	42	42	115	-7	390	4.7	25	45	16	124	2	390	5.2	30	30	56	22	151	31	390	5.4	32	33	60	24	160	41	390	390
1784	Salix myrtilloides	3.7	12	15	9	9	135	-36	270	4.3	24	15	12	152	-15	270	6.1	62	25	36	25	203	48	270	6.8	75	28	43	30	220	69	270	270
1785	Pedicularis sceptrum-carolinum	5.5	34	16	28	28	135	-46	426	6	47	35	8	141.2	-34	463	7.5	86	29	58	15	159.8	0	573	8	100	33	66	18	166	12	610	610
1786	Myricaria germanica	4.8	26	15	5	5	140	-22	442	5.4	40	12	12	150	-16	442	7.3	85	23	34	15	180	1	442	8	100	26	42	17	190	7	442	442
1789	Salix daphnoides	6.2	45	15	4	4	115	-22	359	6.5	56	12	13	121	-10	359	7.6	89	23	36	20	139	24	359	8	100	26	45	23	145	36	359	359
1790	Galium mollugo	4	16	8	4	4	90	-46	16	4.7	32	7	10	134	-23	228	6.8	83	26	19	25	266	46	864	7.5	100	31	23	30	310	69	1076	1076
1792	Bidens frondosa	4.1	17	7	22	22	140	-36	372	4.7	33	29	12	150	-16	481	6.8	83	22	52	24	180	40	807	7.5	100	26	60	28	190	60	916	916
1795	Cardamine waldsteinii	5.1	29	15	5	5	115	11	7	5.4	43	8	20	123	22	48	6.6	85	23	20	27	147	57	169	7	100	26	24	30	155	69	209	209
1796	Thalictrum lucidum	5.4	32	12	28	28	130	-46	364	5.8	45	35	10	142	-23	447	7	86	28	58	25	178	46	697	7.5	100	33	66	30	190	69	780	780
1797	Mentha longifolia	5.2	30	12	5	5	115	-31	31	5.8	44	13	11	144	-21	273	7.8	86	20	37	17	231	5	999	8.5	100	22	46	19	260	15	1241	1241
1798	Arabis nova	6.2	45	15	9	9	130	-31	170	6.4	56	11	10	148	-24	229	7.2	89	23	17	14	202	-4	407	7.5	100	26	19	16	220	2	467	467
1799	Geranium divaricatum	6.2	45	15	9	9	130	-31	170	6.3	56	15	10	148	-24	229	6.8	89	23	33	14	202	-4	407	7	100	26	40	16	220	2	467	467
1800	Sisymbrium strictissimum	6	38	15	9	9	130	-31	170	6.4	50	11	10	148	-24	229	7.6	87	23	17	14	202	-4	407	8	100	26	19	16	220	2	467	467
1801	Veronica teucrium	3.2	5	8	6	6	90	-46	8	4.1	24	12	10	10	134	-23	222	7	81	26	22	25	266	46	863	8	100	31	27	30	310	69	1076
1802	Chaerophyllum aureum	6	41	8	8	8	120	-17	99	6.5	52	15	15	140	0	189	8	88	22	38	26	200	51	460	8.5	100	26	46	30	220	69	551	551
1804	Ballota nigra	5.1	29	12	8	8	145	-46	105	5.6	43	18	8	154	-36	226	7.4	85	20	49	14	181	-7	592	8	100	22	60	16	190	2	713	713
1805	Scopolia carniolica	6.4	52	15	5	5	115	30	7	6.7	61	7	23	120	36	18	7.6	90	23	16	26	135	54	52	8	100	26	19	28	140	60	63	63
1806	Pseudostellaria europaea	6.4	52	15	5	5	115	20	19	6.5	61	8	22	125	29	44	6.8	90	23	17	28	155	59	119	7	100	26	21	30	165	69	145	145
1807	Grimmia hartmannii	4.4	21	18	8	8	130	-27	3	4.8	28	14	12	142	-17	11	6.1	52	24	32	18	178	11	38	6.6	60	26	38	20	190	21	46	46
1808	Isothecium myosuroides	4	16	18	8	8	130	-27	0	4.5	24	14	16	148	2	14	6	51	26	32	34	202	92	55	6.6	60	29	38	41	220	122	69	69
1809	Racomitrium heterostrichum	4.4	21	18	8	8	130	-27	3	4.8	28	14	12	142	-17	11	6.1	52	24	32	18	178	11	38	6.6	60	26	38	20	190	21	46	46
1810	Doronicum orientale	5	28	15	4	4	140	-41	25	5.5	42	6	9	164	-27	147	7	85	23	12	18	236	12	511	7.5	100	26	14	21	260	26	632	632
1811	Equisetum hyemale	5.2	30	15	15	15	140	-12	25	5.6	44	24	16	150	4	65	7	86	23	51	26	180	52	183	7.5	100	26	60	30	190	69	222	222
1812	Knautia drymeia	4.6	24	15	5	5	140	-12	2	5	39	8	16	150	2	52	6.5	84	23	20	25	180	45	200	7	100	26	24	28	190	60	250	250
1813	Scutellaria altissima	5.2	30	15	8	8	130	-46	25	5.7	44	14	9	148	-29	70	7.4	86	23	34	19	202	19	205	8	100	26	41	23	220	36	250	250
1814	Ornithogalum pyrenaicum	4.8	26	15	5	5	140	-12	25	5.2	40	11	14	156	-4	59	6.5	85	23	31	19	204	18	162	7	100	26	38	21	220	26	196	196
1815	Thelypteris palustris	3.7	12	15	33	33	125	-36	18	4.3	29	38	12	144	-15	128	6.3	82	28	54	25	201	48	457	7	100	32	60	30	220	69	567	567
1816	Medicago carstiensis	5.5	34	15	9	9	140	1	27	6.2	47	14	17	150	8	203	8.3	86	23	32	21	180	29	733	9	100	26	38	23	190	36	910	106
1817	Primula vulgaris	4.9	27	15	4	4	115	-27	3	5.4	41	7	16	148	2	236	6.9	85	23	17	34	247	92	935	7.5	100	26	21	41	280	122	1168	1168
1818	Hacquetia epipactis	5.5	34	15	4	4	90	1	2	6.1	47	7	18	116	14	58	7.9	86	23	17	27	194	55	224	8.5	100	26	21	30	220	69	279	279
1819	Vinca minor	5.2	30	15	5	5	140	1	5	5.6	44	17	13	17	168	8	38	7	86	23	37	21	252	29	138	7.5	100	26	46	23	280	36	171
1820	Poa stiriaca	6.1	40	15	8	8	105	-17	7	6.4	52	14	15	117	0	32	7.6	88	23	32	26	153	51	106	8	100	26	39	30	165	69	130	130
1821	Pulmonaria stiriaca	6.1	40	15	8	8	115	-17	7	6.5	52	14	15	123	-1	17	8	88	23	32	24	147	44	47	8.5	100	26	38	28	155	60	56	56
1822	Hypericum hirsutum	3.8	13	12	7	7	175	-46	32	4.6	30	13	8	184	-36	69	7.1	82	23	31	14	211	-7	179	8	100	26	37	16	220	2	215	215
1823	Platanthera bifolia	4.5	23	15	5	5	140	-46	13	5.1	38	9	8	156	-36	76	6.9	84	23	22	14	204	-7	264	7.5	100	26	27	16	220	2	327	327
1824	Cephalanthera longifolia	5	28	15	8	8	115	-41	9	5.4	42	14	11	144	-19	134	6.6	85	23	32	25	231	47	507	7	100	26	38	30	260	69	632	632
1825	Astrantia bavarica	6.4	52	15	8	8	115	30	7	6.7	61	12	23	120	36	18	7.6	90	23	27	26	135	54	52	8	100	26	32	28	140	60	63	63
1826	Stachys alopecuros	6.4	52	15	8	8	115	30	7	6.8	61	12	23	120	36	18	8	90	23	27	26	135	54	52	8.5	100	26	32	28	140	60	63	63
1827	Cirsium carniolicum	6.4	52	15	8	8	115	30	7	6.6	61	12	23	120	36	18	7.2	90	23	27	26	135	54	52	7.5	100	26	32	28	140	60	63	63
1828	Phyteuma ovatum	5.2	30	15	5	5	115	30	7	5.6	44	7	23	120	36	18	7	86	23	16	26	135	54	52	7.5	100	26	19	28	140	60	63	63
1829	Isothecium alopecuroides	3.3	6	18	8	8	130	-12	3	3.9	16	12	15	139	0	17	5.9	49	24	27	22	166	33	57	6.6	60	26	32	25	175	45	70	70
1830	Viscum album	3.3	6	18	5	5	130	-12	430	3.9	16	19	7	15	137	-2	455	5.9	49	24	15	21	158	26	528	6.6	60	26	18	23	165	36	552
1831	Muscari neglectum	4.1	17	12	4	4	190	-36	38	4.7	33	7	11	196	-21	185	6.8	83	27	16	20	214	21	628	7.5	100	31	19	23	220	36	775	775
1832	Astragalus monspessulanus	6.2	45	15	8	8	120	-36	49	6.5	56	12	10	129	-26	82	7.6	89	23	27	16	156	2	180	8	100	26	32	18	165	12	212	212
1833	Astragalus onobrychis	6.2	45	15	5	5	120	-46	49	6.6	56	7	8	140	-33	191	8	89	23	16	16	200	4	616	8.5	100	26	19	19	220	17	757	757
1834	Ononis rotundifolia	6.1	40	15	8	8	120	-36	70	6.4	52	12	10	129	-26	70	7.6	88	23	27	16	156	2	70	8	100	26	32	18	165	12	70	70
1835	Laserpitium krapfii	5.7	35	15	8	8	120	-36	6	6.1	48	12	12	129	-16	47	7.5	87	23	27	24	156	40	171	8	100	26	32	28	165	60	212	212
1836	Oxytropis pilosa	6	38	12	5	5	140	-46	423	6.3	50	8	7	150	-41	470	7.2	87	23	18	10	180	-27	610	7.5	100	26	22	11	190	-23	657	657
1837	Euphorbia saxatilis	6.4	52	18	5	5	140	-3	87	6.5	61	7	16	145	2	116	6.8	90	28	16	19	160	20	204	7	100	31	19	21	165	26	234	234
1838	Callianthemum anemonoides	6.4	52	18	6	6	140	-3	87	6.5	61	10	16	145	2	116	6.8	90	28	23	19	160	20	204	7	100	31	28	21	165	26	234	234
1839	Galium austriacum	6.2	45	18	5	5	100	-12	43	6.5	56	8	16	122	4	86	7.6	89	28	18	26	188	52	212	8	100	31	22	30	210	69	254	254
1840	Centaurea triumfetti	5.4	32	12	4	4	90	-22	89	5.8	45	8	12	111	-15	239	7	86	23	23	16	174	5	689	7.5	100	26	28	18	195	12	839	839
1841	Scorzonera austriaca	6.2	45	12	5	5	140	-46	423	6.5	56	8	7	150	-41	470	7.6	89	23	18	10	180	-27	610	8	100	26	22	11	190	-23	657	657
1842	Cynanchica aristata	6.4	52	18	4	4	130	-3	36	6.7	61	7	16	137	4	57	7.6	90	24	16	21	158	28	121	8	100	26	19	23	165	36	142	142
1843	Laburnum alpinum	6.4	52	15	5	5	115	30	10	6.7	61	7	23	120	36	10	7.6	90	23	16	26	135	54	10	8	100	26	19	28	140	60	10	10
1844	Lilium carniolicum	6.1	40	15	9	9	130	-7	54	6.4	52	15	17	142	8	87	7.6	88	23	35	26	178	53	187	8	100	26	42.7	30	190	69	220	220
1845	Euphorbia kerneri	6.4	52	18	4	4	130	-3	36	6.6	61	7	16	137	4	57	7.2	90	24	16	21	158	28	121	7.5	100	26	20	23	165	36	142	142
1846	Laserpitium peucedanoides	6.2	45	15	8	8	105	-36	14	6.5	56	14	12	117	-15	53	7.6	89	23	32	25	153	48	172	8	100	26	39	30	165	69	212	212
1847	Festuca eggleri	5.2	30	15	4	4	105	1	14	5.5	44	5	18	117	14	37	6.6	86	23	10	27	153	55	107	7	100	26	12	30	165	69	130	130
1848	Knautia norica	6.4	52	15	8	8	105	1	14	6.7	61	14	18	117	14	37	7.6	90	23	32	27	153	55	107	8	100	26	39	30	165	69	130	130
1850	Noccaea goesingensis	6.4	52	15	8	8	105	1	14	6.8	61	14	18	117	14	37	8	90	23	32	27	153	55	107	8.5	100	26	39	30	165	69	130	130
1852	Helictochloa adsurgens	6.4	52	15	8	8	105	1	14	6.5	61	14	18	117	14	37	6.8	90	23	32	27	153	55	107	7	100	26	39	30	165	69	130	130
1854	Potentilla pusilla	6	38	15	8	8	120	-36	49	6.4	50	12	11	129	-21	147	7.6	87	23	27	20	156	21	443	8	100	26	32	23	165	36	542	542
1855	Myosotis sylvatica	4.2	18	15	8	8	90	-3	8	4.9	34	18	18	111	11	135	7.2	83	27	49	27	174	54	513	8	100	31	60	30	195	69	640	640
1856	Cardamine flexuosa	3.8	13	15	25	25	90	-12	8	4.1	16	31	16	118	4	176	5	28	23	51	26	202	52	679	5.4	32	26	58	30	230	69	847	847
1857	Chaerophyllum villarsii	4.8	26	15	5	5	90	11	3	5.2	40	8	20	100	22	34	6.5	85	23	18	27	130	57	126	7	100	26	22	30	140	69	157	157
1858	Jacobaea abrotanifolia	5.2	30	18	5	5	100	11	89	5.6	44	10	20	106	22	122	7	86	24	26	27	124	57	221	7.5	100	26	32	30	130	69	254	254
1859	Circaea x intermedia	4.7	25	10	31	31	115	-46	5	5.2	40	34	10	133	-23	30	6.9	85	22	46	25	187	46	104	7.5	100	26	50	30	205	69	129	129
1860	Equisetum pratense	4.7	25	10	12	12	115	-46	1	5.2	40	18	10	133	-23	26	6.9	85	22	36	25	187	46	103	7.5	100	26	43	30	205	69	129	129
1861	Hookeria lucens	4.7	25	10	9	9	115	-46	0	5.1	40	15	10	133	-23	10	6.5	85	22	36	25	187	46	41	7	100	26	43	30	205	69	51	51
1900	Quercus suber	3.5	10	15	5	5	220	-31	817	4.2	28	8	11	244	-17	1028	6.3	82	23	18	20	316	22	1662	7	100	26	22	23	340	36	1873	1873
1901	Abies borisii-regis	4.4	27	15	5	5	145	-22	701	5.1	41	9	13	160	-12	779	7.2	85	27	23	19	205	16	1011	8	100	31	28	21	220	26	1089	1089
1902	Abies nordmanniana	6.1	40	15	4	4	190	-27	862	6.4	52	8	10	196	-23	871	7.6	88	23	23	13	214	-11	897	8	100	26	28	14	220	-8	906	906
1903	Erica arborea	3.5	10	15	5	5	175	-41	112	4.1	28	8	10	208	-24	112	6.1	82	23	18	20	307	24	112	6.8	100	26	22	24	340	41	112	112
1905	Fagus moesiaca	3.6	11	15	6	6	130	-27	504	4.4	28	10	14	156	-7	621	7.1	82	27	23	26	234	49	972	8	100	31	28	30	260	69	1089	1089
1906	Fagus orientalis	4.9	27	15	5	5	175	-27	617	5.3	41	9	11	208	-19	711	6.5	85	23	23	16	307	4	995	7	100	26	28	18	340	12	1089	1089
1907	Juniperus thurifera	5	27	15	6	6	120	-31	34	5.6	41	10	13	158	-11	115	7.4	85	23	23	25	272	49	357	8	100	26	28	30	310	69	437	437
1909	Pinus brutia	3.5	10	15	5	5	260	-31	1070	4.3	28	8	10	270	-22	1179	6.7	82	23	18	16	300	3	1505	7.5	100	26	22	18	310	12	1614	1614
1910	Pinus canariensis	3.5	10	15	5	5	260	-31	1214	4.1	23	9	10	270	-22	1265	6.1	62	23	24	16	300	3	1416	6.8	75	26	29	18	310	12	1467	1467
1911	Pinus halepensis	3.5	10	15	5	5	210	-46	890	4.5	28	10	9	236	-31	1035	7.5	82	25	26	18	314	11	1469	8.6	100	28	32	21	340	26	1614	1614
1912	Pinus pinea	4	15	16	5	5	220	-46	930	4.8	32	9	10	238	-23	1051	7.2	83	24	24	25	292	46	1414	8	100	26	29	30	310	69	1535	1535
1914	Populus x canescens	3.8	12	15	5	5	190	-46	892	4.6	29	12	10	204	-23	987	7.1	82	23	34	25	246	46	1273	8	100	26	42	30	260	69	1368	1368
1916	Quercus ilex	4.9	27	15	4	4	195	-46	122	5.3	41	8	12	224	-17	251	6.5	85	23	22	30	311	69	641	7	100	26	27	36	340	98	771	771
1919	Pistacia lentiscus	4.2	18	15	8	8	195	-31	852	4.7	34	13	14	224	-5	1074	6.4	83	23	29	30	311	72	1739	7	100	26	35	36	340	98	1960	1960
1920	Olea europaea	4.9	27	15	4	4	200	-31	908	5.3	41	6	14	228	-5	1118	6.5	85	23	13	30	312	72	1750	7	100	26	16	36	340	98	1960	1960
1921	Asparagus aphyllus	4.2	18	15	8	8	230	-46	8	4.7	34	13	12	252	-17	163	6.4	83	23	29	30	318	69	629	7	100	26	35	36	340	98	784	784
1922	Phillyrea latifolia	3.5	10	15	5	5	195	-46	21	4.2	28	8	12	224	-17	21	6.3	82	23	18	30	311	69	21	7	100	26	22	36	340	98	21	21
1923	Myrtus communis	4	16	15	8	8	210	-46	21	4.6	32	13	9	236	-29	21	6.4	83	23	29	19	314	19	21	7	100	26	35	23	340	36	21	21
1925	Rhamnus alaternus	4.8	26	15	9	9	190	-31	21	5.4	40	14	14	220	-5	21	7.3	85	23	29	30	310	72	21	8	100	26	35	36	340	98	21	21
1926	Ceratonia siliqua	5.8	36	15	9	9	260	-31	1070	6.1	48	14	10	270	-22	1179	7.1	87	23	29	16	300	3	1505	7.5	100	26	35	18	310	12	1614	1614
1927	Euphorbia dendroides	5.8	36	15	9	9	250	-31	21	6	48	14	11	266	-20	21	6.7	87	23	29	17	314	9	21	7	100	26	35	20	330	20	21	21
1928	Smilax aspera	4.7	25	15	5	5	195	-31	21	5.3	40	13	14	224	-5	21	7.3	85	23	37	30	311	72	21	8	100	26	45	36	340	98	21	21
1929	Pistacia terebinthus	5.1	29	15	4	4	210	-31	21	5.4	43	6	11	236	-17	21	6.6	85	23	13	20	314	22	21	7	100	26	16	23	340	36	21	21
1930	Rumex tuberosus	6.1	40	15	5	5	220	-27	466	6.4	52	8	10	228	-23	578	7.6	88	23	17	13	252	-11	916	8	100	26	21	14	260	-8	1029	1029
1931	Calicotome villosa	3.5	10	15	5	5	220	-31	727	4.1	23	8	11	244	-17	727	6.1	62	23	18	20	316	22	727	6.8	75	26	22	23	340	36	727	727
1932	Cistus salviifolius	3	3	15	5	5	210	-31	287	3.8	22	8	15	240	0	287	6.2	80	29	18	34	330	91	1072	7	100	33	22	41	360	122	1180	1180
1933	Pulicaria odora	3.5	10	15	5	5	210	-31	28	4.2	28	8	13	232	-11	248	6.3	82	23	18	25	298	49	906	7	100	26	22	30	320	69	1125	1125
1934	Erica manipuliflora	3.5	10	15	5	5	200	-46	121	4.3	28	8	10	222	-23	121	6.7	82	23	18	25	288	46	121	7.5	100	26	22	30	310	69	121	121
1935	Cistus × incanus	3.5	10	15	5	5	260	-31	121	4.1	23	8	10	270	-22	121	6.1	62	23	18	16	300	3	121	6.8	75	26	22	18	310	12	121	121
1936	Arbutus andrachne	5.8	36	15	5	5	260	-31	1088	6.2	48	8	10	270	-22	1192	7.5	87	23	18	16	300	3	1505	8	100	26	22	18	310	12	1609	1609
1937	Quercus coccifera	4.8	26	15	5	5	145	-31	42	5.2	40	8	14	182	-5	271	6.5	85	27	17	30	293	72	958	7	100	31	21	36	330	98	1187	1187
1938	Laurus nobilis	5.8	36	15	5	5	215	-17	128	6.2	48	8	15	236	0	128	7.5	87	23	17	26	299	51	128	8	100	26	21	30	320	69	128	128
1939	Lonicera implexa	4.8	26	15	5	5	220	-12	128	5.2	40	8	17	244	10	128	6.5	85	23	18	31	316	76	128	7	100	26	22	36	340	98	128	128
1940	Rubus ulmifolius	4.2	18	15	4	4	145	-46	76	4.9	34	12	12	184	-17	76	7.2	83	25	37	30	301	69	76	8	100	28	46	36	340	98	76	76
1941	Fraxinus angustifolia	5.2	30	15	12	12	145	-36	579	5.5	44	18	12	168	-15	705	6.6	86	25	36	25	237	48	1084	7	100	28	42	30	260	69	1210	1210
1943	Pinus pinaster	4.9	27	15	5	5	220	-31	734	5.3	41	9	11	238	-17	909	6.5	85	23	24	20	292	22	1434	7	100	26	29	23	310	36	1609	1609
1944	Paliurus spina-christi	4.9	27	12	4	4	190	-31	100	5.4	41	6	13	204	-11	100	6.9	85	23	15	25	246	49	100	7.5	100	26	18	30	260	69	100	100
1945	Geranium purpureum	4.9	27	12	4	4	185	-36	50	5.4	41	7	12	208	-15	146	6.9	85	23	19	25	277	48	434	7.5	100	26	23	30	300	69	530	530
1948	Clinopodium vulgare	4.2	18	12	4	4	145	-46	13	4.9	34	8	10	168	-23	137	7.2	83	27	22	25	237	46	508	8	100	31	27	30	260	69	632	632
1949	Quercus trojana	6.4	52	15	5	5	220	-27	404	6.5	61	9	10	228	-23	416	6.8	90	23	21	13	252	-11	449	7	100	26	26	14	260	-8	460	460
1950	Acer opalus	5.9	37	12	4	4	175	-27	145	6.3	49	5	14	192	-7	215	7.5	87	23	11	26	243	49	423	8	100	26	13	30	260	69	493	493
1951	Bornmuellera emarginata	6.4	52	16	5	5	260	-31	187	6.5	61	9	10	270	-23	256	6.8	90	24	24	15	300	0	463	7	100	26	29	17	310	7	532	532
1952	Cercis siliquastrum	4.2	18	15	5	5	220	-46	177	4.7	34	8	10	238	-23	363	6.4	83	25	17	25	292	46	921	7	100	28	21	30	310	69	1107	1107
1953	Leontodon tuberosus	6.4	52	16	8	8	230	-41	187	6.8	61	12	9	246	-31	256	8	90	24	24	15	294	-2	463	8.5	100	26	29	17	310	7	532	532
1954	Cephalaria flava	6.1	40	15	5	5	190	-27	213	6.2	52	9	10	196	-23	275	6.8	88	23	21	13	214	-11	460	7	100	26	26	14	220	-8	522	522
1955	Pulsatilla halleri rhodopaea	6.1	40	15	5	5	190	-27	213	6.5	52	9	10	196	-23	275	8	88	23	21	13	214	-11	460	8.5	100	26	26	14	220	-8	522	522
1956	Peucedanum austriacum	6.1	40	15	5	5	190	-27	213	6.4	52	9	10	196	-23	275	7.6	88	23	21	13	214	-11	460	8	100	26	26	14	220	-8	522	522
1957	Eryngium wiegandii	6.1	40	15	5	5	190	-27	213	6.2	52	9	10	196	-23	275	6.8	88	23	21	13	214	-11	460	7	100	26	26	14	220	-8	522	522
1958	Platanus orientalis	4.7	25	15	4	4	220	-46	886	5.1	40	12	10	238	-23	1000	6.5	85	25	36	25	292	46	1343	7	100	28	44	30	310	69	1457	1457
1959	Dracunculus vulgaris	6.1	40	15	5	5	260	-31	659	6.4	52	8	10	270	-22	749	7.6	88	23	17	16	300	3	1018	8	100	26	21	18	310	12	1107	1107
1960	Arum italicum	4.7	25	15	5	5	220	-46	26	5.1	40	8	10	244	-23	242	6.5	85	25	19	25	316	46	891	7	100	28	23	30	340	69	1107	1107
1961	Vitis vinifera	4.7	25	15	5	5	195	-46	143	5.3	40	17	12	10	218	-23	143	7.3	85	23	34	25	287	46	143	8	100	26	42	30	310	69	143
1962	Poa silvicola	5.2	30	15	5	5	195	-31	659	5.7	44	8	11	218	-20	749	7.4	86	23	17	17	287	9	1018	8	100	26	21	20	310	20	1107	1107
1964	Periploca graeca	6.2	45	15	4	4	220	-12	130	6.5	56	11	16	228	4	130	7.6	89	23	34	26	252	52	130	8	100	26	42	30	260	69	130	130
1965	Tamarix parviflora	4.7	25	15	8	8	220	-12	196	5.3	40	14	15	228	-2	196	7.3	85	25	32	21	252	26	196	8	100	28	39	23	260	36	196	196
1966	Nerium oleander	4.5	22	15	4	4	200	-46	143	5	37	12	10	218	-23	143	6.5	84	25	36	25	272	46	143	7	100	28	45	30	290	69	143	143
1967	Pulicaria dysenterica	4.7	25	15	4	4	220	-12	78	5.2	40	11	16	228	4	176	6.9	85	25	34	26	252	52	472	7.5	100	28	42	30	260	69	571	571
1968	Muhlenbergia frondosa	4.7	25	15	4	4	220	-12	78	5.1	40	11	16	228	4	176	6.5	85	25	34	26	252	52	472	7	100	28	42	30	260	69	571	571
1969	Ulmus procera	6.2	45	15	5	5	220	-12	67	6.5	56	8	16	228	4	153	7.6	89	23	17	26	252	52	411	8	100	26	21	30	260	69	496	496
1970	Pyracantha coccinea	6.1	40	15	4	4	190	-27	103	6.5	52	5	10	196	-23	103	8	88	23	11	13	214	-11	103	8.5	100	26	13	14	220	-8	103	103
1971	Rubia tinctorum	6.2	45	15	5	5	220	-12	85	6.6	56	8	16	228	4	145	8	89	23	17	26	252	52	326	8.5	100	26	21	30	260	69	387	387
1972	Vitex agnus-castus	4.7	25	15	4	4	220	-12	196	5.3	40	17	12	16	232	4	196	7.3	85	25	37	26	268	52	196	8	100	28	46	30	280	69	196
1973	Juncus acutus	4.8	26	15	32	32	190	-31	78	5.4	40	34	13	220	-11	308	7.3	85	23	43	25	310	49	998	8	100	26	46	30	340	69	1228	1228
1975	Alisma plantago-aquatica	4.1	17	10	12	12	100	-46	80	4.8	33	29	12	132	-17	264	7.2	83	28	82	30	228	69	815	8	100	33	100	36	260	98	999	999
1976	Dittrichia viscosa	4.7	25	12	4	4	180	-17	117	5.1	40	12	15	212	0	208	6.5	85	24	37	26	308	51	480	7	100	28	46	30	340	69	571	571
1977	Catapodium rigidum	4.7	25	15	4	4	220	-27	63	5.2	40	7	14	242	-7	165	6.9	85	25	18	26	308	49	469	7.5	100	28	22	30	330	69	571	571
1978	Lathyrus laxiflorus	3.6	11	15	5	5	115	-46	9	4.5	28	9	10	144	-23	134	7.5	82	27	22	25	231	46	507	8.5	100	31	27	30	260	69	632	632
1979	Cytisus hirsutus	4.9	27	12	4	4	140	-12	28	5.3	41	8	16	164	4	28	6.5	85	27	22	26	236	52	28	7	100	31	27	30	260	69	28	28
1980	Galium laconicum	4.9	27	16	5	5	200	-41	23	5.3	41	9	10	212	-25	121	6.5	85	28	22	19	248	20	415	7	100	31	27	23	260	36	513	513
1981	Abies cephalonica	5	28	18	4	4	165	-12	847	5.6	42	5	14	184	-7	909	7.4	85	28	10	17	241	7	1096	8	100	31	12	18	260	12	1158	1158
1982	Peucedanum officinale	3.7	12	15	4	4	140	-31	20	4.5	29	11	10	154	-22	81	7.1	82	27	32	16	196	3	266	8	100	31	39	18	210	12	328	328
1983	Cardamine graeca	5.8	36	15	4	4	140	-22	20	6	48	5	14	150	-3	146	6.7	87	27	10	26	180	50	524	7	100	31	12	30	190	69	650	650
1984	Aristolochia clematitis	4.4	21	12	8	8	120	-46	16	4.9	36	14	10	140	-23	168	6.4	84	23	32	25	200	46	623	7	100	26	38	30	220	69	775	775
1985	Anemone blanda	5.8	36	18	4	4	165	-12	20	6	48	5	14	170	-7	69	6.7	87	28	10	17	185	7	215	7	100	31	12	18	190	12	264	264
1986	Crepis fraasii	5.8	36	18	4	4	165	-12	20	6.1	48	5	14	170	-7	69	7.1	87	28	10	17	185	7	215	7.5	100	31	12	18	190	12	264	264
1987	Ranunculus sprunerianus	5.8	36	18	4	4	165	-12	20	6	48	5	14	170	-7	69	6.7	87	28	10	17	185	7	215	7	100	31	12	18	190	12	264	264
1988	Geranium lucidum	5.8	36	18	4	4	125	-12	20	6.1	48	8	14	138	-7	145	7.1	87	28	20	17	177	7	521	7.5	100	31	24	18	190	12	646	646
1989	Cyclamen graecum	5.8	36	18	4	4	165	-12	20	6.2	48	5	14	170	-7	69	7.5	87	28	10	17	185	7	215	8	100	31	12	18	190	12	264	264
1990	Genista subcapitata	6.4	52	15	6	6	190	-12	165	6.6	61	9	15	196	-2	165	7.2	90	20	21	21	214	26	165	7.5	100	22	25	23	220	36	165	165
1991	Sesleria latifolia	6.4	52	15	5	5	190	-12	66	6.7	61	8	15	196	-2	98	7.6	90	20	19	21	214	26	193	8	100	22	23	23	220	36	225	225
1992	Cleistogenes serotina	4.1	17	15	4	4	175	-46	7	4.8	33	7	9	184	-29	172	7.2	83	23	16	19	211	19	668	8	100	26	19	23	220	36	833	833
1993	Dasypyrum villosum	4.1	17	15	4	4	190	-12	179	4.6	33	5	15	196	-2	220	6.4	83	23	11	21	214	26	342	7	100	26	13	23	220	36	383	383
1994	Sisymbrium officinale	5	28	12	4	4	145	-36	307	5.6	42	7	12	179	-16	434	7.4	85	20	18	24	281	40	813	8	100	22	22	28	315	60	940	940
1996	Cruciata glabra	4.4	21	15	5	5	165	-27	2	4.9	36	8	16	184	2	133	6.4	84	23	20	34	241	92	524	7	100	26	24	41	260	122	654	654
1997	Crocus vernus	4.6	24	15	5	5	165	1	2	5	39	8	17	176	8	30	6.5	84	23	20	21	209	29	111	7	100	26	24	23	220	36	139	139
1998	Helleborus dumetorum	4.6	24	15	5	5	165	1	2	5.1	39	8	17	170	8	24	6.9	84	23	20	21	185	29	88	7.5	100	26	24	23	190	36	109	109
2000	Lamium orvala	5.1	29	15	4	4	140	-7	36	5.5	43	8	17	156	8	84	7	85	23	20	26	204	53	231	7.5	100	26	24	30	220	69	279	279
2001	Leucojum aestivum	5	28	15	32	32	175	1	21	5.5	42	34	17	184	6	85	7	85	23	40	20	211	21	277	7.5	100	26	42	21	220	26	341	341
2002	Alisma lanceolatum	5.4	32	15	4	4	175	1	21	5.8	45	11	17	184	6	85	7	86	23	34	20	211	21	277	7.5	100	26	42	21	220	26	341	341
2003	Teucrium scordium	6.3	49	15	4	4	175	1	21	6.6	59	11	17	184	6	85	7.6	89	23	34	20	211	21	277	8	100	26	42	21	220	26	341	341
2004	Epimedium alpinum	4.6	24	15	5	5	165	-7	4	5	39	8	16	170	6	36	6.5	84	23	20	25	185	46	132	7	100	26	24	28	190	60	165	165
2005	Vicia oroboides	5.2	30	15	5	5	140	1	2	5.7	44	17	7	18	156	14	58	7.4	86	23	16	27	204	55	224	8	100	26	19	30	220	69	279
2006	Rubus hirtus agg.	3.6	11	15	5	5	115	-17	15	4.4	28	12	16	148	5	15	7.1	82	27	34	30	247	71	15	8	100	31	42	35	280	93	15	15
2008	Staehelina uniflosculosa	6.4	52	15	4	4	145	-3	151	6.7	61	5	16	154	2	216	7.6	90	27	10	19	181	20	411	8	100	31	12	21	190	26	476	476
2009	Ranunculus lanuginosus	5.2	30	16	9	9	130	-27	3	5.6	44	16	12	157	-14	53	7	86	24	38	20	238	23	201	7.5	100	26	46	23	265	36	250	250
2010	Hypericum umbellatum	3.6	11	15	4	4	75	-12	14	4.4	28	7	16	93	2	114	7.1	82	23	18	25	147	45	413	8	100	26	22	28	165	60	513	513
2012	Saxifraga rotundifolia rotundifolia	4.8	25	15	12	12	90	-12	14	5.4	40	17	16	105	2	139	7.3	85	23	35	25	150	45	515	8	100	26	41	28	165	60	640	640
2013	Festuca drymeia	3.6	11	15	5	5	140	-22	13	4.2	28	8	14	166	-5	115	6.3	82	23	18	24	244	43	423	7	100	26	22	28	270	60	526	526
2014	Prunus laurocerasus	3.6	11	15	5	5	140	-27	103	4.4	28	8	12	156	-16	103	7.1	82	23	18	18	204	15	103	8	100	26	22	21	220	26	103	103
2015	Acer hyrcanum	6.4	52	15	4	4	165	-12	532	6.8	61	5	14	170	-4	546	8	90	23	10	19	185	18	587	8.5	100	26	12	21	190	26	601	601
2016	Corylus colurna	6.4	52	15	4	4	145	-17	330	6.6	61	6	13	158	-8	327	7.2	90	23	15	19	197	17	315	7.5	100	26	18	21	210	26	311	311
2018	Sesleria rigida	6.2	49	15	4	4	75	-12	76	6.6	59	7	14	102	-4	228	8	89	23	18	19	183	18	686	8.5	100	26	22	21	210	26	839	839
2019	Galium purpureum	6.4	52	15	4	4	145	-12	85	6.6	61	5	14	154	-4	163	7.2	90	27	10	19	181	18	397	7.5	100	31	12	21	190	26	476	476
2021	Achnatherum calamagrostis	6.1	40	15	4	4	115	-12	85	6.4	52	5	16	130	4	130	7.6	88	23	10	26	175	52	267	8	100	26	12	30	190	69	312	312
2022	Dianthus petraeus	6.2	45	15	4	4	105	-12	85	6.5	56	7	14	123	-4	236	7.6	89	23	18	19	177	18	688	8	100	26	22	21	195	26	839	839
2023	Seseli rigidum	6.2	45	15	4	4	105	-12	85	6.5	56	7	14	126	-4	236	7.6	89	23	18	19	189	18	688	8	100	26	22	21	210	26	839	839
2024	Koeleria arenaria	3.3	6	18	5	5	165	-12	381	3.9	16	9	14	170	-7	412	5.8	46	28	23	17	185	7	504	6.5	56	31	28	18	190	12	535	535
2025	Dryopteris cristata	3.7	12	20	8	8	140	-46	21	4	16	18	7	154	-38	48	5.2	30	29	48	12	196	-15	130	5.6	35	32	58	14	210	-8	158	158
2026	Polystichum setiferum	4.2	18	15	5	5	140	-22	3	4.7	34	12	14	168	-5	52	6.4	83	23	36	24	252	43	199	7	100	26	44	28	280	60	248	248
2027	Teucrium cuneifolium	6.1	40	15	4	4	190	-27	20	6.4	52	5	10	196	-23	39	7.6	88	23	11	13	214	-11	96	8	100	26	13	14	220	-8	115	115
2028	Wulfenia carinthiaca	3.3	6	18	4	4	115	-12	45	4.2	24	19	5	14	120	-7	70	7	81	24	11	17	135	7	147	8	100	26	13	18	140	12	172
2029	Doronicum columnae	4.8	26	18	4	4	115	-17	24	5.3	40	7	13	127	-11	96	6.9	85	24	18	16	163	6	314	7.5	100	26	22	18	175	12	386	386
2030	Melissa officinalis	5.6	34	15	9	9	130	1	53	6	47	13	17	132	8	75	7.5	86	23	27	21	138	29	142	8	100	26	32	23	140	36	164	164
2031	Myrica gale	3.2	5	18	38	38	115	-7	159	3.5	9	43	17	130	8	159	4.5	22	30	60	26	175	53	159	4.9	27	33	66	30	190	69	159	159
2032	Anemonastrum narcissiflorum	5.4	32	15	12	12	90	-17	261	5.8	45	17	15	101	0	316	7	86	23	35	26	134	51	482	7.5	100	26	41	30	145	69	537	537
2033	Digitalis purpurea	3.6	11	15	12	12	90	-17	81	3.9	14	17	15	101	0	181	4.8	26	23	35	26	134	51	482	5.2	30	26	41	30	145	69	582	582
2034	Schistidium apocarpum	6.4	52	20	4	4	115	11	30	6.7	61	6	20	120	22	50	7.6	90	24	14	27	135	57	111	8	100	26	17	30	140	69	131	131
2035	Preissia quadrata	6.1	40	20	36	36	140	-22	23	6.5	52	42	14	150	-3	30	8	88	30	60	26	180	50	52	8.5	100	33	66	30	190	69	59	59
2036	Dicranum fuscescens	3.1	4	18	4	4	40	-22	7	3.8	23	11	17	70	6	50	6.2	80	29	35	35	160	93	178	7	100	32	43	41	190	122	221	221
2037	Dicranum majus	3	3	22	4	4	115	-22	2	3.3	7	6	14	130	-5	14	4.5	22	29	14	24	175	43	50	4.9	27	31	17	28	190	60	61	61
2038	Dicranum montanum	3	3	15	4	4	115	-46	6	3.8	22	7	10	136	-23	63	6.2	80	35	16	25	199	46	233	7	100	40	20	30	220	69	290	290
2039	Barbilophozia barbata	3	3	15	6	6	110	-17	11	3.8	22	10	15	119	-1	39	6.2	80	27	23	24	146	44	124	7	100	31	28	28	155	60	153	153
2040	Barbilophozia hatcheri	3	3	18	8	8	90	-12	2	3.8	22	14	18	103	14	42	6.2	80	29	32	35	142	95	164	7	100	32	38	41	155	122	204	204
2041	Cephaloziella divaricata	3.1	4	12	4	4	115	-27	28	3.8	23	9	14	130	-7	124	6.2	80	27	24	26	175	49	411	7	100	31	30	30	190	69	507	507
2042	Brachythecium salebrosum	3	3	15	7	7	90	-12	0	3.8	22	14	18	106	14	23	6.2	80	28	36	35	154	95	94	7	100	32	43.7	41	170	122	117	117
2043	Carex vaginata	3.1	4	18	31	31	60	-22	153	4	23	38	17	86	6	269	7	80	30	59	35	164	93	617	8	100	33	66	41	190	122	734	734
2046	Linneaea borealis	3	3	18	8	8	90	-17	6	3.3	7	12	17	105	10	28	4.4	21	28	27	35	150	94	95	4.8	26	31	32	41	165	122	117	117
2047	Cornus suecica	3	3	22	8	8	55	-17	16	3.3	7	14	17	77	10	16	4.3	20	30	32	35	143	94	16	4.7	25	32	38	41	165	122	16	16
2048	Neottia ovata	3	3	10	8	8	115	-46	4	3.9	22	19	10	136	-23	109	6.6	80	28	54	25	199	46	424	7.5	100	33	66	30	220	69	529	529
2049	Sciuro-hypnum oedipodium	3	3	18	8	8	120	-17	31	3.4	8	12	15	129	-1	58	4.6	23	28	27	24	156	44	137	5	28	31	32	28	165	60	164	164
2050	Goodyera repens	3	3	18	4	4	115	-31	42	3.5	10	11	13	126	-11	80	5.3	31	30	33	25	159	49	195	5.9	38	33	41.2	30	170	69	233	233
2051	Sciuro-hypnum starkei	3	3	15	7	7	90	-12	0	3.8	22	14	18	106	14	23	6.2	80	28	36	35	154	95	94	7	100	32	43.7	41	170	122	117	117
2052	Doronicum austriacum	4.3	19	12	12	12	55	-36	21	4.8	35	17	14	87	-4	172	6.4	83	27	34	34	183	90	624	7	100	31	40	41	215	122	774	774
2053	Cardamine chelidonia	4.9	27	12	9	9	165	-27	18	5.4	41	15	10	176	-23	93	6.9	85	24	36	13	209	-11	318	7.5	100	28	43	14	220	-8	393	393
2054	Luzula nivea	3	3	18	6	6	110	-22	8	3.4	8	18	17	126	6	47	4.6	23	28	54	35	174	93	163	5	28	31	66	41	190	122	202	202
2055	Saxifraga cuneifolia	3.8	13	15	8	8	110	-17	26	4	16	14	17	119	10	156	4.7	25	27	34	35	146	94	544	5	28	31	41	41	155	122	674	674
2056	Plagiothecium undulatum	3	3	18	8	8	90	-12	0	3.7	17	12	18	107	14	14	6	60	28	27	35	158	95	55	6.8	75	31	32	41	175	122	69	69
2057	Phleum rhaeticum	3.2	5	22	8	8	90	20	321	3.7	12	12	22	100	29	368	5.5	34	29	27	28	130	59	506	6.1	42	31	32	30	140	69	552	552
2058	Campanula serrata	3.2	5	20	8	8	90	-7	44	3.7	12	12	17	105	8	146	5.5	34	28	27	26	150	53	451	6.1	42	31	32	30	165	69	552	552
2059	Soldanella carpatica	3.2	5	22	8	8	90	20	321	3.7	12	12	22	100	29	368	5.5	34	29	27	28	130	59	506	6.1	42	31	32	30	140	69	552	552
2063	Salix pentandra	4.3	19	7	8	8	115	-46	309	4.8	35	18	8	130	-34	417	6.4	83	23	48	15	175	0	740	7	100	28	58	18	190	12	848	848
2064	Alchemilla monticola	4.9	27	12	9	9	135	-27	458	5.3	41	15	14	141	-7	501	6.5	85	23	34	26	159	49	628	7	100	26	41.2	30	165	69	671	671
2065	Anthoxanthum alpinum	3.1	4	15	26	26	40	-17	133	3.4	8	32	17	61	10	204	4.4	21	51	53	35	124	94	414	4.8	26	60	60	41	145	122	485	485
2066	Heracleum austriacum	6.4	52	12	8	8	90	-17	339	6.7	61	14	17	101	10	376	7.6	90	23	32	35	134	94	486	8	100	26	38	41	145	122	523	523
2067	Homogyne discolor	6.4	52	20	6	6	40	25	140	6.7	61	10	25	45	44	161	7.6	90	24	23	37	60	102	224	8	100	26	28	41	65	122	244	244
2068	Euphrasia officinalis	4.9	27	12	9	9	140	-7	458	5.5	41	15	17	145	8	501	7.3	85	23	34	26	160	53	628	8	100	26	41.2	30	165	69	671	671
2069	Euphrasia rostkoviana	4.9	27	12	9	9	140	-7	458	5.5	41	15	17	145	8	501	7.3	85	23	34	26	160	53	628	8	100	26	41.2	30	165	69	671	671
2080	Ulmus minor	4.8	26	8	8	8	140	-46	371	5.4	40	18	10	170	-26	571	7.3	85	20	49	22	260	30	1169	8	100	24	60	26	290	50	1368	1368
2081	Persicaria lapathifolia	4.1	17	7	22	22	140	-36	372	4.8	33	28	12	156	-16	481	7.2	83	22	48	24	204	40	807	8	100	26	55	28	220	60	916	916
2083	Bromus sterilis	5	28	7	5	5	145	-36	147	5.6	42	13	12	178	-16	306	7.4	85	19	37	24	277	40	781	8	100	22	46	28	310	60	940	940
2084	Descurainia sophia	6.1	40	12	4	4	145	-46	387	6.4	52	6	8	159	-36	450	7.6	88	20	14	14	201	-7	637	8	100	22	17	16	215	2	699	699
2085	Atriplex sagittata	5.2	30	12	4	4	145	-46	387	5.6	44	6	8	159	-36	450	7	86	20	14	14	201	-7	637	7.5	100	22	17	16	215	2	699	699
2087	Lepidium ruderale	4.2	18	12	4	4	145	-46	307	4.9	34	8	8	159	-33	412	7.2	83	20	23	16	201	4	727	8	100	22	28	19	215	17	831	831
2089	Anchusa officinalis	5.8	36	12	5	5	165	-46	381	6.1	48	7	8	175	-36	472	7.1	87	20	14	14	205	-7	746	7.5	100	22	17	16	215	2	837	837
2090	Onopordum acanthium	5.8	36	7	5	5	165	-46	442	6.1	48	7	8	175	-36	561	7.1	87	19	14	14	205	-7	916	7.5	100	22	17	16	215	2	1035	1035
2091	Carduus acanthoides	5.8	36	12	5	5	165	-46	303	6.2	48	7	8	175	-36	409	7.5	87	20	14	14	205	-7	730	8	100	22	17	16	215	2	837	837
2093	Eleocharis quinqueflora	6.4	52	26	29	29	40	-22	157	6.6	61	36	17	70	10	199	7.2	90	31	58	38	160	108	328	7.5	100	33	66	45	190	141	370	370
3000	Acorus calamus	4.8	26	10	33	33	65	-46	208	5.5	40	38	10	96	-23	359	7.7	85	19	54	25	189	46	810	8.5	100	22	60	30	220	69	960	960
3001	Calliergonella cuspidata	3.8	13	10	8	8	65	-46	0	4.5	30	19	10	96	-23	142	6.7	82	28	54	25	189	46	566	7.5	100	33	66	30	220	69	708	708
3002	Aegopodium podagraria	4	16	10	8	8	110	-46	0	4.7	32	18	13	140	-12	213	6.8	83	26	48	34	230	88	850	7.5	100	31	58	41	260	122	1062	1062
3003	Agrostis canina	3.1	4	8	4	4	65	-46	44	3.5	9	16	10	100	-23	205	4.7	24	49	53	25	205	46	689	5.2	30	60	66	30	240	69	850	850
3004	Agrostis gigantea	4.7	25	12	24	24	40	-46	139	5.2	40	31	10	76	-23	333	6.9	85	28	52	25	184	46	916	7.5	100	33	60	30	220	69	1111	1111
3005	Agrostis stolonifera	4	16	7	8	8	40	-46	22	4.8	32	19	13	98	-8	209	7.2	83	27	54	37	272	103	773	8	100	33	66	45	330	141	960	960
3006	Aldrovanda vesiculosa	4	16	20	100	100	115	-46	135	4.8	32	100	10	130	-23	232	7.2	83	40	100	24	175	42	521	8	100	45	100	29	190	65	617	617
3007	Alnus glutinosa	3.3	6	8	8	8	110	-46	300	4.1	24	18	13	142	-12	495	6.6	81	28	49	34	238	88	1081	7.5	100	33	60	41	270	122	1277	1277
3008	Alopecurus geniculatus	4.9	27	12	32	32	115	-36	325	5.4	41	35	10	130	-26	416	6.9	85	20	46	16	175	2	689	7.5	100	22	50	18	190	12	780	780
3009	Andromeda polifolia	3.1	4	20	50	50	95	-46	35	3.4	8	52	10	118	-23	35	4.5	22	52	58	25	187	46	35	4.9	27	60	60	30	210	69	35	35
3010	Angelica sylvestris	4.6	24	10	8	8	115	-46	6	5.2	39	18	10	144	-23	219	7.3	84	28	49	25	231	46	859	8	100	33	60	30	260	69	1072	1072
3011	Helosciadium inundatum	5	28	13	38	38	90	-22	193	5.6	42	43	14	110	-3	298	7.4	85	29	60	26	170	50	616	8	100	33	66	30	190	69	721	721
3012	Helosciadium nodiflorum	5.2	30	7	36	36	175	-51	530	5.8	44	40	8	196	-33	680	7.8	86	22	55	19	259	18	1130	8.5	100	26	60	23	280	36	1280	1280
3013	Armeria purpurea	5.4	32	26	36	36	115	30	335	5.7	45	42	23	120	37	369	6.6	86	30	60	27	135	58	473	7	100	31	66	29	140	65	508	508
3015	Aulacomnium palustre	3.1	4	20	42	42	90	-46	5	3.5	9	45	10	115	-23	116	4.9	26	52	56	25	190	46	447	5.4	32	60	60	30	215	69	557	557
3016	Azolla caroliniana	6.5	56	10	100	100	140	-46	188	6.8	64	100	7	156	-38	235	7.7	91	14	100	12	204	-15	377	8	100	16	100	14	220	-8	424	424
3017	Azolla filiculoides	6.5	56	10	100	100	140	-46	188	6.8	64	100	7	156	-38	235	7.7	91	14	100	12	204	-15	377	8	100	16	100	14	220	-8	424	424
3018	Baldellia ranunculoides	4.7	25	15	12	12	140	-36	117	5.3	40	29	11	180	-21	469	7.3	85	29	82	20	300	21	1522	8	100	33	100	23	340	36	1873	1873
3020	Berula erectum	6	38	7	35	35	65	-51	80	6.5	50	40	12	96	-16	238	8	87	22	55	33	189	87	709	8.5	100	26	60	41	220	122	867	867
3021	Ptychostomum schleicheri	6.4	52	24	38	38	65	1	236	6.5	61	43	18	80	14	303	6.8	90	27	60	27	125	55	505	7	100	28	66	30	140	69	573	573
3022	Ptychostomum weigelii	4	16	26	40	40	90	1	223	4.1	17	44	18	101	14	285	4.4	20	30	56	27	134	55	470	4.5	22	32	60	30	145	69	532	532
3023	Butomus umbellatus	4.4	22	7	40	40	65	-46	94	5.2	37	52	13	93	-12	245	7.6	84	22	88	34	177	88	699	8.5	100	26	100	41	205	122	850	850
3024	Calamagrostis canescens	3.8	13	8	32	32	115	-46	21	4.4	30	38	13	136	-12	160	6.3	82	28	59	34	199	88	577	7	100	33	66	41	220	122	716	716
3025	Calamagrostis pseudophragmites	4.7	25	15	42	42	40	-17	147	5.5	40	45	14	59	-5	207	8.1	85	29	56	21	116	29	386	9	100	33	60	24	135	41	446	446
3026	Calamagrostis stricta	3.1	4	15	32	32	115	-46	294	4	13	38	9	136	-28	405	7	42	29	59	20	199	23	739	8	52	33	66	24	220	41	850	850
3027	Calamagrostis varia	4.2	18	12	4	4	40	-17	3	4.9	34	14	17	74	10	116	7.2	83	27	47	35	176	94	453	8	100	31	58	41	210	122	565	565
3028	Caldesia parnassiifolia	4.8	26	13	88	88	115	-31	122	5.2	40	90	10	136	-24	193	6.5	85	20	97	14	199	-4	404	7	100	22	100	16	220	2	474	474
3029	Callitriche cophocarpa	6.5	56	11	40	40	65	-46	112	6.9	64	50	13	90	-12	185	8.1	91	18	80	34	165	88	401	8.5	100	20	91	41	190	122	474	474
3030	Callitriche hamulata	4.9	27	7	40	40	90	-36	123	5.6	41	52	14	110	-4	243	7.7	85	23	88	34	170	90	606	8.5	100	27	100	41	190	122	726	726
3031	Callitriche obtusangula	4.9	27	7	40	40	65	-46	208	5.6	41	45	13	96	-12	328	7.7	85	22	60	34	189	88	687	8.5	100	26	66	41	220	122	807	807
3032	Callitriche palustris	5	28	8	40	40	65	-31	106	5.6	42	45	15	96	0	249	7.4	85	22	60	34	189	91	679	8	100	26	66	41	220	122	822	822
3033	Callitriche platycarpa	6.5	56	12	40	40	115	-22	238	6.7	64	45	13	130	-10	331	7.3	91	18	60	20	175	24	610	7.5	100	20	66	23	190	36	703	703
3034	Callitriche stagnalis	4	16	11	40	40	65	-46	112	4.9	32	45	13	108	-12	344	7.6	83	24	60	34	237	88	1040	8.5	100	28	66	41	280	122	1272	1272
3035	Calluna vulgaris	3	3	15	4	4	40	-46	29	3.4	8	16	13	76	-12	29	4.9	26	51	53	34	184	88	29	5.4	32	60	66	41	220	122	29	29
3036	Caltha palustris	3.1	4	8	8	8	65	-46	3	4	23	19	13	96	-12	217	7	80	28	54	34	189	88	858	8	100	33	66	41	220	122	1072	1072
3037	Cardamine amara	4.7	25	10	25	25	65	-46	5	5.1	40	31	10	93	-23	125	6.5	85	24	51	25	177	46	484	7	100	28	58	30	205	69	604	604
3038	Cardamine pratensis	3	3	12	8	8	115	-46	21	4	22	18	10	136	-23	231	7	80	28	49	25	199	46	862	8	100	33	60	30	220	69	1072	1072
3039	Carex acutiformis	3.7	12	10	36	36	65	-46	5	4.6	29	42	13	96	-12	214	7.5	82	27	60	34	189	88	843	8.5	100	32	66	41	220	122	1052	1052
3040	Carex appropinquata	4.1	17	15	31	31	115	-46	328	4.9	33	38	10	136	-23	425	7.6	83	29	59	25	199	46	717	8.5	100	33	66	30	220	69	814	814
3041	Carex bicolor	6.4	52	26	43.8	43.8	40	64	157	6.5	61	47	32	50	79	199	6.8	90	31	56	41	80	125	328	7	100	33	60	45	90	141	370	370
3042	Carex bohemica	4	25	8	28	28	40	-46	116	4.9	40	35	13	76	-12	232	7.6	85	28	58	34	184	88	579	8.5	100	33	66	41	220	122	695	695
3043	Carex brizoides	3.3	6.2	10	24	24	110	-46	5	4.1	24	30	12	132	-17	158	6.6	81	27	51	30	198	69	617	7.5	100	32	58	36	220	98	770	770
3044	Carex buekii	4.8	26	15	31	31	115	-46	359	5.4	40	36	8	125	-36	441	7.3	85	25	52	14	155	-7	688	8	100	28	58	16	165	2	770	770
3045	Carex canescens	3	3	8	27	27	40	-46	15	3.4	9	33	13	76	-12	175	4.9	27	49	53	34	184	88	654	5.4	33	60	60	41	220	122	814	814
3046	Carex cespitosa	4.7	25	20	31	31	115	-46	354	5	29	36	8	125	-36	394	5.9	41	23	54	14	155	-7	513	6.2	45	24	60	16	165	2	552	552
3047	Carex chordorrhiza	5.2	30	24	43.8	43.8	115	-27	350	5.8	44	48	13	125	-8	401	7.8	86	27	61	25	155	46	553	8.5	100	28	66	29	165	65	603	603
3048	Carex diandra	4.1	17	15	31	31	120	-7	329	4.4	22	36	16	125	2	384	5.6	37	29	54	22	140	31	548	6	42	33	60	24	145	41	603	603
3049	Carex disticha	4.7	25	12	36	36	115	-46	317	5.3	40	42	8	136	-36	446	7.3	85	24	60	14	199	-7	832	8	100	28	66	16	220	2	960	960
3050	Carex echinata	3.1	4	15	42	42	40	-46	66	3.7	13	45	13	76	-12	216	5.7	42	51	56	34	184	88	668	6.4	52	60	60	41	220	122	819	819
3051	Carex elata	3.1	4	8	40	40	110	-46	78	4	23	45	13	132	-12	232	7	80	28	60	34	198	88	696	8	100	33	66	41	220	122	850	850
3052	Carex flacca	4.8	26	8	4	4	80	-41	3	5.4	40	15	12	116	-13	229	7.3	85	28	48	30	224	70	905	8	100	33	60	36	260	98	1130	1130
3054	Carex nigra	3	3	12	22	22	40	-46	36	3.6	12	30	13	76	-12	216	5.7	42	50	57	34	184	88	758	6.4	52	60	66	41	220	122	938	938
3055	Carex gracilis	4.6	24	12	32	32	115	-46	310	5.1	39	38	10	136	-23	440	6.9	84	28	59	25	199	46	830	7.5	100	33	66	30	220	69	960	960
3056	Carex lasiocarpa	3.1	4	15	38	38	115	-46	294	3.7	13	43	10	136	-23	405	5.7	43	51	60	25	199	46	739	6.4	53	60	66	30	220	69	850	850
3057	Carex maritima	6.4	52	26	43.8	43.8	40	64	157	6.6	61	47	32	50	79	199	7.2	90	31	56	41	80	125	328	7.5	100	33	60	45	90	141	370	370
3058	Carex oederi	5	28	26	31	31	140	-31	0	5.6	42	36	11	150	-19	0	7.4	85	31	54	18	180	14	0	8	100	33	60	21	190	26	0	0
3059	Carex x oenensis	5	28	10	31	31	115	-46	209	5.7	42	36	9	130	-29	309	7.8	85	22	54	19	175	19	611	8.5	100	26	60	23	190	36	712	712
3060	Carex panicea	3.1	4	12	31	31	65	-46	71	4.1	23	38	10	96	-23	211	7.4	80	28	59	25	189	46	630	8.5	100	33	66	30	220	69	770	770
3061	Carex pseudocyperus	4.1	17	8	40	40	110	-46	80	4.6	33	45	13	132	-12	264	6.4	83	28	60	34	198	88	815	7	100	33	66	41	220	122	999	999
3062	Carex remota	3.8	13	10	16	16	90	-46	3	4.6	30	24	13	124	-12	123	7.1	82	26	49	34	226	88	484	8	100	31	58	41	260	122	604	604
3063	Carex riparia	3.1	4	8	36	36	65	-46	41	3.9	23	38	10	96	-23	225	6.6	80	27	47	25	189	46	776	7.5	100	32	50	30	220	69	960	960
3064	Carex rostrata	3.1	4	15	36	36	65	-46	31	3.5	10	42	13	96	-12	195	5	28	51	60	34	189	88	687	5.5	34	60	66	41	220	122	851	851
3065	Carex vesicaria	4.1	17	10	27	27	115	-46	78	4.6	33	34	10	136	-23	225	6.4	83	28	58	25	199	46	667	7	100	33	66	30	220	69	814	814
3066	Carex vulpina	4.1	17	12	31	31	115	-27	325	4.8	33	36	11	130	-21	423	7.2	83	20	54	14	175	-3	717	8	100	22	60	16	190	2	816	816
3067	Catoscopium nigritum	6.5	56	40	40	40	90	-27	286	6.9	64	45	11	95	-20	307	8.1	91	47	60	15	110	0	370	8.5	100	49	66	17	115	7	391	391
3068	Centaurium pulchellum	6.4	52	12	9	9	140	-17	434	6.8	61	15	15	145	0	487	8	90	23	36	26	160	51	644	8.5	100	26	43	30	165	69	697	697
3069	Ceratophyllum demersum	5.8	36	10	100	100	65	-46	11	6.3	48	100	13	93	-12	162	7.9	87	28	100	34	177	88	614	8.5	100	33	100	41	205	122	765	765
3070	Ceratophyllum submersum	6.5	56	7	100	100	140	-27	172	6.9	64	100	12	150	-16	225	8.1	91	11	100	18	180	15	384	8.5	100	13	100	21	190	26	436	436
3071	Chorda filum	6.5	56	12	40	40	140	-17	74	6.7	64	52	14	150	-6	105	7.3	91	15	88	20	180	25	199	7.5	100	16	100	23	190	36	230	230
3072	Chrysosplenium alternifolium	4.1	17	12	8	8	40	-46	0	4.7	33	18	13	73	-12	121	6.8	83	27	48	34	172	88	483	7.5	100	31	58	41	205	122	604	604
3073	Chrysosplenium oppositifolium	4.7	25	10	31	31	100	-27	5	5.1	40	36	14	126	-7	173	6.5	85	22	52	26	204	49	679	7	100	26	58	30	230	69	847	847
3074	Cirsium palustre	3.2	5	10	8	8	65	-46	5	3.9	24	18	13	96	-12	218	6.2	81	28	49	34	189	88	858	7	100	33	60	41	220	122	1072	1072
3075	Cladium mariscus	6.3	49	18	40	40	115	-27	361	6.8	59	45	16	137	2	429	8.4	89	27	60	34	203	92	633	9	100	30	66	41	225	122	702	702
3076	Cochlearia pyrenaica	6.5	56	24	40	40	40	1	99	6.9	64	45	21	50	29	144	8.1	91	27	60	39	80	113	279	8.5	100	28	66	45	90	141	324	324
3077	Comarum palustre	3.1	4	15	33	33	65	-46	7	4.1	23	39	13	96	-12	176	7.4	80	51	59	34	189	88	682	8.5	100	60	66	41	220	122	851	851
3078	Calystegia sepium	4	16	7	12	12	115	-46	17	4.7	32	21	12	154	-17	224	6.8	83	27	50	30	271	69	845	7.5	100	33	60	36	310	98	1052	1052
3079	Palustriella commutata	6.4	52	20	36	36	40	-27	99	6.8	61	42	17	60	6	184	8	90	43	60	38	120	107	437	8.5	100	49	66	45	140	141	521	521
3080	Cratoneuron filicinum	5.8	38	24	36	36	115	-31	193	6.1	50	40	10	137	-24	316	7.1	87	27	53	14	203	-4	687	7.5	100	28	58	16	225	2	811	811
3081	Cyperus flavescens	3.8	13	12	9	9	140	-17	434	4.6	30	15	15	145	0	487	7.1	82	23	36	26	160	51	644	8	100	26	43	30	165	69	697	697
3082	Cyperus fuscus	3.8	13	12	36	36	140	-46	421	4.5	30	40	10	156	-23	479	6.7	82	23	53	25	204	46	654	7.5	100	26	58	30	220	69	712	712
3083	Deschampsia cespitosa	3	3	8	16	16	90	-46	3	4	22	24	13	116	-12	166	7	80	28	51	34	194	88	653	8	100	33	60	41	220	122	816	816
3084	Deschampsia rhenana	6.4	52	26	36	36	115	30	335	6.7	61	40	23	120	37	369	7.6	90	30	53	27	135	58	473	8	100	31	58	29	140	65	508	508
3086	Diobelon squarrosum	3.1	3	20	36	36	65	-17	21	3.7	10	40	15	81	0	109	5.5	32	30	53	26	129	51	372	6.1	40	33	58	30	145	69	460	460
3087	Drepanocladus aduncus	6.5	56	20	43	43	115	-31	178	6.9	64	47	10	130	-24	241	8.1	91	24	61	14	175	-4	433	8.5	100	26	66	16	190	2	496	496
3088	Sarmentypnum exannulatum	3.1	4	16	38	38	40	-31	17	3.7	12	42	16	65	3	103	5.5	36	29	55	37	140	106	362	6.2	45	33	60	45	165	141	448	448
3089	Scorpidium cossonii	6.4	52	24	36	36	115	-22	193	6.7	61	42	13	130	-9	257	7.6	90	31	60	21	175	28	449	8	100	33	66	24	190	41	513	513
3090	Scorpidium revolvens	4.1	17	15	36	36	115	-22	16	4.6	33	40	14	130	-3	45	6.4	83	29	55	26	175	50	131	7	100	33	60	30	190	69	160	160
3091	Eleocharis acicularis	3.1	4	8	43.8	43.8	40	-46	116	4.1	23	48	13	76	-12	243	7.4	80	28	61	34	184	88	626	8.5	100	33	66	41	220	122	753	753
3092	Eleocharis multicaulis	4	16	26	43.8	43.8	140	-22	306	4.8	24	47	14	150	-4	389	7.2	48	31	56	25	180	47	638	8	56	33	60	29	190	65	721	721
3094	Eleocharis palustris	5	28	10	39	39	65	-46	59	5.7	42	51	13	120	-12	422	7.8	85	28	87	34	285	88	1510	8.5	100	33	100	41	340	122	1873	1873
3095	Eleocharis parvula	5	28	18	41	41	140	-12	272	5.4	42	44	15	156	-2	313	6.8	85	21	56	21	204	26	435	7.3	100	22	60	23	220	36	476	476
3096	Elodea canadensis	5	28	7	100	100	65	-46	19	5.7	42	100	13	96	-12	189	7.8	85	23	100	34	189	88	697	8.5	100	27	100	41	220	122	867	867
3097	Epilobium hirsutum	5.6	35	12	33	33	115	-31	116	6	48	38	13	136	-11	341	7.5	87	20	53	25	199	49	1016	8	100	22	58	30	220	69	1241	1241
3098	Epilobium palustre	3.8	13	12	32	32	65	-46	271	4.2	19	37	10	96	-23	380	5.7	38	28	54	25	189	46	706	6.2	45	33	60	30	220	69	814	814
3099	Equisetum fluviatile	3.1	4	10	33	33	65	-46	71	4.1	23	46	13	96	-12	257	7.4	80	50	86	34	189	88	813	8.5	100	60	100	41	220	122	999	999
3100	Equisetum sylvaticum	3.8	13	15	8	8	90	-27	3	4.4	30	19	16	110	2	126	6.3	82	28	54	34	170	92	495	7	100	32	66	41	190	122	618	618
3101	Equisetum telmateia	4.7	25	14	9	9	65	-22	28	5.3	40	16	14	106	-3	98	7.3	85	25	37	26	229	50	305	8	100	28	44	30	270	69	374	374
3102	Equisetum variegatum	4.7	25	12	32	32	40	-22	22	5.3	40	37	17	70	10	147	7.3	85	28	54	38	160	108	523	8	100	33	60	45	190	141	649	649
3104	Erica carnea	3.1	4	15	6	6	40	-31	18	4	23	16	15	76	0	18	7	80	27	47	34	184	91	18	8	100	31	58	41	220	122	18	18
3105	Eriophorum angustifolium	3.2	5	15	42	42	65	-46	66	3.6	10	46	13	96	-12	223	4.9	26	51	61	34	189	88	693	5.4	32	60	66	41	220	122	850	850
3106	Eriophorum latifolium	5	28	12	31	31	115	-46	347	5.6	42	36	9	130	-31	420	7.4	85	27	54	18	175	11	639	8	100	31	60	21	190	26	712	712
3107	Eriophorum scheuchzeri	4.5	23	26	41	41	40	-12	152	4.8	27	44	19	57	18	214	5.8	40	31	56	38	108	110	401	6.2	45	33	60	45	125	141	463	463
3108	Eriophorum vaginatum	3	3	18	32	32	90	-46	15	3.3	7	38	10	116	-23	175	4.4	21	51	59	25	194	46	655	4.8	26	60	66	30	220	69	815	815
3109	Eucladium verticillatum	6.5	56	24	42	42	115	-27	141	6.9	64	46	11	162	-20	193	8.1	91	27	61	15	303	0	348	8.5	100	28	66	17	350	6	400	400
3110	Filipendula ulmaria	3.1	4	8	26	26	110	-46	5	4	23	32	13	132	-12	218	7	80	28	53	34	198	88	858	8	100	33	60	41	220	122	1072	1072
3111	Fontinalis antipyretica	4	16	7	100	100	65	-46	133	4.9	32	100	13	90	-12	228	7.6	83	23	100	34	165	88	514	8.5	100	28	100	41	190	122	609	609
3112	Fontinalis squamosa	4	16	24	36	36	140	-27	244	4.1	17	40	14	150	-7	319	4.4	20	27	53	26	180	49	544	4.5	22	28	58	30	190	69	618	618
3113	Galeopsis bifida	3	3	15	12	12	115	-46	16	3.8	22	18	10	125	-24	167	6.2	80	28	36	23	155	38	619	7	100	32	43	28	165	60	770	770
3114	Galium palustre	3.1	4	8	32	32	65	-46	5	4	23	38	13	96	-12	203	7	80	49	59	34	189	88	799	8	100	60	66	41	220	122	998	998
3115	Galium uliginosum	3.1	4	12	23	23	65	-46	58	4	23	31	10	96	-23	239	7	80	28	57	25	189	46	780	8	100	33	66	30	220	69	960	960
3116	Gentiana utriculosa	5.2	30	26	31	31	140	-22	0	5.6	44	38	13	145	-12	0	7	86	30	59	19	160	16	0	7.5	100	31	66	21	165	26	0	0
3117	Geum rivale	4.4	21	10	8	8	90	-46	8	5.1	36	18	10	116	-23	217	7.2	84	28	49	25	194	46	843	8	100	33	60	30	220	69	1052	1052
3118	Glyceria fluitans	4.8	26	7	33	33	90	-51	80	5.5	40	39	10	116	-27	256	7.7	85	27	59	25	194	45	784	8.5	100	33	66	30	220	69	960	960
3119	Glyceria maxima	4.6	24	7	33	33	65	-51	61	5.3	39	39	12	96	-16	222	7.7	84	23	59	33	189	87	705	8.5	100	28	66	41	220	122	867	867
3120	Glyceria plicata	6.4	52	7	40	40	65	-22	165	6.8	61	45	17	90	6	263	8	90	14	60	35	165	93	558	8.5	100	16	66	41	190	122	657	657
3121	Hippuris vulgaris	6.5	56	10	43.8	43.8	65	-27	94	6.9	64	48	16	90	2	194	8.1	91	14	61	34	165	92	494	8.5	100	16	66	41	190	122	594	594
3122	Homogyne alpina	3.3	6	15	4	4	40	-17	3	3.7	11	15	17	65	10	114	4.9	26	51	48	35	140	94	447	5.4	32	60	60	41	165	122	557	557
3123	Hottonia palustris	5	28	8	40	40	65	-36	19	5.6	42	52	14	96	-4	130	7.5	85	24	88	34	189	90	462	8.2	100	28	100	41	220	122	573	573
3124	Hydrocharis morsus-ranae	5	28	8	100	100	65	-46	19	5.7	42	100	13	96	-12	168	7.8	85	23	100	34	189	88	616	8.5	100	27	100	41	220	122	765	765
3125	Hydrocotyle vulgaris	3.1	4	13	42	42	90	-36	193	3.4	8	53	12	116	-15	324	4.6	23	29	88	25	194	48	719	5	28	33	100	30	220	69	850	850
3126	Impatiens noli-tangere	4.1	17	10	8	8	110	-46	4	4.7	33	18	13	132	-12	157	6.8	83	24	49	34	198	88	617	7.5	100	28	60	41	220	122	770	770
3127	Inula britannica	4.8	26	12	5	5	140	-46	388	5.4	40	13	9	154	-31	454	7.3	85	23	37	18	196	11	654	8	100	26	46	21	210	26	720	720
3128	Inula salicina	3.7	12	15	14	14	115	-46	18	4.6	29	24	8	136	-34	163	7.5	82	29	54	15	199	0	596	8.5	100	33	65	18	220	12	740	740
3129	Iris pseudacorus	4.1	17	8	23	23	65	-46	5	4.9	33	31	13	96	-12	204	7.6	83	28	57	34	189	88	800	8.5	100	33	66	41	220	122	999	999
3130	Isoetes lacustris	4	16	24	40	40	65	-46	190	4.6	32	45	13	90	-12	313	6.4	83	40	60	34	165	88	684	7	100	45	66	41	190	122	808	808
3131	Juncus acutiflorus	3.1	4	12	33	33	90	-46	240	3.7	13	39	10	116	-23	406	5.7	42	28	59	25	194	46	905	6.4	52	33	66	30	220	69	1072	1072
3132	Juncus articulatus	3	3	12	32	32	40	-46	22	4	22	37	10	76	-23	217	7	80	28	54	25	184	46	802	8	100	33	60	30	220	69	998	998
3133	Juncus bufonius	3.8	13	12	20	20	140	-46	22	4.3	21	28	10	170	-23	351	5.9	47	23	52	25	260	46	1340	6.5	56	26	60	30	290	69	1670	1670
3134	Juncus bulbosus	3.1	4	22	40	40	45	-46	44	4	23	44	13	74	-8	197	7	80	52	56	37	161	103	655	8	100	60	60	45	190	141	808	808
3135	Juncus effusus	3	3	10	8	8	65	-46	5	3.6	13	19	13	104	-12	172	5.7	44	50	54	34	221	88	673	6.4	55	60	66	41	260	122	840	840
3136	Juncus filiformis	3.1	4	15	32	32	40	-17	133	3.6	10	37	17	65	10	235	5.1	28	51	54	35	140	94	539	5.6	35	60	60	41	165	122	640	640
3137	Juncus inflexus	5.2	30	12	33	33	40	-46	139	5.7	44	38	10	84	-23	348	7.4	86	23	53	25	216	46	973	8	100	26	58	30	260	69	1182	1182
3138	Juncus squarrosus	3	3	18	4	4	90	-36	257	3.3	6	15	12	116	-15	372	4.2	18	51	48	25	194	48	719	4.5	22	60	60	30	220	69	835	835
3139	Juncus subnodulosus	5	28	7	36	36	115	-46	233	5.6	42	40	13	130	-12	328	7.4	85	19	55	34	175	88	616	8	100	22	60	41	190	122	712	712
3140	Kobresia simpliciuscula	6.4	52	26	40	40	40	64	155	6.7	61	44	32	50	79	196	7.6	90	31	56	41	80	125	320	8	100	33	60	45	90	141	361	361
3141	Lathyrus palustris	4.2	18	12	8	8	115	-46	31	4.9	34	19	8	136	-34	217	7.2	83	28	54	15	199	0	774	8	100	33	66	18	220	12	960	960
3142	Rhododendron tomentosum	3	3	18	28	28	105	-46	35	3.5	10	35	7	128	-37	35	5.3	31	51	58	13	197	-11	35	5.9	38	60	66	15	220	-3	35	35
3143	Leersia oryzoides	6.5	56	12	43.8	43.8	115	-27	295	6.8	64	48	11	130	-21	386	7.7	91	15	61	14	175	-3	661	8	100	16	66	16	190	2	753	753
3144	Lemna gibba	6	38	7	100	100	140	-27	69	6.5	50	100	13	150	-8	125	8	87	14	100	25	180	46	294	8.5	100	16	100	29	190	65	350	350
3145	Lemna minor	4.9	27	7	100	100	65	-51	11	5.6	41	100	12	96	-16	183	7.7	85	23	100	33	189	87	698	8.5	100	27	100	41	220	122	870	870
3146	Lemna aequinoctialis	6.5	56	10	100	100	140	-46	188	6.8	64	100	7	156	-38	235	7.7	91	14	100	12	204	-15	377	8	100	16	100	14	220	-8	424	424
3147	Lemna trisulca	5	28	7	100	100	65	-36	13	5.7	42	100	14	96	-4	184	7.8	85	23	100	34	189	90	699	8.5	100	27	100	41	220	122	870	870
3148	Limosella aquatica	6.1	40	18	36	36	140	-46	421	6.3	52	40	7	156	-38	479	7.2	88	21	53	12	204	-15	654	7.5	100	22	58	14	220	-8	712	712
3149	Lindernia procumbens	3.1	4	8	58	58	40	-46	116	4.1	23	59	13	76	-12	232	7.4	80	28	64	34	184	88	579	8.5	100	33	66	41	220	122	695	695
3150	Littorella uniflora	4	16	13	40	40	65	-46	59	4.8	32	52	13	90	-12	209	7.2	83	38	88	34	165	88	658	8	100	45	100	41	190	122	808	808
3151	Lobelia dortmanna	4.7	24	40	40	40	115	-27	307	5.1	39	45	13	130	-8	393	6.5	84	44	60	25	175	46	654	7	100	45	66	29	190	65	740	740
3152	Luronium natans	4.7	25	10	100	100	65	-36	112	5.4	40	100	14	90	-4	185	7.5	85	22	100	34	165	90	401	8.2	100	26	100	41	190	122	474	474
3153	Lycopus europaeus	3.7	12	7	12	12	65	-46	5	4.6	29	22	13	104	-12	204	7.5	82	27	55	34	221	88	800	8.5	100	33	66	41	260	122	999	999
3154	Lysimachia nemorum	4.6	24	15	8	8	90	-17	3	5.1	39	18	17	110	10	123	6.9	84	25	48	35	170	94	484	7.5	100	28	58	41	190	122	604	604
3155	Lysimachia nummularia	4.8	26	12	12	12	115	-46	3	5.4	40	18	10	144	-23	181	7.3	85	24	39	25	231	46	716	8	100	28	46	30	260	69	894	894
3156	Lysimachia thyrsiflora	3.1	4	15	40	40	115	-46	7	4	23	45	10	136	-23	176	7	80	29	60	25	199	46	682	8	100	33	66	30	220	69	850	850
3157	Lysimachia vulgaris	3	3	7	8	8	110	-46	5	4.1	22	19	13	132	-12	171	7.4	80	27	54	34	198	88	669	8.5	100	33	66	41	220	122	835	835
3158	Lythrum salicaria	3.8	13	10	32	32	40	-46	7	4.7	30	38	13	88	-12	251	7.5	82	28	59	34	232	88	983	8.5	100	33	66	41	280	122	1227	1227
3159	Marsilea quadrifolia	5	28	26	100	100	115	-46	379	5.4	42	100	10	130	-23	485	6.6	85	31	100	24	175	42	804	7	100	33	100	29	190	65	910	606
3160	Mentha aquatica	4.1	17	7	32	32	40	-51	21	4.9	33	38	12	88	-16	231	7.6	83	27	59	33	232	87	862	8.5	100	33	66	41	280	122	1072	1072
3161	Menyanthes trifoliata	3.1	4	15	32	32	115	-46	41	4.1	23	38	10	136	-23	191	7.4	80	51	59	25	199	46	643	8.5	100	60	66	30	220	69	794	794
3162	Plagiomnium elatum	4.1	17	15	11	11	115	-46	15	4.5	24	22	10	136	-23	53	5.9	47	29	55	25	199	46	166	6.4	55	33	66	30	220	69	203	203
3163	Molinia caerulea	3	3	15	4	4	90	-46	5	4	22	16	13	116	-12	171	7	80	51	53	34	194	88	669	8	100	60	66	41	220	122	835	835
3164	Montia fontana	4.7	25	18	36	36	65	-27	184	5.1	40	40	14	104	-7	262	6.5	85	26	53	26	221	49	495	7	100	28	58	30	260	69	573	573
3165	Myosotis palustris	3.7	12	12	24	24	90	-46	3	4.5	29	31	13	116	-12	140	7.1	82	28	52	34	194	88	551	8	100	33	60	41	220	122	688	688
3166	Myosotis scorpioides	4.2	18	12	43.8	43.8	115	-46	151	4.7	34	48	10	130	-23	284	6.4	83	28	61	24	175	42	683	7	100	33	66	29	190	65	816	816
3167	Myriophyllum alterniflorum	4	16	13	100	100	65	-46	59	4.6	32	100	13	96	-12	279	6.4	83	38	100	34	189	88	939	7	100	45	100	41	220	122	1159	1159
3168	Myriophyllum spicatum	6	40	8	100	100	110	-36	69	6.5	52	100	14	132	-4	171	8	88	23	100	34	198	90	478	8.5	100	27	100	41	220	122	580	580
3169	Myriophyllum verticillatum	5.2	30	16	100	100	65	-36	132	5.8	44	100	14	90	-4	258	7.8	86	24	100	34	165	90	638	8.5	100	26	100	41	190	122	765	765
3170	Najas flexilis	4	16	24	40	40	140	-46	233	4.8	32	44	8	150	-36	279	7.2	83	27	56	14	180	-7	415	8	100	28	60	16	190	2	460	460
3171	Najas marina	6.5	56	24	40	40	140	-46	147	6.9	64	52	8	150	-36	186	8.1	91	31	88	14	180	-7	303	8.5	100	33	100	16	190	2	342	342
3172	Najas intermedia	4	16	24	40	40	140	-46	233	4.9	32	44	8	150	-36	279	7.6	83	27	56	14	180	-7	415	8.5	100	28	60	16	190	2	460	460
3173	Najas minor	5.4	32	10	40	40	140	-46	176	6	45	44	6	150	-42	206	7.8	86	13	56	9	180	-31	295	8.5	100	14	60	10	190	-28	325	325
3174	Nardus stricta	3	3	12	4	4	40	-36	44	3.4	8	16	14	76	-4	216	4.6	23	50	53	34	184	90	733	5	28	60	66	41	220	122	905	905
3175	Nasturtium microphyllum	5.4	32	7	43.8	43.8	65	-22	236	6	45	48	17	80	6	288	7.8	86	14	61	35	125	93	447	8.5	100	16	66	41	140	122	500	500
3176	Nasturtium officinalis	5.2	30	7	43.8	43.8	115	-51	165	5.8	44	48	9	148	-27	388	7.8	86	22	61	24	247	41	1057	8.5	100	26	66	29	280	65	1280	1280
3177	Nuphar lutea	5	28	7	40	40	65	-46	15	5.7	42	45	13	96	-12	165	7.8	85	23	60	34	189	88	615	8.5	100	27	66	41	220	122	765	765
3178	Nuphar pumila	4	16	24	40	40	115	1	224	4.4	23	45	18	125	13	282	5.9	44	27	60	26	155	52	457	6.4	52	28	66	29	165	65	516	516
3179	Nymphaea alba	5.2	30	16	40	40	65	-36	132	5.8	44	45	14	90	-4	258	7.8	86	25	60	34	165	90	638	8.5	100	28	66	41	190	122	765	765
3180	Nymphaea alba minor	4.5	22	24	40	40	115	-31	142	5.2	37	45	11	130	-17	230	7.3	84	27	60	20	175	22	491	8	100	28	66	23	190	36	578	578
3181	Nymphaea candida	4	16	25	40	40	115	-31	142	4.4	23	45	10	130	-24	219	5.9	44	31	60	14	175	-4	450	6.4	52	33	66	16	190	2	526	526
3182	Nymphoides peltata	5.5	34	16	40	40	65	-36	159	6.1	47	45	14	90	-4	276	7.9	86	26	60	34	165	90	628	8.5	100	29	66	41	190	122	745	745
3183	Oenanthe aquatica	5.2	30	12	40	40	150	-27	194	5.6	44	45	11	158	-21	319	7	86	15	60	14	182	-3	691	7.5	100	16	66	16	190	2	816	816
3184	Oenanthe conioides	5.2	30	12	42	42	115	-27	0	5.8	44	46	16	130	2	0	7.8	86	23	61	34	175	92	0	8.5	100	26	66	41	190	122	0	0
3185	Anacamptis palustris	6	38	24	58	58	140	-7	417	6.4	50	59	16	150	2	463	7.6	87	31	64	22	180	31	602	8	100	33	66	24	190	41	648	648
3187	Parnassia palustris	4.1	17	12	23	23	40	-36	115	4.7	33	30	14	70	-4	232	6.8	83	28	52	34	160	90	584	7.5	100	33	60	41	190	122	701	701
3188	Pellia epiphylla	4	16	10	36	36	115	-46	0	4.6	32	40	10	133	-23	124	6.4	83	24	53	25	187	46	495	7	100	28	58	30	205	69	618	618
3189	Peucedanum palustre	3.1	4	8	40	40	65	-46	7	4.1	23	45	13	96	-12	176	7.4	80	49	60	34	189	88	682	8.5	100	60	66	41	220	122	851	851
3190	Phalaris arundinacea	3.1	4	7	21	21	65	-46	10	4.1	23	30	13	96	-12	208	7.4	80	27	57	34	189	88	801	8.5	100	33	66	41	220	122	999	999
3191	Philonotis calcarea	6.4	52	24	36	36	115	-27	141	6.7	61	40	11	120	-21	215	7.6	90	27	53	14	135	-3	438	8	100	28	58	16	140	2	513	513
3192	Philonotis fontana	4	16	20	36	36	65	-12	48	4.6	32	40	16	81	4	113	6.4	83	24	53	26	129	52	307	7	100	26	58	30	145	69	372	372
3193	Philonotis seriata	3.1	3	20	36	36	65	-17	21	3.8	22	40	15	81	0	131	6.2	80	26	53	26	129	51	462	7	100	28	58	30	145	69	573	573
3194	Phragmites australis	3.2	5	10	11	11	40	-46	18	4.2	24	28	13	100	-12	371	7.4	81	28	82	34	280	88	1431	8.5	100	33	100	41	340	122	1784	1784
3195	Physcomitrella patens	4.1	17	7	42	42	65	-46	17	4.9	33	46	13	96	-12	175	7.6	83	27	61	34	189	88	649	8.5	100	33	66	41	220	122	807	807
3198	Pinus sylvestris	3	3	8	2	2	110	-46	169	4	22	14	10	140	-23	315	7	80	49	53	25	230	46	750	8	100	60	66	30	260	69	895	895
3199	Plantago major	4.7	25	10	6	6	110	-36	117	5.3	40	16	12	140	-15	277	7.3	85	28	49	25	230	48	756	8	100	33	60	30	260	69	915	915
3200	Poa annua	3.1	4	12	4	4	110	-36	255	4	23	14	12	144	-15	387	7	80	27	44	25	246	48	783	8	100	31	55	30	280	69	915	915
3201	Poa palustris	4.8	26	12	8	8	115	-46	21	5.4	40	18	10	136	-23	209	7.3	85	28	49	25	199	46	773	8	100	33	60	30	220	69	960	960
3203	Pohlia wahlenbergii	4.8	26	12	9	9	115	-46	15	5.2	40	15	8	162	-36	166	6.5	85	24	36	14	303	-7	619	7	100	28	43.7	17	350	2	770	770
3204	Persicaria amphibia	4.6	24	7	32	32	65	-46	11	5.3	39	38	13	96	-12	201	7.7	84	27	59	34	189	88	771	8.5	100	33	66	41	220	122	960	960
3206	Bistorta officinalis	3.2	5	15	18	18	65	-46	19	3.6	11	26	13	96	-12	183	5.1	29	27	51	34	189	88	677	5.6	35	31	60	41	220	122	842	842
3207	Persicaria hydropiper	4.1	17	7	22	22	115	-46	21	4.7	33	30	10	136	-24	200	6.8	83	22	57	23	199	38	737	7.5	100	26	66	28	220	60	916	916
3208	Polytrichum strictum	3.1	4	24	50	50	115	-36	17	3.3	7	53	11	130	-21	136	4.1	17	52	62	20	175	21	496	4.4	21	60	66	23	190	36	616	616
3209	Potamogeton acutifolius	5	28	10	40	40	140	-46	150	5.7	42	52	8	150	-36	189	7.8	85	20	88	14	180	-7	308	8.5	100	23	100	16	190	2	348	348
3210	Potamogeton alpinus	4	16	10	40	40	40	-46	86	4.9	32	52	13	70	-8	168	7.6	83	22	88	37	160	103	415	8.5	100	26	100	45	190	141	497	497
3211	Potamogeton berchtoldii	6.5	56	11	40	40	140	-31	112	6.8	64	52	10	156	-24	322	7.8	91	18	88	14	204	-4	949	8.2	100	20	100	16	220	2	1159	1159
3212	Potamogeton coloratus	6.5	56	7	42	42	140	-27	233	6.8	64	53	12	145	-16	314	7.7	91	11	88	18	160	15	557	8	100	13	100	21	165	26	638	638
3213	Potamogeton crispus	6.5	56	7	40	40	65	-46	61	6.9	64	52	13	90	-12	194	8.1	91	17	88	34	165	88	593	8.5	100	20	100	41	190	122	726	726
3214	Stuckenia filiformis	4	16	13	40	40	40	-46	86	4.6	32	52	13	70	-8	168	6.4	83	23	88	37	160	103	415	7	100	26	100	45	190	141	497	497
3215	Potamogeton friesii	5	28	10	40	40	65	-31	19	5.6	42	52	15	96	0	108	7.5	85	22	88	34	189	91	374	8.2	100	26	100	41	220	122	463	463
3216	Potamogeton gramineus	4.8	26	13	40	40	65	-46	59	5.2	40	52	13	90	-12	168	6.5	85	29	88	34	165	88	496	7	100	33	100	41	190	122	606	606
3217	Potamogeton lucens	5	28	7	40	40	90	-36	61	5.7	42	52	14	110	-4	131	7.8	85	22	88	34	170	90	343	8.5	100	26	100	41	190	122	414	414
3218	Potamogeton mucronatus	4.5	23	24	40	40	140	-46	233	4.9	30	52	8	150	-36	279	6.1	51	27	88	14	180	-7	415	6.5	58	28	100	16	190	2	460	460
3219	Potamogeton natans	4	16	7	40	40	40	-46	15	4.9	32	52	13	76	-8	244	7.6	83	23	88	37	184	103	930	8.5	100	28	100	45	220	141	1159	1159
3220	Potamogeton x nitens	5	28	13	40	40	140	-31	172	5.5	42	52	10	145	-24	213	7	85	17	88	14	160	-4	335	7.5	100	18	100	16	165	2	376	376
3221	Potamogeton obtusifolius	4	16	8	40	40	110	-46	290	4.8	32	52	13	132	-12	375	7.3	83	23	88	34	198	88	632	8.2	100	27	100	41	220	122	717	717
3223	Stuckenia pectinata	4	16	7	40	40	65	-46	69	4.9	32	52	13	90	-12	200	7.6	83	27	88	34	165	88	595	8.5	100	33	100	41	190	122	726	726
3224	Potamogeton perfoliatus	5	28	7	40	40	90	-36	69	5.7	42	52	14	110	-4	140	7.8	85	22	88	34	170	90	354	8.5	100	26	100	41	190	122	425	425
3225	Potamogeton praelongus	5	28	20	40	40	140	-27	154	5.5	42	52	13	150	-8	208	7	85	24	88	25	180	46	371	7.5	100	26	100	29	190	65	425	425
3226	Potamogeton pusillus	4	16	7	40	40	40	-46	69	4.9	32	52	13	70	-8	194	7.6	83	22	88	37	160	103	571	8.5	100	26	100	45	190	141	697	697
3227	Potamogeton trichoides	5	28	20	40	40	115	-46	133	5.7	42	52	9	130	-31	183	7.8	85	26	88	18	175	11	335	8.5	100	28	100	21	190	26	386	386
3228	Argentina anserina	3.3	6	12	8	8	115	-46	115	4.2	24	18	10	136	-23	264	7	81	28	49	25	199	46	713	8	100	33	60	30	220	69	863	863
3229	Potentilla erecta	3.1	4	12	4	4	40	-46	16	4.1	23	16	13	76	-12	282	7.4	80	50	53	34	184	88	1078	8.5	100	60	66	41	220	122	1344	1344
3230	Potentilla reptans	4.9	27	12	6	6	115	-46	31	5.4	41	14	10	136	-23	261	6.9	85	28	38	25	199	46	952	7.5	100	33	46	30	220	69	1182	1182
3231	Primula farinosa	6.4	52	14	36	36	40	-22	155	6.8	61	40	17	65	10	257	8	90	29	55	38	140	108	563	8.5	100	33	60	45	165	141	665	665
3232	Ranunculus aquatilis	4	16	10	42	42	65	-46	19	4.8	32	53	13	96	-12	180	7.3	83	38	88	34	189	88	661	8.2	100	45	100	41	220	122	822	822
3233	Ranunculus baudotii	6.5	56	7	42	42	140	-27	148	6.9	64	53	13	150	-8	199	8.1	91	15	88	25	180	46	352	8.5	100	18	100	29	190	65	403	403
3234	Ranunculus circinatus	6	38	10	40	40	65	-46	108	6.5	50	52	13	90	-12	240	8	87	28	88	34	165	88	634	8.5	100	33	100	41	190	122	765	765
3235	Ranunculus fluitans	4.4	22	7	40	40	90	-36	108	5.2	37	52	14	110	-4	227	7.6	84	23	88	34	170	90	584	8.5	100	27	100	41	190	122	703	703
3236	Ranunculus hederaceus	5	28	8	43.8	43.8	140	-31	232	5.4	42	48	10	149	-24	388	6.6	85	14	61	14	176	-4	857	7	100	16	66	16	185	2	1013	1013
3237	Ranunculus lingua	4.1	17	15	40	40	115	-36	317	4.3	19	45	12	130	-15	377	5	28	29	60	25	175	48	556	5.3	31	33	66	30	190	69	616	616
3238	Ranunculus peltatus	4.7	25	7	42	42	90	-41	187	5.4	40	46	13	128	-8	389	7.7	85	23	61	34	242	89	993	8.5	100	27	66	41	280	122	1195	1195
3239	Ranunculus repens	3.1	4	7	4	4	65	-46	3	4.1	23	16	13	96	-12	202	7.4	80	27	53	34	189	88	799	8.5	100	33	66	41	220	122	998	998
3240	Ranunculus reptans	5	28	13	36	36	65	-46	59	5.6	42	42	13	90	-12	168	7.4	85	29	60	34	165	88	496	8	100	33	66	41	190	122	606	606
3241	Ranunculus trichophyllus	5	28	8	100	100	65	-27	106	5.6	42	100	16	96	2	249	7.4	85	22	100	34	189	92	679	8	100	26	100	41	220	122	822	822
3242	Rhynchostegium riparioides	6.5	56	20	55	55	115	-46	133	6.9	64	57	9	130	-31	188	8.1	91	26	63	18	175	11	354	8.5	100	28	66	21	190	26	409	409
3243	Riccia cavernosa	6.1	40	18	36	36	140	-46	421	6.3	52	40	7	156	-38	479	7.2	88	21	53	12	204	-15	654	7.5	100	22	58	14	220	-8	712	712
3244	Riccia fluitans	5.9	37	10	80	80	115	-27	6	6.1	49	84	16	130	2	51	6.9	87	14	96	34	175	92	188	7.2	100	16	100	41	190	122	234	234
3245	Riccia rhenana	6	38	10	80	80	140	-31	140	6.5	50	84	10	150	-22	209	8	87	15	96	16	180	3	417	8.5	100	17	100	18	190	12	486	486
3246	Ricciocarpus natans	5	28	8	100	100	110	-46	6	5.6	42	100	13	132	-12	112	7.5	85	23	100	34	198	88	431	8.2	100	27	100	41	220	122	537	537
3247	Rorippa amphibia	4.1	17	7	40	40	65	-51	185	4.9	33	45	12	96	-16	348	7.6	83	27	60	33	189	87	836	8.5	100	33	66	41	220	122	999	999
3248	Rumex crispus	4.8	26	12	6	6	90	-27	8	5.4	40	15	14	116	-7	173	7.3	85	23	45	26	194	49	667	8	100	26	55	30	220	69	831	831
3249	Rumex hydrolapathum	4.1	17	10	40	40	115	-46	202	4.7	33	44	12	136	-17	361	6.8	83	28	56	30	199	69	840	7.5	100	33	60	36	220	98	999	999
3250	Ruppia cirrhosa	5	28	7	40	40	65	-46	15	5.7	42	52	13	90	-12	113	7.8	85	23	88	34	165	88	407	8.5	100	27	100	41	190	122	505	505
3251	Ruppia maritima	5	28	13	40	40	140	-12	197	5.6	42	44	15	156	-2	258	7.4	85	20	56	21	204	26	444	8	100	22	60	23	220	36	505	505
3252	Sagittaria sagittifolia	4	16	7	40	40	40	-46	69	4.9	32	45	13	70	-8	195	7.6	83	22	60	37	160	103	571	8.5	100	26	66	45	190	141	697	697
3253	Salicornia europaea	5.2	30	12	32	32	125	-22	255	5.7	44	37	13	138	-10	354	7.4	86	23	54	20	177	24	649	8	100	26	60	23	190	36	748	748
3254	Salix cinerea	3	3	7	28	28	110	-46	52	3.8	22	34	13	132	-12	52	6.2	80	27	53	34	198	88	52	7	100	33	60	41	220	122	52	52
3255	Salix purpurea	3.2	5	10	4	4	40	-36	92	4.1	24	12	14	84	-4	92	7	81	26	37	34	216	90	92	8	100	31	46	41	260	122	92	92
3256	Salvinia natans	6	38	10	100	100	140	-46	140	6.5	50	100	8	156	-34	257	8	87	15	100	15	204	0	607	8.5	100	17	100	18	220	12	724	724
3257	Samolus valerandi	4.9	27	15	32	32	140	-31	284	5.4	41	37	11	178	-19	459	6.9	85	29	54	18	292	14	984	7.5	100	33	60	21	330	26	1158	1158
3258	Saxifraga mutata	6.4	52	26	31	31	115	-7	462	6.8	61	36	16	125	2	483	8	90	30	52	22	155	31	545	8.5	100	31	58	24	165	41	565	565
3259	Scapania paludosa	5	28	20	38	38	65	1	148	5.4	42	42	18	80	14	198	6.6	85	24	55	27	125	55	348	7	100	26	60	30	140	69	398	398
3260	Scapania undulata	4	16	22	36	36	90	-27	15	4.2	18	40	14	110	-7	136	4.9	27	26	55	26	170	49	498	5.2	30	28	60	30	190	69	618	618
3261	Schistidium rivulare	4	16	24	36	36	140	-27	244	4.1	17	40	14	150	-7	319	4.4	20	27	53	26	180	49	544	4.5	22	28	58	30	190	69	618	618
3262	Isolepis fluitans	4.5	23	18	40	40	140	-27	275	5	38	52	14	156	-7	442	6.5	84	43	88	26	204	49	944	7	100	50	100	30	220	69	1111	1111
3263	Schoenoplectus lacustris	5.8	36	16	40	40	140	-31	315	6.3	48	45	10	178	-24	609	7.9	87	19	60	14	292	-4	1490	8.5	100	20	66	16	330	2	1784	1784
3265	Scorpidium scorpioides	6.5	56	20	40	40	115	-31	178	6.9	64	45	10	130	-24	241	8.1	91	24	60	14	175	-4	433	8.5	100	26	66	16	190	2	496	496
3266	Scrophularia umbrosa	5.6	34	12	5	5	115	-31	165	6	47	17	10	134	-22	380	7.5	86	20	53	16	191	3	1025	8	100	22	66	18	210	12	1241	1241
3267	Scutellaria galericulata	5	28	10	42	42	115	-46	85	5.7	42	46	10	130	-23	211	7.8	85	28	61	25	175	46	589	8.5	100	33	66	30	190	69	715	715
3268	Sedum villosum	3.8	13	20	36	36	65	1	184	4.4	30	40	18	70	14	221	6.3	82	24	53	27	85	55	334	7	100	26	58	30	90	69	372	372
3270	Sparganium angustifolium	3.1	4	22	40	40	45	-46	44	3.4	8	45	13	74	-8	197	4.6	23	52	60	37	161	103	655	5	28	60	66	45	190	141	808	808
3271	Sparganium emersum	4.4	22	7	40	40	65	-46	187	5	37	52	13	90	-12	320	6.8	84	23	88	34	165	88	717	7.5	100	27	100	41	190	122	850	850
3272	Sparganium erectum	4.1	17	7	40	40	65	-51	99	4.9	33	44	12	96	-16	279	7.6	83	27	56	33	189	87	819	8.5	100	33	60	41	220	122	999	999
3273	Sparganium natans	5	28	24	40	40	115	-27	166	5.4	42	52	13	130	-8	272	6.6	85	27	88	25	175	46	591	7	100	28	100	29	190	65	697	697
3274	Sparganium neglectum	4.4	22	12	36	36	100	-22	80	5	37	48	14	121	-3	238	6.8	84	20	87	26	184	50	709	7.5	100	22	100	30	205	69	867	867
3276	Sphagnum fallax	3.1	4	20	40	40	125	-17	48	3.7	12	45	15	138	0	115	5.5	39	52	60	25	177	48	316	6.2	48	60	66	29	190	65	384	384
3277	Sphagnum affine	3.5	10	26	40	40	115	1	443	3.8	13	45	18	130	13	485	4.7	24	31	60	26	175	52	612	5	28	33	66	29	190	65	654	654
3278	Sphagnum magellanicum	3	3	15	36	36	65	-46	1	3.3	7	42	10	96	-23	137	4.4	21	51	60	25	189	46	545	4.8	26	60	66	30	220	69	681	681
3279	Sphagnum palustre	3	3	15	42	42	40	-46	0	3.3	7	46	13	76	-12	68	4.5	22	51	61	34	184	88	272	4.9	27	60	66	41	220	122	340	340
3280	Sphagnum recurvum	3.1	4	15	42	42	40	-46	1	3.5	9	46	13	76	-12	156	4.7	24	51	61	34	184	88	623	5.2	30	60	66	41	220	122	778	778
3281	Spiranthes aestivalis	6	38	24	39	39	140	-7	493	6.4	50	44	16	150	2	524	7.6	87	31	60	22	180	31	617	8	100	33	66	24	190	41	649	649
3282	Spirodela polyrhiza	5	28	7	100	100	65	-46	15	5.7	42	100	13	96	-12	186	7.8	85	23	100	34	189	88	699	8.5	100	27	100	41	220	122	870	870
3283	Stellaria alsine	3.8	13	10	36	36	65	-46	5	4.2	18	40	10	93	-23	313	5.6	36	22	53	25	177	46	1238	6.1	42	26	58	30	205	69	1546	1546
3284	Stellaria palustris	3.8	13	12	9	9	115	-46	31	4.3	21	20	10	136	-23	217	5.9	47	28	54	25	199	46	774	6.5	56	33	66	30	220	69	960	960
3285	Stratiotes aloides	6.5	56	13	90	90	140	-36	268	6.9	64	92	14	150	-4	349	8.1	91	24	98	34	180	90	592	8.5	100	27	100	41	190	122	673	673
3286	Subularia aquatica	3.3	6	24	40	40	65	-46	190	3.6	10	45	13	90	-12	313	4.6	23	40	60	34	165	88	684	5	28	45	66	41	190	122	808	808
3287	Symphytum officinale	4.8	26	12	18	18	110	-46	59	5.4	40	27	9	129	-29	240	7.3	85	24	56	19	186	19	780	8	100	28	66	23	205	36	960	960
3288	Tofieldia pusilla	5.2	30	26	40	40	40	64	155	5.7	44	44	32	50	79	196	7.4	86	31	56	41	80	125	320	8	100	33	60	45	90	141	361	361
3289	Trapa natans	6.5	56	24	100	100	140	-31	343	6.9	64	100	10	156	-26	422	8.1	91	27	100	13	204	-12	659	8.5	100	28	100	14	220	-8	737	737
3290	Typha angustifolia	4.9	27	8	42	42	40	-46	185	5.6	41	46	13	100	-8	505	7.7	85	23	61	37	280	103	1464	8.5	100	27	66	45	340	141	1784	1784
3291	Typha latifolia	4.9	27	8	42	42	65	-46	185	5.6	41	46	13	120	-12	505	7.7	85	19	61	34	285	88	1464	8.5	100	22	66	41	340	122	1784	1784
3292	Urtica dioica	3.1	4	7	4	4	65	-46	0	3.9	23	14	13	114	-12	213	6.6	80	27	47	34	261	88	850	7.5	100	33	58	41	310	122	1062	1062
3293	Utricularia australis	5	28	20	40	40	115	-27	23	5.3	33	52	13	130	-8	87	6.2	50	25	88	25	175	46	278	6.5	56	27	100	29	190	65	342	342
3294	Utricularia intermedia	3.5	10	20	40	40	115	-46	107	4.5	28	52	10	130	-23	190	7.5	82	40	88	24	175	42	438	8.5	100	45	100	29	190	65	521	521
3295	Utricularia minor	3.5	10	20	40	40	115	-46	107	4	17	52	10	130	-23	190	5.5	38	40	88	24	175	42	438	6	45	45	100	29	190	65	521	521
3296	Utricularia ochroleuca	3.5	10	22	40	40	125	-17	107	3.7	13	52	15	138	0	144	4.6	23	30	88	25	177	48	256	4.9	27	33	100	29	190	65	294	294
3297	Utricularia vulgaris	4.7	25	16	40	40	125	-27	41	5.3	40	52	16	138	2	167	7.3	85	24	88	34	177	92	547	8	100	27	100	41	190	122	673	673
3298	Vaccinium oxycoccos	3	3	18	42	42	90	-46	15	3.4	8	46	10	114	-23	15	4.6	23	51	61	25	186	46	15	5	28	60	66	30	210	69	15	15
3299	Veronica anagallis-aquatica	3.8	13	7	40	40	65	-51	233	4.7	30	9	45	12	96	-16	442	7.5	82	17	60	33	189	87	1071	8.5	100	20	66	41	220	122	1280
3300	Viola palustris	3.1	4	15	8	8	65	-36	13	3.5	9	18	18	14	96	-4	256	4.9	26	29	49	34	189	90	984	5.4	32	33	60	41	220	122	1227
3301	Wolffia arrhiza	6.5	56	10	100	100	140	-46	161	6.8	64	11	100	10	150	-23	224	7.7	91	14	100	24	180	42	414	8	100	16	100	29	190	65	477
3302	Zannichellia palustris	5	28	8	40	40	140	-46	61	5.7	42	13	52	10	150	-23	150	7.8	85	28	88	25	180	46	416	8.5	100	33	100	30	190	69	505
3303	Zannichellia pedunculata	6.5	56	7	100	100	140	-22	0	6.9	64	9	100	13	150	-12	0	8.1	91	17	100	19	180	16	0	8.5	100	20	100	21	190	26	0
3304	Zostera marina	5.2	30	12	40	40	140	-22	74	5.8	44	13	44	13	150	-10	208	7.8	86	18	56	20	180	24	611	8.5	100	20	60	23	190	36	745
3305	Zostera noltii	5.2	30	18	40	40	140	-17	189	5.6	44	18	44	14	150	-6	269	7	86	21	56	20	180	25	507	7.5	100	22	60	23	190	36	587
3306	Eupatorium cannabinum	4.6	24	7	33	33	115	-36	35	5.1	39	38	12	136	-15	276	6.9	84	23	54	25	199	48	999	7.5	100	28	60	30	220	69	1241	1241
3307	Crepis paludosa	4.7	25	10	12	12	40	-46	3	5.3	40	21	13	76	-12	147	7.3	85	26	50	34	184	88	577	8	100	31	60	41	220	122	720	720
3308	Atriplex prostrata	4.8	26	12	21	21	125	-46	255	5.4	40	28	9	166	-31	386	7.3	85	23	52	18	289	11	779	8	100	26	60	21	330	26	910	910
3309	Bazzania trilobata	3	3	18	6	6	90	-22	1	3.8	22	16	17	111	6	41	6.2	80	51	49	35	174	93	161	7	100	60	60	41	195	122	200	200
3310	Cetraria islandica	3.1	4	18	4	4	40	-31	6	4	23	15	15	70	0	68	7	80	51	48	34	160	91	254	8	100	60	60	41	190	122	315	315
3311	Betula pubescens	3	3	12	35	35	95	-27	167	3.4	8	41	14	120	-7	335	4.9	26	50	59	26	195	49	838	5.4	32	60	66	30	220	69	1005	1005
3312	Vaccinium myrtillus	3	3	15	4	4	40	-46	4	3.5	9	16	13	76	-12	4	5	27	51	53	34	184	88	4	5.5	34	60	66	41	220	122	4	4
3313	Leucobryum glaucum	3	3	15	4	4	90	-46	0	3.8	22	15	13	116	-12	66	6.2	80	51	48	34	194	88	264	7	100	60	60	41	220	122	330	330
3314	Vaccinium vitis-idaea	3	3	18	4	4	40	-46	10	3.4	8	16	13	74	-12	10	4.6	23	51	53	34	176	88	10	5	28	60	66	41	210	122	10	10
3315	Empetrum nigrum	3	3	15	4	4	40	-36	47	4	22	15	14	70	-4	47	7	80	51	48	34	160	90	47	8	100	60	60	41	190	122	47	47
3316	Sphagnum capillifolium	3	3	18	4	4	65	-46	1	3.3	7	15	13	96	-12	67	4.4	21	51	48	34	189	88	265	4.8	26	60	60	41	220	122	330	330
3318	Cladonia rangiferina	3	3	12	4	4	40	-46	1	3.8	22	15	13	76	-12	101	6.2	80	50	48	34	184	88	400	7	100	60	60	41	220	122	500	500
3319	Vaccinium uliginosum	3	3	18	4	4	55	-22	15	3.4	8	16	17	86	6	15	4.6	23	51	53	35	179	93	15	5	28	60	66	41	210	122	15	15
3320	Sphagnum russowii	3	3	15	17	17	65	-17	7	3.3	7	26	17	86	10	47	4.5	22	51	56	35	149	94	168	4.9	27	60	66	41	170	122	208	208
3321	Pinus rotundata	3	3	22	42	42	65	-17	226	3.3	7	45	15	85	0	314	4.5	22	52	56	26	145	51	578	4.9	27	60	60	30	165	69	667	667
3323	Arabis soyeri	6.5	56	20	43.8	43.8	40	11	159	6.8	64	47	23	55	37	232	7.7	91	30	56	39	100	115	449	8	100	33	60	45	115	141	521	521
3324	Warnstorfia fluitans	3.1	4	22	40	40	45	-27	17	3.8	23	29	45	17	74	6	169	6.2	80	52	60	38	161	107	626	7	100	60	66	45	190	141	778
3325	Isoetis echinospora	4	16	33	40	40	65	-46	235	4.6	32	45	13	90	-12	309	6.4	83	42	60	34	165	88	531	7	100	45	66	41	190	122	605	605
3327	Schoenus ferrugineus	5.2	30	26	31	31	140	-22	417	5.6	44	38	13	145	-12	463	7	86	30	59	19	160	16	602	7.5	100	31	66	21	165	26	649	649
3328	Sphagnum rubellum	3	3	22	40	40	100	-46	13	3.3	7	45	10	124	-23	174	4.5	22	52	60	25	196	46	658	4.9	27	60	66	30	220	69	819	819
3329	Sphagnum girgensohnii	3	3	18	6	6	90	-46	1	3.2	6	16	13	116	-12	46	3.9	15	51	49	34	194	88	179	4.2	18	60	60	41	220	122	224	224
3330	Lycopodium annotinum	3	3	15	6	6	55	-46	8	3.4	8	16	13	88	-12	75	4.9	26	51	49	34	187	88	274	5.4	32	60	60	41	220	122	341	341
3331	Picea abies	3	3	8	4	4	80	-22	222	4	22	15	17	95	6	327	7	80	49	48	35	140	93	643	8	100	60	60	41	155	122	748	748
3332	Fucus vesiculosus	6.5	56	12	40	40	140	-17	74	6.7	64	52	14	150	-6	105	7.3	91	15	88	20	180	25	199	7.5	100	16	100	23	190	36	230	230
3333	Ceramium rubrum	6.5	56	12	40	40	140	-17	74	6.7	64	45	14	150	-6	105	7.3	91	15	60	20	180	25	199	7.5	100	16	66	23	190	36	230	230
3334	Enteromorpha intestinalis	5	28	8	100	100	140	-46	148	5.7	42	100	10	150	-23	199	7.8	85	23	100	25	180	46	352	8.5	100	27	100	30	190	69	403	403
3335	Cladophora glomerata	5	28	8	100	100	140	-46	159	5.7	42	100	10	168	-23	185	7.8	85	23	100	25	252	46	264	8.5	100	27	100	30	280	69	290	290
3336	Chara aspera	4.8	26	13	100	100	115	-36	59	5.5	40	100	12	130	-15	135	7.7	85	23	100	25	175	48	364	8.5	100	26	100	30	190	69	440	440
3337	Chara fragilis	4.8	26	13	100	100	65	-46	38	5.5	40	100	13	90	-12	160	7.7	85	29	100	34	165	88	524	8.5	100	33	100	41	190	122	646	646
3338	Cladophora rupestris	5	28	8	100	100	140	-46	148	5.7	42	100	10	150	-23	199	7.8	85	23	100	25	180	46	352	8.5	100	27	100	30	190	69	403	403
3339	Chara ceratophylla	6.4	56	22	66	66	140	-22	0	6.8	64	72	12	150	-17	0	8	91	26	93	15	180	-2	0	8.5	100	28	100	16	190	2	0	0
3340	Hildenbrandia rivularis	6.4	52	12	100	100	115	-12	165	6.5	61	100	13	130	-8	220	6.8	90	15	100	16	175	3	387	7	100	16	100	17	190	7	442	442
3341	Achnanthes biasolettiana	6.5	56	20	100	100	40	-22	67	6.9	64	100	17	71	6	158	8.1	91	30	100	35	164	93	430	8.5	100	33	100	41	195	122	521	521
3342	Amphora pediculus	6.5	56	20	100	100	40	-22	159	6.9	64	100	17	70	10	232	8.1	91	30	100	38	160	108	449	8.5	100	33	100	45	190	141	521	521
3343	Gomphonema pumilum	6.5	56	20	100	100	40	-22	159	6.9	64	100	17	70	10	232	8.1	91	30	100	38	160	108	449	8.5	100	33	100	45	190	141	521	521
3344	Gomphonema tergestinum	6.5	56	20	100	100	40	-22	159	6.9	64	100	17	70	10	232	8.1	91	30	100	38	160	108	449	8.5	100	33	100	45	190	141	521	521
3345	Achnanthes minutissima	6.5	56	20	100	100	40	-7	67	6.9	64	100	19	70	18	118	8.1	91	26	100	35	160	96	273	8.5	100	28	100	41	190	122	324	324
3346	Gomphonema angustum	6.5	56	20	100	100	40	1	67	6.9	64	100	21	65	25	118	8.1	91	26	100	36	140	97	273	8.5	100	28	100	41	165	122	324	324
3347	Nitella capillaris	4.8	26	22	100	100	65	-22	87	5.1	31	100	17	90	6	210	6	49	26	100	35	165	93	580	6.4	55	28	100	41	190	122	703	703
3348	Nitella gracilis	4.8	26	22	100	100	140	-22	502	5.1	32	100	13	150	-12	542	6.1	50	26	100	19	180	16	663	6.5	56	28	100	21	190	26	703	703
3349	Nitella translucens	4.8	26	22	100	100	140	-22	397	5.1	31	100	13	150	-12	416	6.1	49	26	100	19	180	16	474	6.5	55	28	100	21	190	26	493	493
3350	Nitella flexilis	5	28	24	100	100	65	-22	83	5.4	42	100	17	90	6	134	6.6	85	27	100	35	165	93	286	7	100	28	100	41	190	122	336	336
3351	Nitella mucronata	6.4	52	12	100	100	140	-22	102	6.5	61	100	14	150	-3	211	6.8	90	15	100	26	180	50	537	7	100	16	100	30	190	69	646	646
3352	Nitella opaca	6.4	52	12	100	100	115	-22	151	6.8	61	100	14	130	-3	180	8	90	21	100	26	175	50	267	8.5	100	24	100	30	190	69	296	296
3353	Chara braunii	6	38	24	100	100	65	-22	83	6.2	50	100	17	90	6	131	6.8	87	27	100	35	165	93	273	7	100	28	100	41	190	122	321	321
3354	Vaucheria dichotoma	6.4	52	12	100	100	140	-22	151	6.8	61	100	14	150	-3	180	8	90	15	100	26	180	50	267	8.5	100	16	100	30	190	69	296	296
3355	Tolypella prolifera	6.5	56	10	100	100	140	-22	159	6.8	64	100	14	150	-3	174	7.8	91	14	100	26	180	50	216	8.2	100	16	100	30	190	69	230	230
3356	Nitella syncarpa	6.5	56	10	100	100	65	-22	83	6.8	64	100	17	90	6	196	7.8	91	14	100	35	165	93	534	8.2	100	16	100	41	190	122	646	646
3357	Chara hispida	6.5	56	16	100	100	115	-22	158	6.9	64	100	14	130	-3	187	8.1	91	24	100	26	175	50	274	8.5	100	26	100	30	190	69	303	303
3358	Nitella tenuissima	6.5	56	10	100	100	65	-22	158	6.9	64	100	17	90	6	185	8.1	91	14	100	35	165	93	267	8.5	100	16	100	41	190	122	295	295
3359	Chara vulgaris	6.5	56	8	100	100	40	-22	59	6.9	64	100	17	70	10	117	8.1	91	17	100	38	160	108	289	8.5	100	20	100	45	190	141	346	346
3360	Cymbella microcephala	6.5	56	13	100	100	115	-22	0	6.9	64	100	14	130	-3	0	8.1	91	18	100	26	175	50	0	8.5	100	20	100	30	190	69	0	0
3361	Tolypella glomerata	6.5	56	16	100	100	115	-22	158	6.9	64	100	13	125	-10	187	8.1	91	22	100	20	155	24	273	8.5	100	24	100	23	165	36	301	301
3362	Chara contraria	6.5	56	16	100	100	140	-22	0	6.9	64	100	13	145	-10	0	8.1	91	22	100	20	160	24	0	8.5	100	24	100	23	165	36	0	0
3363	Chara aculeolata	6.5	56	15	100	100	115	-22	0	6.9	64	100	14	130	-3	0	8.1	91	19	100	26	175	50	0	8.5	100	20	100	30	190	69	0	0
3364	Cocconeis placentula	6.5	56	15	100	100	115	-22	0	6.9	64	100	14	130	-3	0	8.1	91	19	100	26	175	50	0	8.5	100	20	100	30	190	69	0	0
3365	Cymbella silesiaca	6.5	56	15	100	100	115	-22	0	6.9	64	100	14	130	-3	0	8.1	91	19	100	26	175	50	0	8.5	100	20	100	30	190	69	0	0
3366	Cymbella sinuata	6.5	56	15	100	100	115	-22	0	6.9	64	100	14	130	-3	0	8.1	91	19	100	26	175	50	0	8.5	100	20	100	30	190	69	0	0
3367	Denticula tenuis	6.5	56	15	100	100	115	-22	0	6.9	64	100	14	130	-3	0	8.1	91	19	100	26	175	50	0	8.5	100	20	100	30	190	69	0	0
3368	Gomphonema olivaceum	6.5	56	15	100	100	115	-22	0	6.9	64	100	14	130	-3	0	8.1	91	19	100	26	175	50	0	8.5	100	20	100	30	190	69	0	0
3369	Nitellopsis obtusa	6.5	56	18	100	100	115	-22	159	6.9	64	100	14	130	-3	189	8.1	91	24	100	26	175	50	279	8.5	100	26	100	30	190	69	309	309
3370	Nitella hyalina	6.5	56	18	100	100	115	-22	173	6.9	64	100	14	130	-3	200	8.1	91	24	100	26	175	50	281	8.5	100	26	100	30	190	69	309	309
3371	Chara strigosa	6.5	56	20	100	100	40	11	67	6.9	64	100	22	65	33	112	8.1	91	24	100	36	140	99	248	8.5	100	26	100	41	165	122	293	293
3372	Chara tomentosa	6.5	56	18	66	66	115	-22	147	6.9	64	72	12	130	-16	186	8.1	91	26	93	15	175	1	303	8.5	100	28	100	17	190	7	342	342
3373	Tolypella intricata	6.5	56	10	100	100	115	-22	158	6.9	64	100	14	130	-3	185	8.1	91	14	100	26	175	50	267	8.5	100	16	100	30	190	69	295	295
3374	Chara canescens	6.5	56	7	100	100	140	-22	133	6.9	64	100	13	150	-12	167	8.1	91	17	100	19	180	16	268	8.5	100	20	100	21	190	26	301	301
3375	Chara baltica	4.8	26	13	100	100	65	-46	0	5.5	40	100	13	90	-12	0	7.7	85	29	100	34	165	88	0	8.5	100	33	100	41	190	122	0	0
3378	Carex digitata	3.3	6	11	4	4	90	-36	2	4.2	24	8	14	116	-4	132	7	81	27	23	34	194	90	524	8	100	31	28	41	220	122	654	654
3379	Eleocharis ovata	3.1	4	8	40	40	40	-46	116	4.1	23	44	13	76	-12	232	7.4	80	28	56	34	184	88	579	8.5	100	33	60	41	220	122	695	695
3380	Nitzschia fonticola	6.5	56	20	100	100	40	11	159	6.8	64	100	23	55	37	232	7.7	91	30	100	39	100	115	449	8	100	33	100	45	115	141	521	521
3381	Navicula cryptotenella	6.5	56	20	100	100	40	11	159	6.8	64	100	23	55	37	232	7.7	91	30	100	39	100	115	449	8	100	33	100	45	115	141	521	521
3382	Pedicularis sylvatica	3.1	4	22	31	31	90	-12	227	3.4	8	35	16	116	4	450	4.4	22	30	50	26	194	52	1120	4.8	27	32	55	30	220	69	1344	1344
3383	Ranunculus glacialis	3.8	13	20	4	4	40	20	152	4.4	30	6	24	50	40	179	6.3	82	24	14	36	80	101	258	7	100	26	17	41	90	122	285	285
3384	Pilularia globulifera	4.1	17	10	36	36	145	-12	316	4.7	25	40	17	154	10	403	6.8	49	28	53	31	181	76	666	7.5	58	33	58	36	190	98	753	753
3386	Asperula tinctoria	6.2	45	15	5	5	175	-46	13	6.5	56	7	7	188	-38	48	7.6	89	20	16	12	227	-15	151	8	100	22	19	14	240	-8	185	185
3387	Carex muricata 	4.5	23	15	8	8	140	-31	17	5.2	38	11	13	160	-11	71	7.3	84	27	21	25	220	49	232	8	100	31	25	30	240	69	286	286
3388	Ajuga genevensis	6.2	52	15	5	5	175	-46	13	6.5	61	7	7	188	-38	82	7.6	90	20	16	12	227	-15	287	8	100	22	19	14	240	-8	356	356
3389	Malampyrum polonicum	3.8	13	15	8	8	145	-36	1025	4.1	16	11	12	154	-15	1049	5	28	27	21	25	181	48	1123	5.4	32	31	25	30	190	69	1147	97
3390	Ranunculus cassubicus	5	28	15	10	10	170	-46	6	5.5	42	12	8	188	-36	28	7	85	23	20	14	242	-7	94	7.5	100	26	23	16	260	2	116	116
3391	Thalictrum simplex	5	28	15	10	10	170	-46	22	5.6	42	12	8	188	-36	41	7.4	85	23	20	14	242	-7	97	8	100	26	23	16	260	2	116	116
3392	Torilis japonica	5	28	15	10	10	170	-46	22	5.6	42	12	8	188	-36	51	7.4	85	23	20	14	242	-7	137	8	100	26	23	16	260	2	166	166
3393	Allium oleraceum	4.2	19	15	8	8	140	-27	16	4.4	21	11	12	150	-16	46	5.1	29	27	20	18	180	15	136	5.4	32	31	23	21	190	26	166	166
3394	Dianthus eugeniae	4.8	26	13	6	6	160	-41	30	5	33	9	9	172	-27	41	5.9	57	25	19	18	208	12	74	6.2	65	28	23	21	220	26	85	85
3395	Caragana frutex	6	38	14	8	8	175	-41	92	6.1	48	11	8	184	-34	92	6.4	81	23	22	12	211	-14	92	6.6	92	26	26	14	220	-8	92	92
3396	Valeriana rossica	5	28	17	6	6	155	-46	41	5.2	34	9	7	162	-39	55	5.9	53	24	18	11	183	-19	96	6.2	60	26	21	13	190	-13	110	110
3397	Crataegus rhipidophylla	5.2	30	12	8	8	140	-36	27	5.5	44	12	10	156	-23	27	6.6	86	27	27	18	204	13	27	7	100	31	32	21	220	26	27	27
3398	Lathyrus pisiformis	5.2	30	12	8	8	140	-36	30	5.7	44	10	10	153	-23	56	7.4	86	27	16	18	192	13	132	8	100	31	19	21	205	26	158	158
3400	Vicia pisiformis	6.1	40	15	8	8	175	-46	34	6.4	52	16	10	7	184	-37	47	7.6	88	20	16	13	211	-12	84	8	100	22	19	15	220	-4	97
3401	Aconogonon alpinum	5.2	30	13	8	8	170	-46	14	5.4	43	9	7	177	-37	42	6.2	82	21	15	13	198	-12	129	6.5	95	24	17	15	205	-4	158	158
3402	Geranium pseudosibiricum	5.2	30	13	8	8	170	-46	49	5.4	43	9	7	177	-37	71	6.2	82	21	15	13	198	-12	136	6.5	95	24	17	15	205	-4	158	158
3403	Valeriana wolgensis	5.2	30	13	8	8	170	-36	49	5.4	43	9	9	177	-29	71	6.2	82	21	15	13	198	-10	136	6.5	95	24	17	15	205	-4	158	158
3404	Euphorbia caesia	5.2	30	13	8	8	170	-36	49	5.4	43	9	9	177	-29	71	6.2	82	21	15	13	198	-10	136	6.5	95	24	17	15	205	-4	158	158
3405	Rosa majalis	5.2	30	13	8	8	170	-46	92	5.7	44	9	7	177	-37	92	7.4	86	21	15	13	198	-12	92	8	100	24	17	15	205	-4	92	92
3406	Veronica spuria	5.2	30	13	8	8	170	-46	87	5.7	44	15	9	7	177	-37	101	7.4	86	21	15	13	198	-12	142	8	100	24	17	15	205	-4	155
3407	Trifolium medium	5	28	8	4	4	65	-46	24	5.6	42	7	13	104	-12	50	7.4	85	26	19	34	221	88	129	8	100	31	23	41	260	122	155	155
3408	Artemisia armeniaca	5.2	30	13	8	8	170	-46	87	5.4	43	9	7	177	-37	101	6.2	82	21	15	13	198	-12	142	6.5	95	24	17	15	205	-4	155	155
3409	Lilium croceum	5.2	30	15	8	8	175	-17	26	5.7	44	10	13	186	-11	60	7.4	86	20	16	16	219	6	165	8	100	22	18	18	230	12	199	199
3411	Helleborus bocconei	5.2	30	15	8	8	175	-17	46	5.5	44	10	13	192	-11	115	6.6	86	20	16	16	243	6	322	7	100	22	18	18	260	12	392	392
3412	Viola alba dehnhardtii	4.6	24	15	8	8	180	-46	56	5.1	39	16	12	10	200	-23	175	6.9	84	20	24	25	260	46	534	7.5	100	22	28	30	280	69	654
3413	Lonicera etrusca	5	28	15	8	8	190	-31	37	5.4	42	10	13	206	-11	37	6.6	85	20	16	25	254	49	37	7	100	22	18	30	270	69	37	37
3414	Erica scoparia	5.2	30	15	8	8	185	-17	81	5.5	44	10	14	200	-6	81	6.6	86	20	16	20	245	25	81	7	100	22	18	23	260	36	81	81
3415	Lathyrus sylvestris	4.8	26	15	8	8	185	-17	84	5.4	40	10	13	192	-11	108	7.3	85	20	16	16	213	6	181	8	100	22	18	18	220	12	205	205
3416	Campanula medium	4.8	26	15	8	8	185	-17	97	5.2	40	10	13	192	-11	118	6.5	85	20	16	16	213	6	181	7	100	22	18	18	220	12	202	202
3417	Leucanthemum heterophyllum	4.8	26	15	8	8	185	-17	97	5.3	40	10	13	192	-11	118	6.9	85	20	16	16	213	6	181	7.5	100	22	18	18	220	12	202	202
3418	Rosa sempervirens	4.6	24	15	8	8	190	-31	112	5	39	10	14	220	-5	112	6.5	84	20	16	30	310	72	112	7	100	22	18	36	340	98	112	112
3419	Oenanthe pimpinelloides	4.2	19	15	8	8	190	-41	31	4.7	35	10	11	212	-19	140	6.4	83	20	16	25	278	47	466	7	100	22	18	30	300	69	575	575
3420	Teucrium siculum	4.6	24	15	8	8	190	-31	31	5	39	10	12	206	-15	91	6.5	84	20	16	21	254	29	269	7	100	22	18	25	270	45	328	328
3421	Cyclamen hederifolium	4.6	24	15	5	5	190	-41	60	5	39	8	10	216	-23	269	6.5	84	23	17	21	294	27	898	7	100	26	21	25	320	45	1107	1107
3422	Allium pendulinum	4.6	24	15	8	8	190	-17	81	5.1	39	10	14	204	-4	130	6.9	84	20	16	22	246	32	278	7.5	100	22	18	25	260	45	328	328
3423	Fraxinus oxycarpa	4.6	24	15	8	8	180	-46	583	5	39	17	10	196	-23	659	6.5	84	20	45	25	244	46	887	7	100	22	55	30	260	69	963	963
3424	Physospermum verticillatum	4.6	24	15	8	8	190	-17	97	5	39	10	14	202	-4	143	6.5	84	20	16	22	238	32	282	7	100	22	18	25	250	45	328	328
3425	Lathyrus jordanii	4.6	24	15	8	8	190	-17	31	5	39	10	14	202	-4	66	6.5	84	20	16	22	238	32	170	7	100	22	18	25	250	45	205	205
3426	Rhaponticoides centaurium	4.6	24	15	8	8	190	-17	126	5	39	10	14	202	-4	183	6.5	84	20	16	22	238	32	353	7	100	22	18	25	250	45	410	410
3427	Echinops sphaerocephalus	4.6	24	15	8	8	190	-17	106	5.2	39	10	14	202	-4	227	7.3	84	20	16	22	238	32	589	8	100	22	18	25	250	45	710	710
3428	Stachys heraclea	4.6	24	15	8	8	190	-17	106	5.1	39	10	14	202	-4	159	6.9	84	20	16	22	238	32	316	7.5	100	22	18	25	250	45	369	369
3429	Genista carinalis	3.8	13	22	3	3	185	-46	228	4	19	6	9	196	-29	228	4.9	39	29	17	19	229	19	228	5.2	46	31	21	23	240	36	228	228
3430	Hieracium bracteolatum	4.2	19	8	3	3	185	-46	160	4.7	35	6	9	196	-29	231	6.4	83	26	17	19	229	19	442	7	100	31	21	23	240	36	513	513
3431	Platanthera chlorantha	4.2	19	8	3	3	185	-46	160	4.8	35	6	9	200	-29	255	6.8	83	26	17	19	245	19	538	7.5	100	31	21	23	260	36	632	632
3432	Trifolium pignantii	4.2	19	8	3	3	185	-46	147	4.7	35	6	9	200	-29	244	6.4	83	26	17	19	245	19	535	7	100	31	21	23	260	36	632	632
3433	Campanula spatulata	4.2	19	8	3	3	185	-46	124	4.8	35	6	10	208	-23	225	6.8	83	26	17	25	277	46	530	7.5	100	31	21	30	300	69	632	632
3434	Silene atropurpurea	4.2	19	8	3	3	185	-46	147	4.6	32	6	9	200	-29	201	5.8	71	26	17	19	245	19	364	6.2	85	31	21	23	260	36	418	418
3435	Sedum amplexicaule	4.2	19	12	5	5	185	-27	147	4.6	32	8	12	200	-14	201	5.8	71	25	17	20	245	23	364	6.2	85	29	21	23	260	36	418	418
3436	Aristolochia elongata	4.2	19	12	5	5	185	-27	147	4.6	32	8	12	200	-14	201	5.8	71	25	17	20	245	23	364	6.2	85	29	21	23	260	36	418	418
3437	Dichoropetalum vittijugum	4.2	19	12	5	5	185	-27	147	4.6	32	8	12	200	-14	201	5.8	71	25	17	20	245	23	364	6.2	85	29	21	23	260	36	418	418
3438	Achillea ligustica	4.2	19	12	5	5	185	-27	147	4.6	32	8	12	200	-14	201	5.8	71	25	17	20	245	23	364	6.2	85	29	21	23	260	36	418	418
3439	Euphorbia oblongata	4.2	19	12	5	5	185	-27	147	4.6	32	8	12	200	-14	201	5.8	71	25	17	20	245	23	364	6.2	85	29	21	23	260	36	418	418
3440	Elymus panormitanus	4.2	19	12	5	5	185	-27	147	4.6	32	8	12	200	-14	201	5.8	71	25	17	20	245	23	364	6.2	85	29	21	23	260	36	418	418
3441	Trifolium physodes 	4.2	19	12	5	5	185	-27	147	4.6	32	8	12	200	-14	201	5.8	71	25	17	20	245	23	364	6.2	85	29	21	23	260	36	418	418
3442	Poa bulbosa	4.2	19	12	5	5	165	-36	147	4.8	35	8	11	200	-21	492	6.8	83	25	17	20	305	21	1528	7.5	100	29	21	23	340	36	1873	1873
3443	Poa timoleontis	4.2	19	12	5	5	185	-27	147	4.6	32	8	12	200	-14	201	5.8	71	25	17	20	245	23	364	6.2	85	29	21	23	260	36	418	418
3444	Trifolium ochroleucon	4.2	19	12	5	5	185	-41	147	4.8	35	8	10	200	-25	209	6.8	83	25	17	19	245	20	392	7.5	100	29	21	23	260	36	454	454
3445	Scorzoneroides cichoriacea	4.2	19	12	5	5	185	-41	147	4.6	32	8	11	200	-19	201	5.8	71	25	17	25	245	47	364	6.2	85	29	21	30	260	69	418	418
3446	Cytisus villosus	4.2	19	12	5	5	185	-27	173	4.6	32	8	12	202	-14	173	5.8	71	25	17	20	253	23	173	6.2	85	29	21	23	270	36	173	173
3447	Cyclamen creticum	4.2	19	12	5	5	185	-27	197	4.6	32	8	12	208	-14	273	5.8	71	25	17	20	277	23	499	6.2	85	29	21	23	300	36	575	575
3448	Arisarum vulgare	4.2	19	12	5	5	185	-27	81	4.8	35	8	15	216	-2	222	6.8	83	25	17	30	309	73	643	7.5	100	29	21	36	340	98	784	784
3449	Verbascum glabratum	4.2	19	12	5	5	185	-46	124	4.6	32	8	9	200	-29	185	5.8	71	25	17	19	245	19	368	6.2	85	29	21	23	260	36	430	430
3450	Verbascum aphentulium	4.2	19	10	5	5	185	-46	160	4.7	35	8	9	200	-29	219	6.4	83	25	17	19	245	19	395	7	100	29	21	23	260	36	454	454
3452	Selinum silaifolium	4.2	19	10	5	5	185	-46	160	4.8	35	8	9	200	-29	219	6.8	83	25	17	19	245	19	395	7.5	100	29	21	23	260	36	454	454
3453	Geranium asphodeloides	4.2	19	10	5	5	200	-46	401	4.7	35	8	9	220	-29	447	6.4	83	25	17	19	280	19	586	7	100	29	21	23	300	36	632	632
3454	Carex distachya	4.2	19	10	5	5	185	-46	133	4.7	35	8	10	216	-23	279	6.4	83	25	17	25	309	46	716	7	100	29	21	30	340	69	862	862
3455	Festuca circummediterranea	4.2	19	10	5	5	200	-46	401	4.7	35	8	9	220	-29	447	6.4	83	25	17	19	280	19	586	7	100	29	21	23	300	36	632	632
3456	Loranthus europaeus	4.2	19	12	5	5	200	-46	209	4.6	32	8	10	220	-23	240	5.8	71	27	17	25	280	46	331	6.2	85	31	21	30	300	69	362	362
3457	Achnatherum bromoides	4.2	19	12	5	5	200	-46	20	4.9	35	8	10	224	-23	108	7.2	83	27	17	25	296	46	369	8	100	31	21	30	320	69	456	456
3459	Phlomis samia	4.2	19	12	5	5	200	-46	169	4.6	32	8	10	220	-23	207	5.8	71	27	17	25	280	46	323	6.2	85	31	21	30	300	69	362	362
3460	Quercus faginea 	5.2	30	12	4	4	160	-31	39	5.7	44	9	13	182	-11	147	7.4	86	23	26	25	248	49	469	8	100	26	32	30	270	69	577	577
3461	Lathyrus filiformis	5.2	30	12	12	12	180	-17	126	5.7	44	16	15	196	0	157	7.4	86	23	28	26	244	51	248	8	100	26	32	30	260	69	278	278
3462	Geum sylvaticum	5.2	30	12	12	12	180	-31	26	5.7	44	16	13	196	-11	133	7.4	86	23	28	25	244	49	453	8	100	26	32	30	260	69	560	560
3463	Spiraea hypericifolia obovata	5.2	30	12	12	12	180	-17	37	5.6	44	16	15	196	0	37	7	86	23	28	26	244	51	37	7.5	100	26	32	30	260	69	37	37
3464	Rosa squarrosa	5.2	30	12	12	12	180	-17	37	5.7	44	16	15	196	0	37	7.4	86	23	28	26	244	51	37	8	100	26	32	30	260	69	37	37
3465	Erica vagans	5.2	30	12	12	12	160	-27	37	5.5	44	16	14	180	-7	37	6.6	86	23	28	26	240	49	37	7	100	26	32	30	260	69	37	37
3466	Genista occidentalis	5.2	30	12	12	12	125	-27	37	5.6	44	16	14	152	-7	37	7	86	23	28	26	233	49	37	7.5	100	26	32	30	260	69	37	37
3467	Pulmonaria longifolia	4.8	25	14	17	17	160	-46	24	5.2	40	22	8	172	-34	72	6.5	85	26	37	15	208	0	217	7	100	29	42	18	220	12	265	265
3468	Helleborus occidentalis	3.2	5	11	7	7	110	-22	3	4.1	24	17	14	132	-3	73	7	81	27	49	26	198	50	286	8	100	32	60	30	220	69	356	356
3469	Scrophularia alpestris	3.2	5	11	7	7	110	-22	27	4	24	17	14	132	-3	57	6.6	81	27	49	26	198	50	145	7.5	100	32	60	30	220	69	175	175
3470	Quercus pyrenaica	4.2	18	14	4	4	160	-46	34	4.7	34	11	10	183	-23	115	6.2	83	26	34	25	252	46	360	6.8	100	29	42	30	275	69	442	442
3472	Hypericum pulchrum	3.8	13	14	17	17	160	1	24	4.2	27	22	18	172	14	63	5.7	70	26	37	27	208	55	181	6.2	85	29	42	30	220	69	220	220
3473	Potentilla montana	4	16	14	17	17	160	-46	109	4.4	29	22	9	176	-29	278	5.7	71	26	37	19	224	19	784	6.2	85	29	42	23	240	36	952	952
3474	Potentilla sterilis	4	16	14	4	4	150	-46	100	4.5	32	11	8	164	-34	126	6.2	83	26	34	15	206	0	205	6.8	100	29	42	18	220	12	231	231
3475	Galium spurium	4.2	19	10	17	17	160	-46	109	4.9	35	22	9	184	-31	133	7.2	83	25	37	18	256	11	207	8	100	29	42	21	280	26	231	231
3476	Rubus vigoi	4	16	14	17	17	160	-36	218	4.4	29	22	10	172	-26	218	5.7	71	26	37	16	208	2	218	6.2	85	29	42	18	220	12	218	218
3477	Rosa rubiginosa	5.2	30	12	4	4	145	-46	218	5.7	44	11	8	160	-34	218	7.4	86	21	34	15	205	0	218	8	100	24	42	18	220	12	218	218
3478	Quercus rotundifolia	4.8	26	12	4	4	160	-46	509	5.4	40	6	9	196	-29	580	7.3	85	21	14	19	304	19	792	8	100	24	17	23	340	36	862	862
3480	Genista scorpius	5.2	30	12	4	4	160	-46	181	5.7	44	6	9	180	-32	181	7.4	86	21	14	18	240	7	181	8	100	24	17	21	260	21	181	181
3481	Aphyllanthes monspeliensis	5.8	37	12	4	4	160	-46	28	6.2	49	6	9	180	-29	172	7.5	87	21	14	19	240	19	603	8	100	24	17	23	260	36	746	746
3482	Juniperus phoenicea	4	16	12	4	4	160	-46	58	4.8	32	6	10	198	-23	58	7.2	83	21	14	25	312	46	58	8	100	24	17	30	350	69	58	58
3483	Coronilla glauca	5.8	37	12	4	4	160	-46	304	6.2	49	6	7	180	-38	351	7.5	87	21	14	12	240	-15	492	8	100	24	17	14	260	-8	539	539
3484	Lavandula latifolia	5.8	37	12	4	4	160	-46	624	6.2	49	6	9	180	-31	624	7.5	87	21	14	18	240	11	624	8	100	24	17	21	260	26	624	624
3485	Galium fruticescens	5.8	37	12	4	4	160	-46	304	6.2	49	6	7	180	-38	351	7.5	87	21	14	12	240	-15	492	8	100	24	17	14	260	-8	539	539
3486	Sedum sediforme	5.8	37	12	4	4	160	-46	304	6.2	49	6	8	180	-35	351	7.5	87	21	14	14	240	-4	492	8	100	24	17	17	260	6	539	539
3487	Chaenorhinum origanifolium	5.8	37	12	4	4	160	-46	304	6.2	49	6	7	180	-38	351	7.5	87	21	14	12	240	-15	492	8	100	24	17	14	260	-8	539	539
3488	Campanula lactiflora	5.8	37	12	4	4	160	-46	0	6.2	49	6	7	180	-38	0	7.5	87	21	14	12	240	-15	0	8	100	24	17	14	260	-8	0	0
3489	Bryonia dioica	5.2	30	12	12	12	175	-12	106	5.6	44	18	15	192	-2	186	7	86	21	36	21	243	26	428	7.5	100	24	42	23	260	36	508	508
3490	Phillyrea angustifolia	4.8	26	10	8	8	195	-31	163	5.5	40	10	14	224	-5	163	7.7	85	21	16	30	311	72	163	8.5	100	24	18	36	340	98	163	163
3492	Calicotome spinosa	4.8	26	17	8	8	210	-7	330	5.2	40	10	17	234	8	330	6.5	85	24	16	26	306	53	330	7	100	26	18	30	330	69	330	330
3493	Phillyrea media	4.8	26	17	8	8	210	1	209	5.1	32	10	18	218	14	209	6.1	50	24	16	27	242	55	209	6.5	56	26	18	30	250	69	209	209
3495	Rhamnus lycioides	5	28	12	8	8	200	-46	181	5.4	42	12	9	228	-31	181	6.6	85	23	27	18	312	11	181	7	100	26	32	21	340	26	181	181
3496	Rosmarinus officinalis	5.5	34	12	6	6	200	-31	181	6	47	9	11	228	-19	181	7.5	86	23	20	18	312	14	181	8	100	26	24	21	340	26	181	181
3497	Brachypodium retusum	5	28	12	6	6	190	-46	8	5.6	42	11	9	220	-29	363	7.4	85	23	29	19	310	19	1428	8	100	26	35	23	340	36	1782	1782
3498	Erica multiflora	4.8	25	12	8	8	230	-17	181	5.2	40	12	13	252	-8	181	6.5	85	23	27	19	318	17	181	7	100	26	32	21	340	26	181	181
3499	Linum suffruticosum	5.5	34	12	6	6	220	-31	145	6	47	9	10	229	-22	201	7.5	86	23	20	16	256	3	371	8	100	26	24	18	265	12	427	427
3500	Helianthemum marifolium	5.5	34	12	6	6	230	-17	145	6	47	9	13	252	-8	198	7.5	86	23	20	19	318	17	357	8	100	26	24	21	340	26	410	410
3501	Ulex parviflorus	5.8	36	12	6	6	230	-22	185	6.2	48	9	13	252	-12	185	7.5	87	23	20	19	318	16	185	8	100	26	24	21	340	26	185	185
3502	Centaurea linifolia	5.5	34	12	6	6	220	-27	154	6	47	9	11	229	-21	209	7.5	86	23	20	14	256	-3	373	8	100	26	24	16	265	2	427	427
3503	Stipa orientalis	5.8	36	12	6	6	220	-27	154	6.2	48	9	11	229	-21	209	7.5	87	23	20	14	256	-3	373	8	100	26	24	16	265	2	427	427
3504	Abies pinsapo	5.8	37	8	12	12	230	-3	1065	6.2	49	16	18	244	11	900	7.5	87	19	28	27	286	54	406	8	100	22	32	30	300	69	242	242
3505	Paeonia broteroi	5.8	37	8	4	4	230	-3	50	6.2	49	9	18	252	11	213	7.5	87	19	26	27	318	54	700	8	100	22	32	30	340	69	862	862
3506	Hyacinthoides hispanica	5.8	37	8	4	4	230	-3	50	6.2	49	9	18	244	11	88	7.5	87	19	26	27	286	54	203	8	100	22	32	30	300	69	242	242
3507	Doronicum plantagineum	5.8	37	8	4	4	240	-3	50	6.2	49	9	18	252	11	88	7.5	87	19	26	27	288	54	203	8	100	22	32	30	300	69	242	242
3508	Rosa micrantha	5.8	37	8	4	4	230	-3	53	6.2	49	9	18	244	11	53	7.5	87	19	26	27	286	54	53	8	100	22	32	30	300	69	53	53
3509	Asphodelus cerasifer	5.8	37	8	4	4	230	-3	50	6.2	49	9	18	244	11	88	7.5	87	19	26	27	286	54	203	8	100	22	32	30	300	69	242	242
3510	Macrochloa tenacissima	6.2	45	10	4	4	200	-46	184	6.5	56	6	7	225	-39	436	7.6	89	21	13	11	300	-19	1191	8	100	24	16	13	325	-13	1443	1443
3511	Asparagus horridus	5	27	10	4	4	200	-36	282	5.5	41	6	11	225	-21	282	7	85	21	13	20	300	21	282	7.5	100	24	16	23	325	36	282	282
3512	Ulex argenteus	4.2	18	17	6	6	260	1	225	4.5	23	8	17	276	8	225	5.6	39	25	14	21	324	29	225	6	45	28	16	23	340	36	225	225
3513	Scilla monophyllos	4.2	18	17	6	6	260	1	169	4.5	23	8	17	276	8	237	5.6	39	25	14	21	324	29	443	6	45	28	16	23	340	36	511	511
3514	Phlomis purpurea	4.2	18	17	6	6	260	1	169	4.7	34	8	17	276	8	274	6.4	83	25	14	21	324	29	589	7	100	28	16	23	340	36	695	695
3515	Sedum forsterianum	4.2	18	17	6	6	260	1	169	4.5	23	8	17	276	8	237	5.6	39	25	14	21	324	29	443	6	45	28	16	23	340	36	511	511
3516	Lavandula viridis	4.2	18	17	6	6	260	1	225	4.5	23	8	17	276	8	225	5.6	39	25	14	21	324	29	225	6	45	28	16	23	340	36	225	225
3517	Dactylis hispanica	4.2	18	10	6	6	165	-36	169	4.7	34	13	11	200	-21	424	6.4	83	24	34	20	305	21	1188	7	100	28	42	23	340	36	1443	1443
3518	Picris spinifera	4.2	18	17	6	6	260	1	169	4.5	23	8	17	276	8	237	5.6	39	25	14	21	324	29	443	6	45	28	16	23	340	36	511	511
3519	Thapsia villosa	4.2	18	17	6	6	260	1	169	4.5	23	8	17	276	8	237	5.6	39	25	14	21	324	29	443	6	45	28	16	23	340	36	511	511
3520	Rumex induratus	4.2	18	17	6	6	260	1	169	4.5	23	8	17	276	8	237	5.6	39	25	14	21	324	29	443	6	45	28	16	23	340	36	511	511
3522	Cistus monspeliensis	4.2	18	17	6	6	240	-22	309	4.7	34	8	13	260	-10	309	6.4	83	25	15	20	320	24	309	7	100	28	18	23	340	36	309	309
3524	Agrostis castellana	4.2	18	17	6	6	180	-22	232	4.5	23	8	13	206	-10	383	5.6	39	25	14	20	284	24	834	6	45	28	16	23	310	36	985	985
3525	Tuberaria guttata	4.2	18	17	6	6	185	-36	232	4.8	34	8	11	210	-21	414	6.8	83	25	14	20	285	21	958	7.5	100	28	16	23	310	36	1140	1140
3526	Cistus crispus	4.2	18	17	6	6	240	-22	309	4.5	23	8	13	254	-9	309	5.6	39	25	14	21	296	28	309	6	45	28	16	24	310	41	309	309
3527	Vulpia bromoides	4.2	18	17	6	6	240	-22	232	4.5	23	19	8	13	254	-10	378	5.6	39	25	14	20	296	24	815	6	45	28	16	23	310	36	961
3528	Trifolium angustifolium	4.2	18	17	6	6	240	-22	232	4.5	23	8	13	254	-10	280	5.6	39	25	14	20	296	24	425	6	45	28	16	23	310	36	473	473
3529	Eryngium tenue	4.2	18	17	6	6	240	-22	232	4.5	23	8	13	254	-10	280	5.6	39	25	14	20	296	24	425	6	45	28	16	23	310	36	473	473
3530	Gastridium ventricosum	4.2	18	17	6	6	240	-22	232	4.5	23	8	13	254	-10	280	5.6	39	25	14	20	296	24	425	6	45	28	16	23	310	36	473	473
3531	Tolpis barbata	4.2	18	17	6	6	240	-22	232	4.5	23	8	13	254	-10	280	5.6	39	25	14	20	296	24	425	6	45	28	16	23	310	36	473	473
3532	Cynosurus echinatus	4.2	18	17	6	6	240	-22	232	4.5	23	8	13	254	-10	280	5.6	39	25	14	20	296	24	425	6	45	28	16	23	310	36	473	473
3533	Brachypodium distachyon	4.2	18	17	6	6	185	-22	232	4.8	34	8	13	216	-10	403	6.8	83	25	15	20	309	24	917	7.5	100	28	18	23	340	36	1088	1088
3534	Trifolium glomeratum	4.2	18	17	6	6	240	-22	232	4.5	23	8	13	254	-10	280	5.6	39	25	14	20	296	24	425	6	45	28	16	23	310	36	473	473
3535	Bellis annua	4.2	18	17	6	6	240	-22	232	4.5	23	8	13	254	-10	280	5.6	39	25	14	20	296	24	425	6	45	28	16	23	310	36	473	473
3536	Chamaerops humilis	4.2	18	14	6	6	240	-22	309	4.7	34	8	13	262	-10	309	6.4	83	25	14	20	328	24	309	7	100	28	16	23	350	36	309	309
3537	Lavandula sampaioana	4.2	18	17	6	6	165	-36	170	4.7	34	8	11	200	-21	170	6.4	83	25	14	20	305	21	170	7	100	28	16	23	340	36	170	170
3538	Avenella stricta	4.2	18	17	6	6	260	1	169	4.5	23	8	17	276	8	237	5.6	39	25	14	21	324	29	443	6	45	28	16	23	340	36	511	511
3539	Cynara algarbiensis	4.2	18	17	6	6	260	1	0	4.5	23	8	17	276	8	0	5.6	39	25	14	21	324	29	0	6	45	28	16	23	340	36	0	0
3540	Aristolochia baetica	5.8	37	8	6	6	240	-3	1116	6.2	49	8	18	260	11	1032	7.5	87	19	14	27	320	54	779	8	100	22	16	30	340	69	695	695
3542	Thymbra capitata	5.8	37	8	6	6	240	-17	251	6.2	49	8	15	260	0	299	7.5	87	20	15	26	320	51	443	8	100	24	18	30	340	69	491	491
3543	Ptilostemon hispanicus	5.8	37	8	6	6	240	-3	251	6.2	49	8	18	252	11	299	7.5	87	19	14	27	288	54	443	8	100	22	16	30	300	69	491	491
3544	Jasminum fruticans	6	40	8	6	6	190	-31	301	6.4	52	8	10	214	-23	301	7.6	88	19	15	15	286	0	301	8	100	22	18	17	310	7	301	301
3545	Rhamnus lycioides laderoi	6	40	8	6	6	240	-31	301	6.4	52	8	10	254	-23	301	7.6	88	19	14	15	296	0	301	8	100	22	16	17	310	7	301	301
3546	Hieracium murorum	3.3	6	14	4	4	55	-46	2	4	24	11	11	88	-18	103	6.2	81	27	34	29	187	65	407	7	100	31	42	35	220	93	509	509
3549	Arenaria montana	3.3	6	14	4	4	125	-31	23	3.8	15	11	13	164	-11	86	5.6	45	26	34	25	281	49	274	6.2	55	29	42	30	320	69	337	337
3550	Conopodium subcarneum	3.8	13	14	4	4	150	-46	94	4.4	30	11	8	169	-34	122	6.2	82	26	34	15	226	0	206	6.8	100	29	42	18	245	12	234	234
3551	Cistus laurifolius	3.8	13	14	4	4	150	-46	111	4.4	30	11	8	169	-34	111	6.2	82	26	34	15	226	0	111	6.8	100	29	42	18	245	12	111	111
3552	Genista falcata	4.2	18	14	4	4	150	-46	111	4.7	34	11	8	169	-34	111	6.2	83	26	34	15	226	0	111	6.8	100	29	42	18	245	12	111	111
3553	Carex lamprocarpa	4.2	18	14	4	4	150	-46	94	4.9	34	11	8	169	-34	120	7.2	83	26	34	15	226	0	198	8	100	29	42	18	245	12	224	224
3554	Festuca merinoi	4.2	18	14	4	4	150	-46	108	4.7	34	11	8	163	-34	131	6.2	83	26	34	15	202	0	200	6.8	100	29	42	18	215	12	224	224
3556	Aristolochia paucinervis	4.2	18	14	4	4	175	-46	107	4.8	34	11	10	195	-23	141	6.8	83	26	34	25	255	46	242	7.5	100	29	42	30	275	69	276	276
3557	Physospermum cornubiense	4.2	18	14	4	4	160	-46	18	4.7	34	11	9	174	-29	89	6.2	83	26	34	19	216	19	303	6.8	100	29	42	23	230	36	374	374
3558	Luzula lactea	3.3	6	14	4	4	150	-46	29	3.8	15	11	8	169	-34	70	5.6	45	26	34	15	226	0	193	6.2	55	29	42	18	245	12	234	234
3559	Helictochloa marginata	3.3	6	14	4	4	125	-46	107	3.8	15	8	8	149	-34	283	5.6	45	26	22	15	221	0	809	6.2	55	29	27	18	245	12	985	985
3560	Daphne gnidium	4.2	18	14	4	4	175	-46	25	4.7	34	11	12	208	-17	25	6.4	83	26	34	30	307	69	25	7	100	29	42	36	340	98	25	25
3561	Origanum virens	4.2	18	14	4	4	175	-46	133	4.7	34	11	10	195	-23	162	6.2	83	26	34	25	255	46	247	6.8	100	29	42	30	275	69	276	276
3562	Lavandula angustifolia	5.2	30	12	4	4	120	-31	31	5.6	44	6	13	148	-11	31	6.8	86	28	15	25	232	49	31	7.3	100	32	18	30	260	69	31	31
3563	Juniperus hemisphaerica	5.2	30	12	4	4	120	-36	31	5.7	44	7	11	148	-21	31	7.4	86	28	16	20	232	21	31	8	100	32	20	23	260	36	31	31
3564	Rosa spinosissima	4.9	27	12	4	4	120	-46	31	5.3	41	7	9	148	-29	31	6.8	85	28	19	19	232	19	31	7.3	100	32	23	23	260	36	31	31
3566	Ononis natrix	5.2	29	12	4	4	120	-31	23	5.6	43	6	11	148	-17	55	7	85	28	15	20	232	22	150	7.5	100	32	18	23	260	36	182	182
3567	Carex microcarpa	3.1	4	8	12	12	110	-46	99	3.9	23	21	13	140	-12	131	6.6	80	28	50	34	230	88	224	7.5	100	33	60	41	260	122	255	255
3568	Hypericum hircinum	4.1	17	18	26	26	220	-31	143	4.4	22	29	13	236	-11	143	5.6	39	47	41	25	284	49	143	6	45	55	45	30	300	69	143	143
3569	Oenanthe crocata	4.1	17	12	26	26	195	-41	100	4.4	22	29	11	216	-19	325	5.6	39	46	41	25	279	47	1001	6	45	55	45	30	300	69	1227	1227
3570	Salix atrocinerea	4.1	17	18	26	26	145	-41	95	4.4	22	31	11	176	-19	95	5.6	39	47	49	25	269	47	95	6	45	55	55	30	300	69	95	95
3571	Cyperus longus	4.1	17	18	26	26	175	-31	100	4.5	23	29	13	200	-11	279	5.7	42	47	41	25	275	49	818	6.2	49	55	45	30	300	69	998	998
3572	Salix arrigonii	4.1	17	18	26	26	220	-3	143	4.4	22	29	18	236	11	143	5.6	39	47	41	27	284	54	143	6	45	55	45	30	300	69	143	143
3573	Euphorbia meuselii	4.1	17	18	9	9	195	-31	100	4.4	22	16	13	216	-11	131	5.6	39	47	37	25	279	49	224	6	45	55	45	30	300	69	255	255
3574	Euphorbia semiperfoliata	4.1	17	18	26	26	220	-41	102	4.4	22	29	11	236	-19	133	5.6	39	47	41	25	284	47	224	6	45	55	45	30	300	69	254	254
3575	Bellium bellidioides	3.8	13	18	26	26	220	-41	102	4.2	19	29	11	236	-19	133	5.5	38	47	41	25	284	47	224	6	45	55	45	30	300	69	254	254
3576	Allium subhirsutum	4.9	27	18	9	9	220	-41	102	5.4	41	16	11	240	-19	133	6.9	85	47	37	25	300	47	224	7.5	100	55	45	30	320	69	254	254
3577	Allium triquetrum	4.9	27	18	26	26	220	-41	102	5.1	33	29	11	236	-19	133	5.9	53	47	41	25	284	47	224	6.2	60	55	45	30	300	69	254	254
3578	Cynosurus effusus	4.1	17	18	26	26	220	-41	102	4.4	22	29	11	236	-19	133	5.6	39	47	41	25	284	47	224	6	45	55	45	30	300	69	254	254
3579	Adiantum capillus-veneris	4.9	27	18	26	26	175	-41	102	5.4	41	30	11	210	-19	255	6.9	85	47	42	25	315	47	711	7.5	100	55	46	30	350	69	863	863
3580	Helleborus argutifolius	4.1	17	18	26	26	220	-41	102	4.4	22	29	11	236	-19	133	5.6	39	47	41	25	284	47	224	6	45	55	45	30	300	69	254	254
3582	Hypericum androsaemum	4.1	17	12	26	26	220	-3	3	4.4	22	29	18	228	11	51	5.6	39	21	41	27	252	54	195	6	45	24	45	30	260	69	243	243
3584	Isolepis cernua	3.8	13	12	26	26	220	-3	76	4	16	29	18	228	11	100	4.7	25	21	41	27	252	54	171	5	28	24	45	30	260	69	195	195
3585	Lavandula stoechas	4.2	18	14	4	4	200	-46	209	4.5	23	7	10	228	-23	209	5.6	39	23	17	25	312	46	209	6	45	26	21	30	340	69	209	209
3586	Briza maxima	4.2	18	14	4	4	200	-46	20	4.5	23	7	10	220	-23	111	5.6	39	23	17	25	280	46	383	6	45	26	21	30	300	69	473	473
3588	Cedrus libani	6.2	46	12	4	4	165	-51	930	6.6	56	8	6	192	-43	1051	8	89	21	20	11	273	-20	1414	8.5	100	24	24	13	300	-13	1535	1535
3589	Lysimachia tenella	3.2	5	22	40	40	185	-31	681	3.8	15	45	11	193	-17	777	5.8	45	52	60	20	217	22	1063	6.5	56	60	66	23	225	36	1158	1158
3590	Carum verticillatum	3	3	22	38	38	125	-12	551	3.4	9	43	15	145	-2	615	4.9	27	52	60	21	205	26	808	5.4	33	60	66	23	225	36	873	873
3591	Sphagnum subnitens	3.2	5	22	40	40	190	1	681	3.5	9	45	17	196	8	709	4.5	22	52	60	21	214	29	791	4.9	27	60	66	23	220	36	819	819
3592	Cirsium dissectum	3.2	5	22	40	40	190	1	324	3.5	9	45	17	196	8	423	4.5	22	52	60	21	214	29	720	4.9	27	60	66	23	220	36	819	819
3593	Erica ciliaris	3.2	5	22	21	21	190	1	681	3.5	9	30	17	196	8	681	4.5	22	52	57	21	214	29	681	4.9	27	60	66	23	220	36	681	681
3594	Narthecium ossifragum	3.2	5	22	40	40	125	-17	526	3.5	9	45	14	144	-6	585	4.5	22	52	60	20	201	25	760	4.9	27	60	66	23	220	36	819	819
3595	Carex laevigata	3.1	4	18	32	32	140	-31	87	3.5	10	37	13	158	-11	118	5	28	30	54	25	212	49	209	5.5	34	33	60	30	230	69	240	240
3596	Scutellaria minor	3.1	4	18	32	32	140	-31	87	3.5	10	37	13	158	-11	338	5	28	30	54	25	212	49	1092	5.5	34	33	60	30	230	69	1344	1344
3597	Peucedanum gallicum	4.2	18	10	4	4	165	-17	24	4.5	23	11	14	176	-6	51	5.6	39	22	34	20	209	25	132	6	45	26	42	23	220	36	159	159
3598	Crataegus germanica	4.2	18	10	7	7	165	-17	29	4.5	23	11	14	176	-6	29	5.6	39	22	23	20	209	25	29	6	45	26	27	23	220	36	29	29
3599	Erica cinerea	3.2	5	22	4	4	125	-17	81	3.6	10	11	17	144	10	81	4.8	25	30	34	35	201	94	81	5.2	30	33	42	41	220	122	81	81
3601	Ribes rubrum	4.7	25	12	8	8	140	-17	57	5.2	40	15	15	156	0	57	6.9	85	24	36	26	204	51	57	7.5	100	28	44	30	220	69	57	57
3603	Lathyrus alpestris	5.2	30	12	13	13	190	-31	80	5.7	44	16	10	196	-22	123	7.4	86	23	28	16	214	3	251	8	100	26	32	18	220	12	294	294
3604	Scilla lilio-hyacinthus	5.2	30	12	12	12	90	-12	31	5.8	61	16	14	111	-6	75	7.8	156	21	28	17	174	11	210	8.5	188	24	32	19	195	17	254	254
3605	Isopyrum thalictroides	5	28	10	12	12	90	-46	6	5.7	42	20	8	116	-33	56	7.8	85	21	46	16	194	4	205	8.5	100	24	55	19	220	17	254	254
3606	Helleborus viridis	5.2	30	12	12	12	90	-12	33	5.8	61	16	14	111	-6	77	7.8	156	21	28	17	174	11	210	8.5	188	24	32	19	195	17	254	254
3607	Hypericum elodes	4.9	26	26	42	42	165	-27	227	5.3	40	53	14	184	-4	450	6.5	85	44	88	28	241	61	1120	7	100	49	100	33	260	84	1344	1344
3608	Juncus heterophyllus	5	28	26	42	42	190	-27	845	5.4	42	53	14	204	-4	898	6.6	85	44	88	28	246	61	1058	7	100	49	100	33	260	84	1111	1111
3609	Carex binervis	3.1	4	20	32	32	145	11	227	3.3	6	36	22	176	33	450	3.9	14	29	50	36	269	99	1120	4.1	17	32	55	41	300	122	1344	1344
3610	Anagallis tenella	3.1	4	20	38	38	190	1	227	3.6	10	41	21	212	25	450	5.4	31	29	51	36	278	97	1120	6	38	32	55	41	300	122	1344	1344
3611	Leontodon saxatilis	3.1	4	20	42	42	210	11	227	3.3	6	44	22	228	33	450	3.9	14	29	52	36	282	99	1120	4.1	17	32	55	41	300	122	1344	1344
3612	Gaudinia fragilis 	4.5	23	10	12	12	190	-41	747	5.2	38	18	11	220	-19	972	7.3	84	22	39	25	310	47	1648	8	100	26	46	30	340	69	1873	1873
3613	Malva moschata	4.5	23	10	12	12	125	-46	303	5.2	38	18	10	144	-23	376	7.3	84	22	36	25	201	46	596	8	100	26	42	30	220	69	669	972
3614	Sesleria argentea	5.5	34	12	4	4	175	-12	833	6	47	6	16	188	4	866	7.5	86	23	15	26	227	52	964	8	100	26	18	30	240	69	997	997
3615	Teucrium pyrenaicum	5.5	34	12	4	4	125	-17	91	6	47	6	15	148	0	272	7.5	86	23	15	26	217	51	816	8	100	26	18	30	240	69	997	997
3616	Helianthemum chamaecistus	5.5	34	12	4	4	140	-12	89	6	47	7	16	160	4	271	7.5	86	23	16	26	220	52	815	8	100	26	20	30	240	69	997	997
3617	Viola scotophylla	5.5	34	12	4	4	175	-12	833	6	47	14	6	16	188	4	866	7.5	86	23	15	26	227	52	964	8	100	26	18	30	240	69	997
3618	Ulex minor	3.3	7	12	4	4	175	-12	831	4.2	25	8	16	188	4	831	7	81	23	23	26	227	52	831	8	100	26	28	30	240	69	831	831
3619	Glandora diffusa	5.2	28	12	4	4	125	-17	55	5.7	42	8	15	148	0	251	7.4	85	23	23	26	217	51	842	8	100	26	28	30	240	69	1038	1038
3620	Betula celtiberica	3.8	13	10	12	12	125	-17	533	4.6	30	18	15	145	0	610	7.1	82	22	36	26	205	51	840	8	100	26	42	30	225	69	917	917
3621	Dryopteris aemula	3.8	13	10	12	12	190	11	29	4.6	30	18	20	197	22	67	7.1	82	22	36	27	218	57	182	8	100	26	42	30	225	69	220	220
3622	Ranunculus brutius	3.7	12	15	4	4	190	-17	76	4.4	29	8	15	196	0	106	6.7	82	27	20	26	214	51	196	7.5	100	31	24	30	220	69	226	226
3623	Lamium flexuosum	3.7	12	15	4	4	190	-27	76	4.4	29	8	14	208	-7	109	6.7	82	27	20	26	262	49	206	7.5	100	31	24	30	280	69	238	238
3624	Campanula trichocalycina	3.7	12	15	4	4	190	-17	76	4.3	29	8	15	196	0	106	6.3	82	27	20	26	214	51	196	7	100	31	24	30	220	69	226	226
3625	Geranium versicolor	3.7	12	15	4	4	190	-27	81	4.3	29	8	14	208	-7	112	6.3	82	27	20	26	262	49	207	7	100	31	24	30	280	69	238	238
3626	Scrophularia scopolii	3.7	12	15	4	4	190	-17	76	4.3	29	8	15	196	0	174	6.3	82	27	20	26	214	51	466	7	100	31	24	30	220	69	563	563
3627	Acer heldreichii	4.8	25	14	12	12	140	-17	631	5.2	40	17	14	147	-6	668	6.5	85	20	32	20	168	25	777	7	100	22	38	23	175	36	814	814
3628	Senecio nemorensis	4.8	25	10	12	12	100	-17	24	5.2	40	17	14	115	-6	147	6.5	85	19	34	20	160	25	516	7	100	22	40	23	175	36	640	640
3629	Geranium macrorrhizum	4.8	25	14	10	10	125	-17	24	5.3	40	15	14	135	-6	148	6.9	85	22	32	20	165	25	522	7.5	100	24	38	23	175	36	646	646
3630	Acer obtusatum	5.2	30	10	12	12	160	-22	35	5.8	44	17	13	172	-9	95	7.8	86	22	32	21	208	28	274	8.5	100	26	38	24	220	41	334	334
3631	Cardamine glanduligera	4.5	23	10	4	4	110	-17	35	5.2	38	10	14	122	-6	78	7.3	84	22	29	20	158	25	204	8	100	26	36	23	170	36	247	247
3632	Symphytum cordatum	4.5	23	10	4	4	110	-17	35	5.2	38	10	14	122	-6	75	7.3	84	22	29	20	158	25	194	8	100	26	36	23	170	36	233	233
3633	Cardamine quinquefolia	5.2	30	16	9	9	160	-31	30	5.6	44	13	10	166	-24	56	7	86	22	27	14	184	-4	134	7.5	100	24	32	16	190	2	160	160
3634	Galanthus plicatus	5.2	30	16	9	9	160	-31	30	5.6	44	13	10	166	-24	110	7	86	22	27	14	184	-4	349	7.5	100	24	32	16	190	2	428	428
3635	Arum elongatum	5.2	30	16	9	9	160	-31	62	5.6	44	13	10	166	-24	82	7	86	22	27	14	184	-4	140	7.5	100	24	32	16	190	2	160	160
3636	Primula acaulis	5.2	30	16	9	9	160	-31	62	5.6	44	13	10	166	-24	82	7	86	22	27	14	184	-4	140	7.5	100	24	32	16	190	2	160	160
3637	Scilla siberica	5.2	30	16	9	9	150	-36	25	5.6	44	13	9	156	-30	40	7	86	22	27	12	174	-13	83	7.5	100	24	32	14	180	-8	97	97
3638	Tulipa quercetorum	5.2	30	16	9	9	160	-36	25	5.6	44	13	9	166	-30	39	7	86	22	27	12	184	-13	82	7.5	100	24	32	14	190	-8	96	96
3640	Carex strigosa	5.2	30	15	12	12	175	-12	165	5.5	44	18	16	192	4	193	6.6	86	25	36	26	243	52	276	7	100	28	42	30	260	69	303	303
3641	Acer hyrcanum stevenii	5.2	30	15	4	4	160	-31	34	5.8	44	5	11	166	-19	46	7.8	86	23	10	18	184	14	85	8.5	100	26	12	21	190	26	98	98
3642	Pseudotaxiphyllum elegans	3	3	18	4	4	135	-12	7	3.3	7	11	15	143	0	20	4.5	22	28	34	22	167	33	58	4.9	27	31	42	25	175	45	70	70
3643	Diphyscium foliosum	3	3	18	4	4	135	-12	7	3.3	7	11	15	143	0	20	4.5	22	28	34	22	167	33	58	4.9	27	31	42	25	175	45	70	70
3644	Rubus tereticaulis	3	3	18	4	4	135	-12	23	3.3	7	11	15	143	0	23	4.5	22	28	34	22	167	33	23	4.9	27	31	42	25	175	45	23	23
3645	Dryopteris caucasica	4.2	17	18	10	10	125	11	13	4.5	20	14	20	135	22	38	5.4	30	24	27	27	165	57	111	5.7	34	26	32	30	175	69	136	136
3646	Salix appendiculata	5.2	30	10	8	8	65	-46	92	5.5	44	15	13	87	-12	92	6.6	86	24	37	34	153	88	92	7	100	28	45	41	175	122	92	92
3647	Elymus caninus	5.2	30	10	8	8	65	-46	83	5.4	36	15	13	98	-12	168	6.3	54	24	37	34	197	88	423	6.6	60	28	45	41	230	122	508	508
3648	Valeriana excelsa versifolia	5.2	30	10	8	8	65	-46	83	5.4	36	15	13	79	-12	108	6.3	54	24	37	34	121	88	183	6.6	60	28	45	41	135	122	208	208
3649	Trifolium rubens	5.4	32	8	4	4	65	-46	32	5.9	45	7	13	104	-12	93	7.4	86	26	19	34	221	88	274	8	100	31	23	41	260	122	334	334
3651	Ulex europaeus	3.3	6	12	5	5	140	11	132	4.2	24	8	22	164	33	132	7	81	27	17	36	236	99	132	8	100	31	21	41	260	122	132	132
3652	Asphodelus albus	4.2	18	8	4	4	175	-7	115	4.9	34	9	19	200	18	181	7.2	83	22	26	35	275	96	376	8	100	26	32	41	300	122	442	442
3653	Centaurea nemoralis	3.3	6	18	5	5	90	11	747	3.7	11	7	22	116	33	792	4.9	26	28	15	36	194	99	927	5.4	32	31	18	41	220	122	972	972
3654	Scheuchzeria palustris	3.2	6	24	38	38	115	-36	350	3.5	10	42	11	130	-21	434	4.4	22	52	55	20	175	21	684	4.8	26	60	60	23	190	36	768	768
3655	Cirsium canum	6	40	12	32	32	135	-36	448	6.5	52	36	9	146	-27	521	8	88	24	50	15	179	-1	742	8.5	100	28	55	17	190	7	816	816
3656	Dicranodontium denudatum	3.8	13	21	28	28	140	-17	15	4.1	20	33	15	150	0	30	5.1	42	29	49	26	180	51	74	5.5	50	31	55	30	190	69	88	88
3657	Salvia verticillata	5.2	30	15	4	4	160	-46	465	5.8	44	7	8	172	-36	487	7.8	86	27	16	14	208	-7	552	8.5	100	31	19	16	220	2	574	574
3659	Dorycnium pentaphyllum	5.2	30	15	4	4	160	-46	187	5.8	44	7	9	178	-31	284	7.8	86	27	16	18	232	11	575	8.5	100	31	19	21	250	26	672	672
3660	Atropa bella-donna	4.4	22	18	5	5	140	-27	367	5	37	8	11	150	-19	367	6.8	84	28	19	16	180	4	367	7.5	100	31	23	18	190	12	367	367
3661	Soldanella montana	3.8	13	21	28	28	140	-17	38	4.1	20	33	15	150	0	66	5.1	42	29	49	26	180	51	150	5.5	50	31	55	30	190	69	177	177
3662	Calypogeia azurea	3.8	13	21	28	28	140	-17	15	4.1	20	33	15	150	0	30	5.1	42	29	49	26	180	51	74	5.5	50	31	55	30	190	69	88	88
3663	Ranunculus penicillatus	6.2	49	7	40	40	90	-36	461	6.6	59	52	14	128	-4	623	8	89	23	88	34	242	90	1110	8.5	100	27	100	41	280	122	1272	1272
3664	Bidens cernua	4.1	17	7	22	22	140	-36	476	4.7	33	26	12	150	-16	525	6.5	83	22	41	24	180	40	671	7.1	100	26	46	28	190	60	720	720
3665	Bidens radiata	4	17	7	22	22	140	-12	483	4.6	33	26	16	150	2	515	6.4	83	22	41	25	180	45	610	7.1	100	26	46	28	190	60	642	642
3666	Rorippa palustris	4	17	7	22	22	140	-12	474	4.6	33	26	16	150	2	523	6.4	83	22	41	25	180	45	671	7.1	100	26	46	28	190	60	720	720
3667	Rumex maritimus	4	17	7	22	22	140	-12	478	4.6	33	26	16	150	2	511	6.4	83	22	41	25	180	45	609	7.1	100	26	46	28	190	60	642	642
3668	Alopecurus aequalis	4	17	7	22	22	140	-31	474	4.6	33	28	12	150	-12	546	6.4	83	22	48	24	180	41	760	7.1	100	26	55	28	190	60	831	831
3669	Melilotus dentatus	5.2	30	12	8	8	125	-27	202	5.5	44	18	12	138	-16	361	6.7	86	23	49	18	177	15	840	7.1	100	26	60	21	190	26	999	999
3670	Pellia endiviifolia	5.2	30	20	36	36	40	-31	141	5.8	44	42	16	102	3	275	7.8	86	43	60	37	288	106	677	8.5	100	49	66	45	350	141	811	811
3671	Rhytidiadelphus squarrosus	3.1	4	15	19	19	65	-46	12	3.8	23	28	10	96	-23	45	6.2	80	29	56	25	189	46	144	7	100	33	66	30	220	69	177	177
3672	Homalothecium nitens	5.5	30	15	31	31	65	-46	91	6.1	44	38	10	96	-23	108	7.9	86	22	59	25	189	46	160	8.5	100	24	66	30	220	69	177	177
3673	Sphagnum warnstorfii	3.1	4	23	31	31	65	-46	21	3.4	8	38	10	96	-23	54	4.6	23	31	59	25	189	46	155	5	28	33	66	30	220	69	188	188
3674	Straminergon stramineum	3.1	4	15	42	42	40	-46	17	3.5	9	45	13	76	-12	37	4.9	26	51	56	34	184	88	98	5.4	32	60	60	41	220	122	119	119
3675	Amblystegium serpens	3	3	18	6	6	90	-46	48	3.7	17	18	13	116	-12	98	6	60	51	54	34	194	88	247	6.8	75	60	66	41	220	122	297	297
3676	Sisymbrium loeselii	5	28	12	4	4	145	-36	307	5.6	42	6	12	159	-16	381	7.4	85	20	14	24	201	40	603	8	100	22	17	28	215	60	677	677
3677	Hordeum murinum	5	28	12	4	4	145	-36	307	5.6	42	6	12	159	-16	434	7.4	85	20	14	24	201	40	813	8	100	22	17	28	215	60	940	940
3678	Malva neglecta	5.5	34	7	5	5	115	-46	1166	5.8	47	8	10	130	-23	1280	6.7	86	15	20	25	175	46	1623	7	100	18	24	30	190	69	1738	669
3679	Artemisia absinthium	5.8	36	12	5	5	165	-46	478	6	48	7	8	175	-36	525	6.7	87	20	14	14	205	-7	666	7	100	22	17	16	215	2	713	713
3680	Solidago canadensis	5.2	30	8	5	5	125	-46	412	5.6	44	8	10	144	-23	465	7	86	20	18	25	201	46	624	7.5	100	24	22	30	220	69	678	678
3681	Rudbeckia laciniata	5.2	30	8	5	5	125	-46	412	5.6	44	8	10	144	-23	465	7	86	20	18	25	201	46	624	7.5	100	24	22	30	220	69	678	678
3682	Blitum bonus-henricus	3.3	6	7	4	4	90	-17	255	4.2	24	11	17	120	10	406	7	81	26	33	35	210	94	859	8	100	31	41	41	240	122	1010	1010
3683	Arctium minus	3.3	6	7	4	4	115	-7	398	4.2	24	8	19	136	18	429	7	81	26	20	35	199	96	523	8	100	31	24	41	220	122	555	555
3684	Arctium tomentosum	3.3	6	7	4	4	115	-7	398	4.2	24	8	19	136	18	454	7	81	26	20	35	199	96	624	8	100	31	24	41	220	122	681	681
3685	Sambucus ebulus	5.4	32	7	8	8	115	-7	372	6	45	12	19	136	18	421	7.8	86	26	27	35	199	96	567	8.5	100	31	32	41	220	122	616	616
3686	Impatiens glandulifera	5.4	32	7	8	8	115	-7	190	6	45	12	19	136	18	234	7.8	86	26	27	35	199	96	366	8.5	100	31	32	41	220	122	410	410
3687	Myosoton aquaticum	5.4	32	7	8	8	115	-7	190	6	45	16	19	136	18	234	7.8	86	26	41	35	199	96	366	8.5	100	31	50	41	220	122	410	410
3688	Chaerophyllum temulum	4	16	7	8	8	115	-7	145	4.9	32	12	19	136	18	183	7.6	83	14	27	35	199	96	296	8.5	100	16	32	41	220	122	334	334
3689	Chaerophyllum aromaticum	4	16	8	21	21	115	-46	162	4.6	32	26	13	127	-12	205	6.4	83	19	41	34	163	88	334	7	100	22	46	41	175	122	377	377
3691	Chaerophyllum bulbosum	6.2	46	8	21	21	115	-46	368	6.6	56	26	10	127	-23	430	8	89	19	41	25	163	46	616	8.5	100	22	46	30	175	69	678	678
3693	Helianthus tuberosus	4.9	27	8	12	12	145	-22	456	5.3	41	18	14	160	-3	487	6.5	85	22	39	26	205	50	579	7	100	26	46	30	220	69	610	610
3694	Heracleum mantegazzianum	5.2	30	8	21	21	115	-46	423	5.6	44	26	10	127	-23	457	7	86	19	41	25	163	46	558	7.5	100	22	46	30	175	69	592	592
3695	Symphyotrichum novi-belgii	5.2	30	8	12	12	145	-46	419	5.6	44	18	10	160	-23	457	7	86	19	36	25	205	46	572	7.5	100	22	42	30	220	69	610	610
3696	Reynoutria japonica	5.2	30	8	21	21	120	-46	411	5.6	44	26	10	135	-23	451	7	86	19	41	25	180	46	570	7.5	100	22	46	30	195	69	610	610
3697	Reynoutria sachalinensis	5.2	30	8	21	21	120	-46	411	5.6	44	26	10	135	-23	451	7	86	19	41	25	180	46	570	7.5	100	22	46	30	195	69	610	610
3698	Rumex alpinus	4.9	27	8	12	12	45	-22	213	5.3	41	18	17	65	6	285	6.5	85	22	39	35	125	93	500	7	100	26	46	41	145	122	572	572
3699	Myrrhis odorata	4.9	27	8	12	12	45	-22	213	5.3	41	18	17	61	6	237	6.5	85	22	39	35	109	93	311	7	100	26	46	41	125	122	335	335
3701	Carduus personata	4.8	25	8	12	12	45	-22	213	5.2	40	18	17	65	6	298	6.5	85	22	39	35	125	93	554	7	100	26	46	41	145	122	640	640
3702	Sporobolus × townsendii	5.2	30	12	40	40	140	1	410	5.8	44	42	17	150	8	428	7.8	86	18	49	21	180	29	484	8.5	100	20	52	23	190	36	503	503
3704	Elymus pungens	5.2	30	12	40	40	140	1	416	5.8	44	42	17	150	8	451	7.8	86	18	49	21	180	29	555	8.5	100	20	52	23	190	36	590	590
3705	Hieracium amplexicaule	6.2	45	18	4	4	140	-3	455	6.6	56	7	18	151	11	485	8	89	28	16	27	184	54	574	8.5	100	31	19	30	195	69	604	604
3706	Pseudofumaria lutea	6.2	45	18	4	4	140	-3	455	6.6	56	7	18	151	11	485	8	89	28	16	27	184	54	574	8.5	100	31	19	30	195	69	604	604
3707	Atriplex littoralis	5	26	8	8	8	140	-46	416	5.7	40	18	10	152	-23	499	7.8	85	28	49	25	188	46	748	8.5	100	33	60	30	200	69	831	831
3708	Verbascum thapsus	5	28	7	4	4	60	-12	381	5.7	42	9	6	15	100	-2	412	7.8	85	15	14	21	220	26	504	8.5	100	18	17	23	260	36	535
3709	Verbascum nigrum	5	28	7	4	4	140	-22	381	5.7	42	6	13	160	-10	412	7.8	85	15	14	20	220	24	504	8.5	100	18	17	23	240	36	535	535
3710	Lappula squarrosa	4.8	25	7	4	4	60	-46	31	5.3	40	6	9	96	-29	132	6.9	85	15	14	19	204	19	434	7.5	100	18	17	23	240	36	535	535
3711	Petteria ramentacea	5.2	30	12	5	5	170	-46	885	5.8	44	8	10	188	-23	885	7.8	86	23	19	25	242	46	885	8.5	100	26	23	30	260	69	885	885
3712	Bupleurum baldense	5.2	30	12	5	5	170	-46	88	5.8	44	8	10	188	-23	149	7.8	86	23	19	25	242	46	330	8.5	100	26	23	30	260	69	391	391
3713	Cardamine glauca	3	3	18	4	4	175	-12	105	3.6	13	8	15	184	0	151	5.5	44	28	20	22	211	33	288	6.2	55	31	25	25	220	45	334	334
3714	Hieracium tommasinianum	3	3	18	4	4	175	-12	105	3.6	13	8	15	184	0	151	5.5	44	28	20	22	211	33	288	6.2	55	31	25	25	220	45	334	334
3715	Prunus serotina	3.8	13	17	2	2	140	-46	48	4	16	5	10	150	-23	48	4.7	25	21	14	25	180	46	48	5	28	23	18	30	190	69	48	48
3716	Deschampsia setacea	4	16	26	43.8	43.8	140	-22	306	4.4	20	47	17	150	6	389	5.6	35	37	56	35	180	93	638	6	40	40	60	41	190	122	721	721
3717	Mesoptychia badensis	6	40	12	42	42	110	-27	232	6.5	52	46	11	117	-19	266	8	88	24	61	16	138	4	367	8.5	100	28	66	18	145	12	400	400
3718	Trifolium micranthum	4.1	17	12	32	32	140	-22	434	4.5	25	37	14	145	-3	487	6	51	23	52	26	160	50	644	6.5	60	26	58	30	165	69	697	697
3719	Hammarbya paludosa	3.2	4	24	40	40	115	-36	350	3.5	8	44	11	130	-21	425	4.4	21	52	56	20	175	21	649	4.8	26	60	60	23	190	36	724	724
3720	Carex heleonastis	4.1	17	24	43.8	43.8	115	-27	350	4.4	21	48	13	125	-8	401	5.6	35	27	61	25	155	46	553	6	40	28	66	29	165	65	603	603
3721	Carex lepidocarpa	6.3	49	16	38	38	140	-22	417	6.7	59	43	13	150	-9	463	8	89	29	60	21	180	28	602	8.5	100	33	66	24	190	41	649	649
3722	Trichophorum alpinum	4.1	17	26	31	31	140	-22	493	4.4	21	38	13	145	-12	524	5.6	35	53	59	19	160	16	617	6	40	60	66	21	165	26	649	649
3724	Juncus anceps	5.2	30	12	32	32	145	-12	115	5.7	44	36	16	154	4	163	7.4	86	20	50	26	181	52	308	8	100	22	55	30	190	69	356	356
3725	Oenothera oakesiana	3.3	6	18	5	5	140	-22	0	3.9	15	7	13	150	-10	0	5.8	45	28	15	20	180	24	0	6.5	55	31	18	23	190	36	0	0
3726	Arabidopsis halleri	4.9	27	12	12	12	90	-22	0	5	31	15	14	107	-3	0	5.3	45	23	24	26	158	50	0	5.4	50	26	27	30	175	69	0	0
3727	Odontoschisma sphagni	3	3	15	36	36	65	-46	13	3.2	6	42	10	96	-23	52	3.9	15	51	60	25	189	46	169	4.2	18	60	66	30	220	69	208	208
3728	Ophioglossum vulgatum	5	28	12	31	31	145	-12	80	5.5	42	36	16	160	4	187	7	85	20	54	26	205	52	507	7.5	100	22	60	30	220	69	613	613
3729	Dactylorhiza majalis	5	28	12	31	31	145	-12	271	5.5	42	36	16	160	4	323	7	85	20	54	26	205	52	479	7.5	100	22	60	30	220	69	531	531
3730	Carex lepidocarpa nevadensis	3.1	4	16	31	31	135	-36	284	4	23	36	10	146	-23	415	7	80	29	54	18	179	13	807	8	100	33	60	21	190	26	938	938
3732	Campanula rotundifolia hispanica	5.8	37	12	4	4	160	-46	304	6.2	49	6	7	180	-38	351	7.5	87	21	14	12	240	-15	492	8	100	24	17	14	260	-8	539	539
3733	Cynara humilis	4.2	18	17	6	6	260	1	169	4.5	23	8	17	276	8	237	5.6	39	25	14	21	324	29	443	6	45	28	16	23	340	36	511	511
3734	Iris humilis	6.1	40	15	5	5	190	-46	90	6.4	52	9	7	196	-38	138	7.6	88	20	24	12	214	-15	279	8	100	22	29	14	220	-8	327	327
3735	Orobanche cumana	4.2	18	12	5	5	145	-46	387	4.9	34	8	8	159	-36	450	7.2	83	20	18	14	201	-7	637	8	100	22	22	16	215	2	699	699
3736	Pyrus communis communis	3.7	12	12	4	4	140	-46	0	4.5	29	8	10	164	-23	0	7.1	82	27	22	25	236	46	0	8	100	31	27	30	260	69	0	0
3737	Salvia officinalis officinalis	4.1	17	15	9	9	190	-12	179	4.8	33	15	15	196	-2	220	7.2	83	23	34	21	214	26	342	8	100	26	41	23	220	36	383	383
3738	Saxifraga squarrosa	6.2	41	15	7	7	65	68	0	6.6	52	13	32	77	78	0	8	88	23	32	38	113	111	0	8.5	100	26	39	41	125	122	0	0
3739	Scutellaria pinnatifida pichleri	6.5	56	15	5	5	190	-46	0	6.8	64	7	6	196	-42	0	7.7	91	20	16	9	214	-31	0	8	100	22	19	10	220	-28	0	0
3740	Scutellaria albida albida	6.1	40	15	6	6	190	-12	0	6.4	52	10	15	196	-2	0	7.6	88	23	23	21	214	26	0	8	100	26	28	23	220	36	0	0
3741	Veronica austriaca	3.3	6	15	6	6	90	-17	0	4	24	18	10	17	116	10	0	6.2	81	27	22	35	194	94	0	7	100	31	27	41	220	122	0
3742	Serratula coronata	5.2	30	13	8	8	170	-36	49	5.4	43	9	9	177	-29	71	6.2	82	21	15	13	198	-10	136	6.5	95	24	17	15	205	-4	158	158
3743	Cardamine impatiens	5.2	30	13	8	8	125	-36	35	5.6	44	14	10	141	-25	67	7	86	21	35	16	189	6	164	7.5	100	24	42	19	205	17	197	197
3744	Melica transsilvanica	5.2	30	13	8	8	170	-36	49	5.4	43	9	9	177	-29	71	6.2	82	21	15	13	198	-10	136	6.5	95	24	17	15	205	-4	158	158
3745	Stellaria bungeana	5.2	30	13	8	8	170	-36	49	5.4	43	9	9	177	-29	71	6.2	82	21	15	13	198	-10	136	6.5	95	24	17	15	205	-4	158	158
3746	Poa transbaicalica	5.2	30	13	8	8	170	-36	49	5.4	43	9	9	177	-29	71	6.2	82	21	15	13	198	-10	136	6.5	95	24	17	15	205	-4	158	158
3747	Lathyrus gmelinii	5.2	30	13	8	8	170	-36	49	5.4	43	9	9	177	-29	71	6.2	82	21	15	13	198	-10	136	6.5	95	24	17	15	205	-4	158	158
3748	Lactuca macrophylla uralensis	5.2	30	13	8	8	170	-36	49	5.4	43	9	9	177	-29	71	6.2	82	21	15	13	198	-10	136	6.5	95	24	17	15	205	-4	158	158
3749	Hieracium pseuderectum	5.2	30	13	8	8	170	-36	49	5.4	43	9	9	177	-29	71	6.2	82	21	15	13	198	-10	136	6.5	95	24	17	15	205	-4	158	158
3750	Dianthus versicolor	5.2	30	13	8	8	170	-36	49	5.4	43	9	9	177	-29	71	6.2	82	21	15	13	198	-10	136	6.5	95	24	17	15	205	-4	158	158
3751	Galatella sedifolia biflora	5.2	30	13	8	8	170	-36	49	5.4	43	9	9	177	-29	71	6.2	82	21	15	13	198	-10	136	6.5	95	24	17	15	205	-4	158	158
3752	Klasea radiata gmelinii	5.2	30	13	8	8	170	-36	49	5.4	43	9	9	177	-29	71	6.2	82	21	15	13	198	-10	136	6.5	95	24	17	15	205	-4	158	158
3753	Vincetoxicum albovianum	5.2	30	13	8	8	170	-36	49	5.4	43	15	9	9	177	-29	71	6.2	82	21	15	13	198	-10	136	6.5	95	24	17	15	205	-4	158
3754	Carex arnellii	5.2	30	13	8	8	170	-36	49	5.4	43	9	9	177	-29	71	6.2	82	21	15	13	198	-10	136	6.5	95	24	17	15	205	-4	158	158
3755	Carex divulsa leersii	5.2	30	13	8	8	170	-36	87	5.4	43	9	9	177	-29	101	6.2	82	21	15	13	198	-10	142	6.5	95	24	17	15	205	-4	155	155
3756	Cerastium pauciflorum	5.2	30	13	8	8	170	-36	49	5.4	43	9	9	177	-29	71	6.2	82	21	15	13	198	-10	136	6.5	95	24	17	15	205	-4	158	158
3757	Hieracium virosum	5.2	30	13	8	8	170	-36	49	5.4	43	9	9	177	-29	71	6.2	82	21	15	13	198	-10	136	6.5	95	24	17	15	205	-4	158	158
3758	Omphalodes scorpioides	5.2	30	13	8	8	170	-36	49	5.4	43	9	9	177	-29	71	6.2	82	21	15	13	198	-10	136	6.5	95	24	17	15	205	-4	158	158
3759	Psephellus sibiricus	5.2	30	13	8	8	170	-36	49	5.4	43	9	9	177	-29	71	6.2	82	21	15	13	198	-10	136	6.5	95	24	17	15	205	-4	158	158
3760	Rosa glabrifolia	5.2	30	13	8	8	170	-36	52	5.4	43	9	9	177	-29	52	6.2	82	21	15	13	198	-10	52	6.5	95	24	17	15	205	-4	52	52
3761	Scutellaria supina	5.2	30	13	8	8	170	-36	49	5.4	43	9	9	177	-29	71	6.2	82	21	15	13	198	-10	136	6.5	95	24	17	15	205	-4	158	158
3762	Sedum hybridum	5.2	30	13	8	8	170	-36	49	5.4	43	9	9	177	-29	71	6.2	82	21	15	13	198	-10	136	6.5	95	24	17	15	205	-4	158	158
3763	Asplenium ceterach	4.5	23	15	4	4	170	-46	105	5.1	38	12	8	206	-32	235	7.1	84	27	37	17	314	7	626	7.8	100	31	46	20	350	21	756	756
3764	Ranunculus psilostachys	4.2	19	12	5	5	185	-41	147	4.6	32	8	11	200	-19	201	5.8	71	25	17	25	245	47	364	6.2	85	29	21	30	260	69	418	418
3765	Vicia melanops	4.2	19	12	5	5	185	-41	147	4.6	32	15	8	11	200	-19	201	5.8	71	25	17	25	245	47	364	6.2	85	29	21	30	260	69	418
3766	Lathyrus grandiflorus	4.2	19	12	5	5	185	-41	147	4.6	32	8	11	200	-19	201	5.8	71	25	17	25	245	47	364	6.2	85	29	21	30	260	69	418	418
3767	Muscari comosum	3.5	10	15	5	5	185	-31	197	4.2	28	8	13	210	-11	273	6.3	82	23	18	25	285	49	499	7	100	26	22	30	310	69	575	575
3768	Sonchus bulbosus microcephalus	3.5	10	15	5	5	210	-31	197	4.2	28	8	13	230	-11	273	6.3	82	23	18	25	290	49	499	7	100	26	22	30	310	69	575	575
3769	Lecokia cretica	3.5	10	15	5	5	210	-31	197	4.2	28	8	13	230	-11	273	6.3	82	23	18	25	290	49	499	7	100	26	22	30	310	69	575	575
3770	Squilla maritima	3.5	10	15	5	5	210	-31	197	4.3	28	8	13	236	-11	296	6.7	82	23	18	25	314	49	595	7.5	100	26	22	30	340	69	695	695
3771	Tolpis virgata	3.5	10	15	5	5	210	-31	197	4.2	28	8	13	230	-11	273	6.3	82	23	18	25	290	49	499	7	100	26	22	30	310	69	575	575
3772	Hypericum empetrifolium	3.5	10	15	5	5	210	-31	232	4.3	28	8	13	230	-11	232	6.7	82	23	18	25	290	49	232	7.5	100	26	22	30	310	69	232	232
3773	Selaginella denticulata	3.5	10	15	5	5	210	-31	197	4.2	28	8	13	230	-11	273	6.3	82	23	18	25	290	49	499	7	100	26	22	30	310	69	575	575
3774	Acanthus spinosus	3.5	10	15	5	5	210	-31	197	4.2	28	8	13	230	-11	273	6.3	82	23	18	25	290	49	499	7	100	26	22	30	310	69	575	575
3775	Hippocrepis emerus emeroides	4.5	23	15	4	4	190	-46	176	5	38	7	9	216	-30	176	6.5	84	27	16	18	294	16	176	7	100	31	19	22	320	32	176	176
3776	Sedum cepaea	5	28	15	5	5	175	-46	24	5.7	42	7	8	184	-33	104	7.8	85	20	16	16	211	4	346	8.5	100	22	19	19	220	17	426	426
3777	Paeonia daurica	5.2	30	16	9	9	160	-31	62	5.4	41	13	10	166	-24	82	6.2	74	22	27	14	184	-4	140	6.5	85	24	32	16	190	2	160	160
3778	Ranunculus constantinopolitanus	5.2	30	16	9	9	160	-31	62	5.4	41	13	10	166	-24	82	6.2	74	22	27	14	184	-4	140	6.5	85	24	32	16	190	2	160	160
3779	Cirsium heterotrichum	3	3	12	22	22	65	-46	428	3.4	8	30	8	80	-36	468	4.9	26	50	57	14	125	-7	589	5.4	32	60	66	16	140	2	629	629
3780	Dactylorhiza cordigera	3	3	12	22	22	90	-36	340	3.4	8	30	12	116	-15	447	4.9	26	50	57	25	194	48	766	5.4	32	60	66	30	220	69	873	873
3781	Soldanella pindicola	4.2	18	18	40	40	65	-17	427	4.4	21	45	14	81	-6	495	5.3	31	24	60	20	129	25	699	5.6	35	26	66	23	145	36	768	768
3782	Cardamine rivularis	4.2	18	18	40	40	65	-17	427	4.4	21	45	14	81	-6	495	5.3	31	30	60	20	129	25	699	5.6	35	33	66	23	145	36	768	768
3783	Dianthus seguieri	3	3	18	4	4	55	-22	249	3.4	8	11	17	77	6	303	4.6	23	51	34	35	143	93	465	5	28	60	42	41	165	122	519	519
3784	Scorzoneroides pyrenaica	3	3	18	4	4	55	-22	155	3.4	8	11	17	77	6	253	4.6	23	51	34	35	143	93	544	5	28	60	42	41	165	122	641	641
3785	Hymenophyllum tunbrigense	3	3	15	4	4	145	11	0	3.3	7	15	22	154	33	14	4.3	20	29	48	36	181	99	55	4.7	25	33	60	41	190	122	69	69
3786	Entodon concinnus	5.5	34	12	4	4	140	1	20	6	47	8	18	145	14	25	7.5	86	23	23	27	160	55	40	8	100	26	28	30	165	69	45	45
3787	Homalothecium lutescens	5.5	34	12	4	4	140	1	20	6	47	8	18	145	14	25	7.5	86	23	23	27	160	55	40	8	100	26	28	30	165	69	45	45
3788	Ulex gallii	3.3	6	12	5	5	125	-17	387	4.2	24	8	17	135	10	387	7	81	27	17	35	165	94	387	8	100	31	21	41	175	122	387	387
3789	Carex curvula	3.8	12	20	12	12	45	-12	155	4	15	17	18	63	14	214	4.9	26	28	32	35	117	95	389	5.2	30	31	38	41	135	122	447	447
3790	Oreochloa disticha	3.7	12	24	12	12	45	-12	155	3.9	15	17	18	63	14	214	4.7	24	31	32	35	117	95	389	5	28	33	38	41	135	122	447	447
3791	Pedicularis kerneri	4.1	17	20	12	12	45	-12	155	4.3	19	17	18	54	14	194	4.9	27	28	32	35	81	95	312	5.2	30	31	38	41	90	122	351	351
3792	Valeriana celtica	3.7	12	24	12	12	45	-12	155	3.9	15	17	18	54	14	194	4.7	24	31	32	35	81	95	312	5	28	33	38	41	90	122	351	351
3794	Jacobaea incana	3	3	24	12	12	45	-12	155	3.4	8	17	18	54	14	194	4.6	23	31	32	35	81	95	312	5	28	33	38	41	90	122	351	351
3795	Juncus trifidus	3.1	4	20	12	12	45	-17	126	3.5	9	17	17	61	10	229	4.7	24	28	32	35	109	94	538	5.2	30	31	38	41	125	122	641	641
3796	Polytrichastrum sexangulare	3	3	24	18	18	45	-27	62	3.4	8	22	16	61	2	110	4.6	23	31	37	34	109	92	254	5	28	33	42	41	125	122	302	302
3797	Soldanella pusilla	3.7	12	22	18	18	45	-27	199	3.9	15	22	16	61	2	249	4.7	24	30	37	34	109	92	397	5	28	33	42	41	125	122	447	447
3798	Gnaphalium supinum	3.7	12	22	18	18	45	-27	155	4	15	22	16	61	2	214	4.9	26	29	37	34	109	92	389	5.2	30	31	42	41	125	122	447	447
3799	Veronica alpina	3.7	12	22	18	18	45	-27	155	4	15	23	22	16	61	2	214	4.9	26	29	37	34	109	92	389	5.2	30	31	42	41	125	122	447
3800	Leucanthemopsis alpina	3.7	12	24	18	18	45	-27	155	3.9	15	22	16	59	2	195	4.7	24	31	37	34	101	92	316	5	28	33	42	41	115	122	356	356
3801	Salix herbacea	3.7	12	22	18	18	45	-27	155	4	15	22	16	59	2	155	4.9	26	29	37	34	101	92	155	5.2	30	31	42	41	115	122	155	155
3802	Arenaria biflora	4	16	22	18	18	45	-27	155	4.3	19	23	16	59	2	195	5.2	30	29	39	34	101	92	315	5.6	34	31	45	41	115	122	355	355
3803	Luzula alpinopilosa	4	16	22	18	18	45	-27	155	4.3	19	23	16	61	2	214	5.2	30	29	39	34	109	92	389	5.6	34	31	45	41	125	122	447	447
3804	Cetraria ericetorum	4	16	22	12	12	45	-27	6	4.4	23	18	16	54	2	14	5.9	44	29	38	34	81	92	37	6.4	52	31	45	41	90	122	44	44
3805	Cetraria nivalis	4	16	22	12	12	45	-27	6	4.4	23	18	16	54	2	14	5.9	44	29	38	34	81	92	37	6.4	52	31	45	41	90	122	44	44
3806	Polytrichum juniperinum	4	16	20	12	12	45	-27	4	4.4	23	18	16	67	2	49	5.9	44	28	38	34	133	92	184	6.4	52	31	45	41	155	122	228	228
3807	Sesleria uliginosa	5.4	32	14	24	24	145	-46	560	6	45	29	8	154	-34	588	7.8	86	23	44	15	181	0	675	8.5	100	26	50	18	190	12	704	704
3808	Allium suaveolens	5.4	32	14	24	24	145	-17	521	6	45	30	14	154	-4	571	7.8	86	23	48	22	181	32	720	8.5	100	26	55	25	190	45	770	770
3809	Carduus nutans	5.2	30	12	5	5	160	-46	643	5.7	44	9	7	172	-38	646	7.4	86	23	23	12	208	-15	654	8	100	26	28	14	220	-8	657	657
3810	Astragalus austriacus	5.2	30	12	5	5	160	-46	553	5.7	44	9	7	172	-38	573	7.4	86	23	23	12	208	-15	632	8	100	26	28	14	220	-8	652	652
3811	Stipa eriocaulis	5.2	30	12	5	5	125	-46	340	5.7	44	9	8	144	-34	440	7.4	86	23	23	15	201	0	739	8	100	26	28	18	220	12	839	839
3812	Festuca stricta	5.2	30	12	5	5	160	-46	573	5.7	44	9	7	172	-38	589	7.4	86	23	23	12	208	-15	636	8	100	26	28	14	220	-8	652	652
3813	Crambe tataria	5.2	30	12	5	5	160	-46	553	5.7	44	9	7	172	-38	569	7.4	86	23	23	12	208	-15	615	8	100	26	28	14	220	-8	631	631
3814	Inula oculus-christi	5.2	30	12	5	5	160	-46	553	5.7	44	9	8	172	-36	609	7.4	86	23	23	14	208	-7	777	8	100	26	28	16	220	2	833	833
3815	Jurinea mollis	5.2	30	12	5	5	160	-46	192	5.7	44	9	8	172	-34	304	7.4	86	23	23	15	208	0	643	8	100	26	28	18	220	12	755	755
3816	Thymus odoratissimus	5.2	30	12	5	5	160	-46	553	5.7	44	9	7	172	-38	569	7.4	86	23	23	12	208	-15	615	8	100	26	28	14	220	-8	631	631
3817	Iris pumila	5.2	30	12	5	5	160	-46	553	5.7	44	9	7	172	-38	592	7.4	86	23	23	12	208	-15	710	8	100	26	28	14	220	-8	749	749
3818	Achillea pannonica	5.2	30	12	5	5	160	-46	553	5.7	44	9	7	172	-38	569	7.4	86	23	23	12	208	-15	615	8	100	26	28	14	220	-8	631	631
3819	Seseli pallasii	5.2	30	12	5	5	160	-46	192	5.7	44	9	8	172	-34	279	7.4	86	23	23	15	208	0	543	8	100	26	28	18	220	12	631	631
3820	Taraxacum serotinum	5.2	30	12	5	5	160	-46	553	5.7	44	9	8	172	-32	594	7.4	86	23	23	17	208	7	716	8	100	26	28	20	220	21	757	757
3821	Viola ambigua	5.2	30	12	5	5	160	-46	553	5.7	44	14	9	7	172	-38	569	7.4	86	23	23	12	208	-15	615	8	100	26	28	14	220	-8	631
3822	Astragalus exscapus	5.2	30	12	5	5	160	-46	553	5.7	44	9	7	172	-38	569	7.4	86	23	23	12	208	-15	615	8	100	26	28	14	220	-8	631	631
3823	Asplenium serpentini	5.4	32	8	4	4	110	1	474	5.9	45	7	18	119	10	489	7.4	86	26	19	24	146	40	535	8	100	31	23	26	155	50	551	551
3824	Lepraria lobificans	5.4	32	8	4	4	110	1	94	5.9	45	7	18	119	10	136	7.4	86	26	19	24	146	40	261	8	100	31	23	26	155	50	303	303
3825	Erysimum sylvestre	5.4	32	8	4	4	110	1	474	5.9	45	7	18	119	10	489	7.4	86	26	19	24	146	40	535	8	100	31	23	26	155	50	551	551
3826	Weissia brachycarpa	5.4	32	8	4	4	110	1	94	5.9	45	12	7	18	119	10	136	7.4	86	26	19	24	146	40	261	8	100	31	23	26	155	50	303
3827	Myosotis ramosissima	5.4	32	8	4	4	110	1	476	5.9	45	7	18	119	10	492	7.4	86	26	19	24	146	40	538	8	100	31	23	26	155	50	554	554
3828	Cladonia symphycarpa	5.4	32	8	4	4	110	-27	185	5.9	45	7	12	119	-14	213	7.4	86	26	19	20	146	23	297	8	100	31	23	23	155	36	325	325
3829	Dianthus sylvestris	5.4	32	8	4	4	110	-27	463	5.9	45	7	12	119	-14	479	7.4	86	26	19	20	146	23	526	8	100	31	23	23	155	36	542	542
3830	Carex cuprina	4.1	17	18	26	26	175	-31	720	4.5	22	29	11	200	-17	776	5.7	40	47	41	20	275	22	942	6.2	46	55	45	23	300	36	998	998
3831	Eryngium bourgati	4.5	22	15	4	4	125	-36	533	5	37	12	9	135	-28	590	6.5	84	28	36	14	165	-5	758	7	100	32	45	16	175	2	815	815
3832	Colchicum montanum	4.5	22	15	4	4	125	-36	551	5	37	12	9	135	-28	604	6.5	84	28	36	14	165	-5	762	7	100	32	45	16	175	2	815	815
3833	Ranunculus breyninus	4.5	22	15	4	4	90	-36	261	5.1	37	12	10	107	-25	372	6.9	84	28	36	16	158	6	704	7.5	100	32	45	19	175	17	815	815
3834	Linum bienne	4.2	18	8	4	4	185	-36	802	4.7	34	9	12	204	-15	975	6.4	83	20	26	25	261	48	1496	7	100	24	32	30	280	69	1670	1670
3835	Trifolium patens	4.2	18	8	4	4	185	11	802	4.7	34	9	20	196	22	835	6.4	83	20	26	27	229	57	936	7	100	24	32	30	240	69	969	969
3836	Rhinanthus angustifolius	4	16	10	12	12	140	-36	527	4.8	32	18	12	156	-14	596	7.2	83	22	36	26	204	52	804	8	100	26	42	31	220	74	873	873
3837	Festuca microphylla	3.1	4	22	4	4	75	-27	526	3.7	11	8	16	85	2	549	5.5	34	30	20	34	115	92	617	6.1	42	32	24	41	125	122	640	640
3838	Jasione laevis	3.1	4	22	4	4	125	-36	508	3.7	11	8	14	130	-4	555	5.5	34	30	20	34	145	90	694	6.1	42	32	24	41	150	122	741	741
3839	Campanula herminii	3.1	4	22	4	4	125	-36	508	3.7	11	11	14	134	-4	587	5.5	34	30	34	34	161	90	826	6.1	42	32	42	41	170	122	905	905
3840	Narcissus bulbocodium	3.1	4	22	4	4	125	-36	508	3.7	11	8	14	130	-4	555	5.5	34	30	20	34	145	90	694	6.1	42	32	24	41	150	122	741	741
3841	Cytisus balansae europaeus	3.1	4	22	4	4	125	-36	508	3.7	11	8	14	133	-4	508	5.5	34	30	20	34	157	90	508	6.1	42	32	24	41	165	122	508	508
3842	Orobanche rapum-genistae	3.1	4	22	4	4	125	-36	508	3.7	11	8	14	133	-4	555	5.5	34	30	20	34	157	90	694	6.1	42	32	24	41	165	122	741	741
3843	Senecio pyrenaicus	3.1	4	22	4	4	125	-36	0	3.7	11	8	14	130	-4	0	5.5	34	30	20	34	145	90	0	6.1	42	32	24	41	150	122	0	0
3844	Euphorbia hyberna	4.8	26	15	4	4	125	-27	141	5.2	40	11	11	144	-22	184	6.5	85	23	34	14	201	-8	313	7	100	26	42	15	220	-4	356	356
3845	Dryopteris borreri	4.2	18	15	5	5	190	1	3	4.7	34	12	18	204	12	18	6.4	83	23	36	25	246	48	66	7	100	26	44	28	260	60	81	81
3846	Salix retusa	6.2	46	20	5	5	65	-7	197	6.5	56	7	19	80	18	246	7.6	89	24	14	35	125	96	392	8	100	26	17	41	140	122	441	441
3847	Salix reticulata	6.2	46	20	5	5	65	-7	197	6.5	56	7	19	80	18	254	7.6	89	24	14	35	125	96	427	8	100	26	17	41	140	122	484	484
3848	Selaginella selaginoides	6.2	46	20	5	5	65	-7	197	6.5	56	7	19	80	18	249	7.6	89	24	14	35	125	96	405	8	100	26	17	41	140	122	457	457
3849	Lescuraea plicata	6.2	46	20	5	5	65	-7	78	6.5	56	7	19	80	18	116	7.6	89	24	14	35	125	96	227	8	100	26	17	41	140	122	264	264
3850	Pinguicula alpina	6.4	52	20	4	4	40	11	11	6.8	61	6	22	60	33	100	8	90	24	14	36	120	99	368	8.5	100	26	17	41	140	122	457	457
3851	Teucrium pinnatifidum	6.1	40	15	4	4	125	-27	188	6.4	52	5	11	144	-18	235	7.6	88	23	11	17	201	8	378	8	100	26	13	19	220	17	426	426
3852	Genista hispanica	6.1	40	15	4	4	160	-27	268	6.4	52	5	10	172	-23	268	7.6	88	23	11	13	208	-11	268	8	100	26	13	14	220	-8	268	268
3853	Silene mellifera	6.1	40	15	4	4	185	-27	188	6.4	52	5	10	192	-23	235	7.6	88	23	11	13	213	-11	378	8	100	26	13	14	220	-8	426	426
3854	Erinacea anthyllis	6.1	40	15	4	4	160	-27	522	6.4	52	5	10	180	-23	732	7.6	88	23	11	13	240	-11	1362	8	100	26	13	14	260	-8	1572	1572
3855	Thalictrum tuberosum	6.1	40	15	4	4	185	-27	128	6.4	52	5	10	192	-23	251	7.6	88	23	11	13	213	-11	622	8	100	26	13	14	220	-8	746	746
3856	Teucrium expassum	6.1	40	15	4	4	185	-27	522	6.4	52	5	10	192	-23	567	7.6	88	23	11	13	213	-11	701	8	100	26	13	14	220	-8	746	746
3857	Thymus vulgaris	6.1	40	15	4	4	150	-27	40	6.4	52	6	12	184	-16	389	7.6	88	23	15	18	286	15	1434	8	100	26	18	21	320	26	1782	1782
3858	Euphorbia nicaeensis	5.4	32	15	4	4	150	-36	234	5.9	45	9	10	170	-23	395	7.4	86	23	26	18	230	13	876	8	100	26	32	21	250	26	1036	1036
3859	Pimpinella espanensis	6.1	40	15	4	4	185	-27	128	6.4	52	5	10	192	-23	173	7.6	88	23	11	13	213	-11	310	8	100	26	13	14	220	-8	355	355
3860	Viola willkommii	6.1	40	15	4	4	185	-27	128	6.4	52	17	5	10	192	-23	173	7.6	88	23	11	13	213	-11	310	8	100	26	13	14	220	-8	355
3861	Thymus leptophyllus paui	6.1	40	15	4	4	150	-31	794	6.4	52	5	10	164	-26	842	7.6	88	23	11	13	206	-12	988	8	100	26	13	14	220	-8	1036	1036
3862	Erysimum grandiflorum	6.1	40	15	4	4	150	-31	794	6.4	52	5	10	164	-26	842	7.6	88	23	11	13	206	-12	988	8	100	26	13	14	220	-8	1036	1036
3863	Arenaria grandiflora	6.1	40	15	4	4	150	-31	794	6.4	52	5	10	174	-26	842	7.6	88	23	11	13	246	-12	988	8	100	26	13	14	270	-8	1036	1036
3864	Festuca hystrix	5.2	30	15	4	4	125	-31	551	5.7	44	5	10	144	-25	648	7.4	86	23	11	13	201	-9	939	8	100	26	13	15	220	-4	1036	1036
3865	Santolina villosa	6.1	40	15	4	4	150	-31	794	6.4	52	5	10	164	-26	842	7.6	88	23	11	13	206	-12	988	8	100	26	13	14	220	-8	1036	1036
3866	Carthamus carduncellus	6.1	40	15	4	4	150	-31	638	6.4	52	5	10	164	-26	717	7.6	88	23	11	13	206	-12	956	8	100	26	13	14	220	-8	1036	1036
3867	Poa ligulata	5.2	30	15	4	4	140	-27	638	5.7	44	5	10	145	-23	672	7.4	86	23	11	13	160	-11	775	8	100	26	13	14	165	-8	810	810
3868	Festuca marginata	5.2	30	15	4	4	140	-27	638	5.7	44	5	10	145	-23	672	7.4	86	23	11	13	160	-11	775	8	100	26	13	14	165	-8	810	810
3869	Potentilla cinerea	5.2	30	15	4	4	140	-27	638	5.7	44	5	10	145	-23	672	7.4	86	23	11	13	160	-11	775	8	100	26	13	14	165	-8	810	810
3870	Convolvulus lineatus	5.2	30	15	4	4	140	-27	638	5.7	44	5	10	145	-23	672	7.4	86	23	11	13	160	-11	775	8	100	26	13	14	165	-8	810	810
3871	Ononis angustissima	5.5	34	12	6	6	200	-31	1374	6	47	9	11	228	-19	1456	7.5	86	23	20	18	312	14	1701	8	100	26	24	21	340	26	1782	1782
3872	Gypsophila struthium	5.5	34	12	6	6	200	-31	1374	6	47	9	11	228	-19	1456	7.5	86	23	20	18	312	14	1701	8	100	26	24	21	340	26	1782	1782
3873	Retama sphaerocarpa	4.9	26	12	6	6	200	-36	335	5.5	40	9	10	228	-23	335	7.3	85	23	20	18	312	13	335	8	100	26	24	21	340	26	335	335
3874	Juncus maritimus	4.9	26	12	22	22	195	-36	936	5.5	40	26	10	224	-25	994	7.3	85	23	41	16	311	5	1170	8	100	26	46	19	340	16	1228	1228
3875	Artemisia herba-alba	5.4	32	12	6	6	195	-36	936	5.9	45	14	9	208	-28	994	7.4	86	23	38	14	247	-5	1170	8	100	26	46	16	260	2	1228	1228
3876	Lavandula pedunculata	4.9	26	12	6	6	185	-31	215	5.3	40	9	10	194	-24	409	6.5	85	23	20	14	221	-4	993	7	100	26	24	16	230	2	1187	1187
3877	Malcolmia triloba	4.4	21	12	6	6	190	-31	21	4.9	36	9	10	198	-24	88	6.4	84	23	20	14	222	-4	289	7	100	26	24	16	230	2	356	1147
3878	Corynephorus articulatus	4.4	21	12	6	6	190	-31	1025	4.9	36	9	10	198	-24	1049	6.4	84	23	20	14	222	-4	1123	7	100	26	24	16	230	2	1147	1147
3879	Helianthemum salicifolium	4.4	21	12	6	6	190	-31	1025	4.9	36	9	10	220	-24	1049	6.4	84	23	20	15	310	-3	1123	7	100	26	24	17	340	4	1147	1147
3880	Dipcadi serotinum	4.4	21	12	6	6	190	-31	1025	4.9	36	9	10	198	-24	1049	6.4	84	23	20	14	222	-4	1123	7	100	26	24	16	230	2	1147	1147
3881	Loeflingia hispanica 	4.4	21	12	6	6	190	-31	1025	4.9	36	9	10	198	-24	1049	6.4	84	23	20	14	222	-4	1123	7	100	26	24	16	230	2	1147	1147
3882	Genista longipes	6.1	40	15	5	5	200	-36	1101	6.4	52	9	9	212	-28	1156	7.6	88	20	24	14	248	-5	1323	8	100	22	29	16	260	2	1379	1379
3883	Vella spinosa	6.1	40	15	5	5	150	-36	234	6.4	52	9	9	172	-28	463	7.6	88	20	24	14	238	-5	1150	8	100	22	29	16	260	2	1379	1379
3884	Scabiosa turolensis	4	16	15	5	5	140	-36	1101	4.8	32	9	9	164	-28	1195	7.2	83	27	24	14	236	-5	1477	8	100	31	29	16	260	2	1572	1572
3885	Hormathophylla spinosa	6.1	40	15	5	5	150	-36	234	6.4	52	9	9	172	-28	463	7.6	88	20	24	14	238	-5	1150	8	100	22	29	16	260	2	1379	1379
3886	Thymus willdenowii	6.1	40	15	5	5	200	-36	1101	6.4	52	9	9	212	-28	1156	7.6	88	20	24	14	248	-5	1323	8	100	22	29	16	260	2	1379	1379
3887	Sideritis incana incana	6.1	40	15	5	5	190	-36	1043	6.4	52	9	9	204	-28	1111	7.6	88	20	24	14	246	-5	1312	8	100	22	29	16	260	2	1379	1379
3888	Satureja obovata	6.1	40	15	5	5	200	-36	1101	6.4	52	9	9	212	-28	1156	7.6	88	20	24	14	248	-5	1323	8	100	22	29	16	260	2	1379	1379
3889	Cerastium gibraltaricum	3.8	13	15	5	5	150	-36	234	4.6	30	9	9	172	-28	463	7.1	82	20	24	14	238	-5	1150	8	100	22	29	16	260	2	1379	1379
3890	Centaurea mariana	6.1	40	15	5	5	200	-36	1101	6.4	52	9	9	212	-28	1156	7.6	88	20	24	14	248	-5	1323	8	100	22	29	16	260	2	1379	1379
3891	Dianthus pungens brachyanthus	6.1	40	15	5	5	200	-36	1101	6.4	52	9	9	212	-28	1156	7.6	88	20	24	14	248	-5	1323	8	100	22	29	16	260	2	1379	1379
3892	Salvia blancoana mariolensis	6.1	40	15	5	5	200	-31	1241	6.4	52	10	10	212	-24	1307	7.6	88	20	26	14	248	-4	1505	8	100	22	32	16	260	2	1572	1572
3893	Centaurea boissieri mariolensis	6.1	40	15	5	5	200	-31	1241	6.4	52	10	10	212	-24	1307	7.6	88	20	26	14	248	-4	1505	8	100	22	32	16	260	2	1572	1572
3894	Armeria alliacea	6.1	40	15	5	5	200	-31	1241	6.4	52	10	10	212	-24	1307	7.6	88	20	26	14	248	-4	1505	8	100	22	32	16	260	2	1572	1572
3895	Teucrium ronnigeri	6.1	40	15	5	5	200	-31	1241	6.4	52	10	10	212	-24	1307	7.6	88	20	26	14	248	-4	1505	8	100	22	32	16	260	2	1572	1572
3896	Helianthemum cinereum rotundifolium 	6.1	40	15	5	5	190	-31	219	6.4	52	10	10	204	-24	489	7.6	88	20	26	14	246	-4	1301	8	100	22	32	16	260	2	1572	1572
3897	Thymus zygis gracilis	5.4	32	12	4	4	195	-36	330	5.9	45	6	9	208	-28	375	7.4	86	23	12	14	247	-5	510	8	100	26	14	16	260	2	555	555
3898	Androsace maxima	5.2	30	15	4	4	150	-36	638	5.7	44	7	9	164	-30	672	7.4	86	23	16	12	206	-13	775	8	100	26	19	14	220	-8	810	810
3899	Bupleurum fruticescens	5.2	30	15	4	4	200	-31	219	5.7	44	5	10	212	-26	464	7.4	86	23	11	13	248	-12	1198	8	100	26	13	14	260	-8	1443	1443
3900	Stipa lagascae	5.2	30	15	4	4	200	-31	1018	5.7	44	5	10	206	-26	1064	7.4	86	23	11	13	224	-12	1200	8	100	26	13	14	230	-8	1246	1246
3901	Scirpoides holoschoenus	4.8	25	12	38	38	150	-46	694	5.3	40	42	9	186	-31	791	6.9	85	20	55	18	294	11	1084	7.5	100	22	60	21	330	26	1182	1182
3902	Cirsium pyrenaicum	5.2	30	12	38	38	200	-46	1100	5.6	44	42	7	206	-38	1117	7	86	20	55	12	224	-15	1166	7.5	100	22	60	14	230	-8	1182	1182
3903	Pinus nigra salzmannii	4.2	18	8	5	5	80	-36	392	5	34	8	12	108	-15	543	7.6	83	26	19	25	192	48	997	8.5	100	31	23	30	220	69	1149	1149
3904	Geum heterocarpum	6.4	52	8	5	5	145	-36	234	6.8	61	8	12	160	-15	278	8	90	26	19	25	205	48	407	8.5	100	31	23	30	220	69	450	450
3905	Berberis hispanica	5.2	29	8	5	5	145	-36	52	5.8	43	8	12	170	-15	52	7.8	85	26	20	25	245	48	52	8.5	100	31	24	30	270	69	52	52
3906	Lonicera splendida	6.4	52	8	5	5	185	-36	209	6.8	61	8	12	202	-15	209	8	90	26	19	25	253	48	209	8.5	100	31	23	30	270	69	209	209
3907	Piptatherum paradoxum	6.4	52	8	5	5	195	-31	167	6.8	61	8	10	208	-24	220	8	90	26	19	14	247	-4	378	8.5	100	31	23	16	260	2	431	431
3908	Genista mugronensis	6.4	52	8	5	5	190	-31	219	6.8	61	8	10	204	-24	401	8	90	26	19	14	246	-4	947	8.5	100	31	23	16	260	2	1129	1129
3909	Helianthemum origanifolium	6.4	52	8	5	5	195	-31	219	6.8	61	8	10	206	-24	285	8	90	26	19	14	239	-4	485	8.5	100	31	23	16	250	2	551	551
3910	Lithodora fruticosa	6.4	52	8	5	5	195	-31	219	6.8	61	8	10	206	-24	285	8	90	26	19	14	239	-4	485	8.5	100	31	23	16	250	2	551	551
3911	Astragalus clusii	6.4	52	8	5	5	195	-31	219	6.8	61	8	10	206	-24	285	8	90	26	19	14	239	-4	485	8.5	100	31	23	16	250	2	551	551
3912	Launaea pumila	6.4	52	8	5	5	195	-31	219	6.8	61	8	10	206	-24	285	8	90	26	19	14	239	-4	485	8.5	100	31	23	16	250	2	551	551
3913	Sideritis tragoriganum funkiana	6.4	52	8	5	5	195	-31	219	6.8	61	8	10	206	-24	285	8	90	26	19	14	239	-4	485	8.5	100	31	23	16	250	2	551	551
3914	Salvia officinalis lavandulifolia	6.4	52	8	5	5	190	-31	219	6.8	61	8	10	204	-24	401	8	90	26	19	14	246	-4	947	8.5	100	31	23	16	260	2	1129	1129
3915	Paronychia aretioides	6.4	52	8	5	5	195	-31	219	6.8	61	8	10	206	-24	285	8	90	26	19	14	239	-4	485	8.5	100	31	23	16	250	2	551	551
3916	Hippocrepis squamata	6.4	52	8	5	5	195	-31	219	6.8	61	8	10	206	-24	285	8	90	26	19	14	239	-4	485	8.5	100	31	23	16	250	2	551	551
3917	Salvia phlomoides	5.4	32	8	4	4	190	-31	1007	5.9	45	7	10	196	-24	1024	7.4	86	26	19	14	214	-4	1076	8	100	31	23	16	220	2	1093	1093
3918	Armeria alliacea matritensis	5.4	32	8	4	4	190	-31	1007	5.9	45	7	10	196	-24	1024	7.4	86	26	19	14	214	-4	1076	8	100	31	23	16	220	2	1093	1093
3919	Satureja intricata gracilis	5.4	32	8	4	4	190	-31	1007	5.9	45	7	10	196	-24	1032	7.4	86	26	19	14	214	-4	1105	8	100	31	23	16	220	2	1129	1129
3920	Teucrium gnaphalodes	5.4	32	8	4	4	190	-31	1007	5.9	45	7	10	196	-24	1024	7.4	86	26	19	14	214	-4	1076	8	100	31	23	16	220	2	1093	1093
3921	Acer granatense	4.4	23	8	5	5	140	-36	748	5.2	38	16	12	166	-15	680	7.6	84	26	49	25	244	48	476	8.5	100	31	60	30	270	69	408	408
3922	Rosa pouzinii	5.2	30	8	5	5	150	-36	52	5.8	44	12	12	184	-15	52	7.8	86	26	34	25	286	48	52	8.5	100	31	42	30	320	69	52	52
3923	Teucrium pseudoscorodonia	4.2	18	15	8	8	260	1	435	4.5	23	13	18	274	14	505	5.6	39	23	29	27	316	55	716	6	45	26	35	30	330	69	786	786
3924	Lonicera periclymenum hispanica	4.2	18	15	8	8	260	1	163	4.5	23	13	18	274	14	163	5.6	39	23	29	27	316	55	163	6	45	26	35	30	330	69	163	163
3925	Genista monspessulana	4.2	18	15	8	8	260	1	725	4.5	23	13	18	274	14	725	5.6	39	23	29	27	316	55	725	6	45	26	35	30	330	69	725	725
3926	Genista tridens	4.2	18	15	8	8	260	1	725	4.5	23	13	18	274	14	725	5.6	39	23	29	27	316	55	725	6	45	26	35	30	330	69	725	725
3927	Quercus canariensis 	4.2	18	15	8	8	260	1	1495	4.5	23	15	18	274	14	1570	5.6	39	23	38	27	316	55	1798	6	45	26	46	30	330	69	1873	1873
3928	Asplenium adiantum-nigrum onopteris	4.2	18	15	8	8	190	-27	24	4.7	34	15	14	220	-7	233	6.4	83	23	38	26	310	49	859	7	100	26	46	30	340	69	1068	1068
3929	Salsola kali	5.2	30	11	40	40	230	-17	982	5.6	44	44	14	250	-6	1059	7	86	16	56	20	310	25	1292	7.5	100	18	60	23	330	36	1369	1369
3930	Ammophila arenaria arundinacea	4.2	18	18	4	4	240	-31	1615	4.8	34	6	13	264	-11	1660	6.8	83	28	15	25	336	49	1795	7.5	100	31	18	30	360	69	1840	1840
3931	Lotus creticus 	4.2	18	18	4	4	240	-12	1615	4.7	34	6	16	264	4	1660	6.4	83	28	15	26	336	52	1795	7	100	31	18	30	360	69	1840	1840
3932	Achillea maritima	4.2	18	18	4	4	240	11	1615	4.7	34	6	20	264	22	1660	6.4	83	28	15	27	336	57	1795	7	100	31	18	30	360	69	1840	1840
3933	Medicago marina	4.2	18	18	4	4	240	11	461	4.8	34	6	20	264	22	598	6.8	83	28	15	27	336	57	1010	7.5	100	31	18	30	360	69	1147	1840
3934	Pancratium maritimum	4.2	18	18	4	4	240	11	1615	4.8	34	6	20	264	22	1660	6.8	83	28	15	27	336	57	1795	7.5	100	31	18	30	360	69	1840	1840
3935	Euphorbia portlandica	4.2	18	18	4	4	240	11	1615	4.8	34	6	20	264	22	1660	6.8	83	28	15	27	336	57	1795	7.5	100	31	18	30	360	69	1840	1840
3936	Armeria welwitschii	4.2	18	18	4	4	240	11	312	4.7	34	6	22	264	33	617	6.4	83	28	15	36	336	99	1534	7	100	31	18	41	360	122	1840	1840
3937	Corema album	4.2	18	18	4	4	240	-22	1527	4.7	34	6	17	264	6	1527	6.4	83	28	15	35	336	93	1527	7	100	31	18	41	360	122	1527	1527
3938	Rubia peregrina longifolia	4.2	18	18	4	4	210	-7	255	4.7	34	6	19	240	18	565	6.4	83	28	15	35	330	96	1493	7	100	31	18	41	360	122	1803	1803
3939	Antirrhinum majus cirrhigerum	4.2	18	18	4	4	240	11	312	4.7	34	6	22	264	33	610	6.4	83	28	15	36	336	99	1505	7	100	31	18	41	360	122	1803	1803
3940	Helichrysum italicum picardii	4.2	18	18	4	4	240	11	312	4.7	34	6	22	264	33	610	6.4	83	28	15	36	336	99	1505	7	100	31	18	41	360	122	1803	1803
3941	Artemisia campestris maritima	4.2	18	18	4	4	240	11	1450	4.7	34	6	22	264	33	1521	6.4	83	28	15	36	336	99	1732	7	100	31	18	41	360	122	1803	1803
3942	Juniperus phoenicea turbinata	4.2	18	18	4	4	240	11	1278	4.7	34	6	22	264	33	1278	6.4	83	28	15	36	336	99	1278	7	100	31	18	41	360	122	1278	1278
3943	Carpobrotus edulis	4.2	18	18	4	4	240	11	312	4.7	34	6	22	264	33	396	6.4	83	28	15	36	336	99	651	7	100	31	18	41	360	122	736	736
3944	Ononis natrix ramosissima	4.2	18	18	4	4	240	-12	312	4.7	34	6	18	264	14	396	6.4	83	28	15	35	336	95	651	7	100	31	18	41	360	122	736	736
3945	Crucianella maritima	4.2	18	18	4	4	240	11	312	4.8	34	6	22	264	33	396	6.8	83	28	15	36	336	99	651	7.5	100	31	18	41	360	122	736	736
3946	Cistus calycinus	4.2	18	18	4	4	240	11	1560	4.7	34	6	22	264	33	1560	6.4	83	28	15	36	336	99	1560	7	100	31	18	41	360	122	1560	1560
3947	Brachypodium phoenicoides	5.4	32	15	4	4	160	-3	255	5.9	45	6	20	200	22	361	7.4	86	27	15	35	320	97	678	8	100	31	18	41	360	122	784	784
3948	Dactylis glomerata hackelii 	5.4	32	18	4	4	240	11	255	5.9	45	6	22	264	33	361	7.4	86	28	15	36	336	99	678	8	100	31	18	41	360	122	784	784
3949	Pyrus bourgaeana	3.5	10	15	5	5	175	-31	852	4.2	28	8	11	208	-17	1074	6.3	82	25	18	20	307	22	1739	7	100	28	22	23	340	36	1960	1960
3950	Cytisus multiflorus	3.5	10	15	5	5	185	-36	717	4.2	28	8	9	208	-28	717	6.3	82	23	18	14	277	-5	717	7	100	26	22	16	300	2	717	717
3951	Cistus ladanifer	3.5	10	15	5	5	240	-36	1297	4.2	28	8	9	252	-28	1297	6.3	82	23	18	14	288	-5	1297	7	100	26	22	16	300	2	1297	1297
3952	Allosorus hispanicus	3.5	10	15	5	5	240	-36	1222	4.2	28	8	9	252	-28	1295	6.3	82	23	18	14	288	-5	1511	7	100	26	22	16	300	2	1584	1584
3953	Umbilicus rupestris	3.5	10	15	5	5	240	-36	1222	4.2	28	8	9	252	-28	1295	6.3	82	23	18	14	288	-5	1511	7	100	26	22	16	300	2	1584	1584
3954	Sedum hirsutum	3.5	10	15	5	5	240	-36	1222	4.2	28	8	9	252	-28	1295	6.3	82	23	18	14	288	-5	1511	7	100	26	22	16	300	2	1584	1584
3955	Trifolium subterraneum 	3.5	10	15	5	5	250	-36	1423	4.2	28	8	10	268	-23	1513	6.3	82	23	18	18	322	13	1783	7	100	26	22	21	340	26	1873	1873
3956	Ranunculus paludosus	3.5	10	15	5	5	250	-36	1423	4.2	28	8	10	268	-23	1513	6.3	82	23	18	18	322	13	1783	7	100	26	22	21	340	26	1873	1873
3957	Quercus faginea broteroi	3.5	10	15	5	5	220	-36	1220	4.2	28	8	9	244	-28	1148	6.3	82	23	18	14	316	-5	934	7	100	26	22	16	340	2	862	862
3958	Viburnum tinus	3.5	10	15	5	5	200	-36	163	4.2	28	17	8	12	228	-15	163	6.3	82	23	18	25	312	48	163	7	100	26	22	30	340	69	163
3959	Osyris alba	3.5	10	15	5	5	195	-36	488	4.2	28	12	10	224	-24	488	6.3	82	23	34	17	311	8	488	7	100	26	42	20	340	20	488	488
3960	Clematis cirrhosa	5.4	32	12	4	4	280	-12	371	5.9	45	6	15	296	-2	436	7.4	86	21	15	21	344	26	630	8	100	24	18	23	360	36	695	695
3961	Asparagus albus	5.4	32	12	4	4	280	-12	464	5.9	45	6	15	296	-2	464	7.4	86	21	15	21	344	26	464	8	100	24	18	23	360	36	464	464
3962	Vinca difformis	5.4	32	12	4	4	280	-12	371	5.9	45	14	6	15	296	-2	436	7.4	86	21	15	21	344	26	630	8	100	24	18	23	360	36	695
3963	Smyrnium olusatrum	5.4	32	12	4	4	250	-17	371	5.9	45	6	14	272	-6	436	7.4	86	21	15	20	338	25	630	8	100	24	18	23	360	36	695	695
3964	Eryngium tricuspidatum	4	16	12	4	4	280	-12	371	4.6	32	6	15	296	-2	436	6.4	83	21	15	21	344	26	630	7	100	24	18	23	360	36	695	695
3965	Ferula tingitana	5.4	32	12	4	4	280	-12	371	5.9	45	6	15	296	-2	436	7.4	86	21	15	21	344	26	630	8	100	24	18	23	360	36	695	695
3966	Piptatherum miliaceum	5.4	32	12	4	4	200	-31	26	5.9	45	11	11	232	-17	178	7.4	86	21	34	20	328	22	634	8	100	24	42	23	360	36	786	786
3967	Callitriche brutia	5	28	12	46	46	145	-41	681	5.5	42	49	11	178	-19	816	7	85	25	61	25	277	47	1219	7.5	100	29	65	30	310	69	1354	1354
3968	Montia fontana amporitana	4.2	18	12	46	46	155	-41	719	4.8	34	49	11	180	-19	884	6.8	83	25	61	25	255	47	1380	7.5	100	29	65	30	280	69	1546	1546
3969	Ranunculus longipes	6.1	40	12	46	46	185	-41	857	6.3	52	49	11	204	-19	925	7.2	88	25	61	25	261	47	1127	7.5	100	29	65	30	280	69	1195	1195
3970	Neoschischkinia pourrettii	5.4	32	12	32	32	195	-36	841	5.8	45	38	10	224	-26	1048	7	86	25	58	16	311	2	1667	7.5	100	29	65	18	340	12	1873	1873
3971	Pulicaria arabica hispanica	5.4	32	12	46	46	240	-36	1117	5.8	45	49	10	260	-26	1269	7	86	25	61	16	320	2	1722	7.5	100	29	65	18	340	12	1873	1873
3972	Lythrum borysthenicum	5.4	32	12	46	46	240	-36	1244	5.8	45	49	10	260	-26	1370	7	86	25	61	16	320	2	1747	7.5	100	29	65	18	340	12	1873	1873
3973	Tolpis umbellata	5.4	32	12	46	46	240	-36	1426	5.8	45	49	10	260	-26	1516	7	86	25	61	16	320	2	1784	7.5	100	29	65	18	340	12	1873	1873
3974	Eryngium corniculatum	5.4	32	12	46	46	240	-36	1244	5.8	45	49	10	260	-26	1370	7	86	25	61	16	320	2	1747	7.5	100	29	65	18	340	12	1873	1873
3975	Isoetes longissima	5.4	32	12	46	46	240	-36	1403	5.8	45	49	10	260	-26	1497	7	86	25	61	16	320	2	1779	7.5	100	29	65	18	340	12	1873	1873
3976	Juncus pygmaeus	5.4	32	12	46	46	240	-36	1403	5.8	45	49	10	260	-26	1497	7	86	25	61	16	320	2	1779	7.5	100	29	65	18	340	12	1873	1873
3977	Cicendia filiformis	3.5	10	15	42	42	185	-36	841	4.2	28	46	9	204	-28	1007	6.3	82	23	60	14	261	-5	1504	7	100	26	65	16	280	2	1670	1670
3978	Juncus capitatus 	3.5	10	15	42	42	185	-36	697	4.2	28	46	9	206	-28	892	6.3	82	23	60	14	269	-5	1475	7	100	26	65	16	290	2	1670	1670
3979	Centaurium maritimum	3.5	10	15	42	42	185	-36	841	4.2	28	46	9	204	-28	1007	6.3	82	23	60	14	261	-5	1504	7	100	26	65	16	280	2	1670	1670
3980	Juncus tenageia	3.5	10	15	42	42	155	-36	697	4.2	28	46	9	162	-28	892	6.3	82	23	60	14	183	-5	1475	7	100	26	65	16	190	2	1670	1670
3981	Euphorbia exigua	3.5	10	12	12	12	185	-36	841	4.2	28	22	9	216	-27	1007	6.3	82	23	54	15	309	-2	1504	7	100	26	65	17	340	6	1670	1670
3982	Bellis microcephala	3.5	10	15	42	42	185	-36	841	4.2	28	46	9	204	-28	1007	6.3	82	23	60	14	261	-5	1504	7	100	26	65	16	280	2	1670	1670
3983	Parentucellia viscosa	3.5	10	15	42	42	185	-36	841	4.2	28	46	9	204	-28	1007	6.3	82	23	60	14	261	-5	1504	7	100	26	65	16	280	2	1670	1670
3984	Briza minor	3.5	10	15	42	42	185	-36	841	4.2	28	46	9	204	-28	1007	6.3	82	23	60	14	261	-5	1504	7	100	26	65	16	280	2	1670	1670
3985	Glinus lotoides	4	16	12	32	32	220	-36	1117	4.6	32	36	9	232	-28	1193	6.4	83	21	50	14	268	-5	1419	7	100	24	55	16	280	2	1494	1494
3986	Verbena supina	4	16	12	32	32	220	-36	1117	4.6	32	14	36	9	232	-28	1193	6.4	83	21	50	14	268	-5	1419	7	100	24	55	16	280	2	1494
3987	Mentha pulegium	4	16	12	32	32	190	-36	1117	4.6	32	36	10	216	-26	1193	6.4	83	21	50	16	294	2	1419	7	100	24	55	18	320	12	1494	1494
3988	Sibthorpia europaea	4.7	25	10	32	32	175	-36	719	5.1	40	36	10	196	-23	884	6.5	85	26	50	18	259	13	1380	7	100	31	55	21	280	26	1546	1546
3989	Wahlenbergia hederacea	4.7	25	10	32	32	175	-36	719	5.1	40	14	36	10	196	-23	884	6.5	85	26	50	18	259	13	1380	7	100	31	55	21	280	26	1546
3991	Carex reuteriana	5	28	10	39	39	190	-46	832	5.7	42	51	13	220	-12	911	7.8	85	28	87	34	310	88	1148	8.5	100	33	100	41	340	122	1227	1227
3992	Galium broterianum	5	28	10	39	39	190	-46	832	5.7	42	51	13	220	-12	911	7.8	85	28	87	34	310	88	1148	8.5	100	33	100	41	340	122	1227	1227
3993	Genista hystrix	5	28	10	6	6	145	-31	25	5.5	42	11	10	162	-24	25	7	85	28	26	14	213	-4	25	7.5	100	33	32	16	230	2	25	25
3994	Luzula sylvatica henriquesii	3.5	10	15	8	8	125	-22	170	4.2	28	12	12	135	-17	225	6.3	82	23	24	15	165	-2	388	7	100	26	28	16	175	2	442	442
3995	Saxifraga spathularis	3.5	10	15	12	12	125	-22	170	4.2	28	18	12	135	-17	225	6.3	82	23	39	15	165	-2	388	7	100	26	46	16	175	2	442	442
3996	Cytisus cantabricus	3.5	10	15	4	4	125	-22	405	4.2	28	8	12	135	-13	405	6.3	82	23	20	18	165	12	405	7	100	26	24	20	175	21	405	405
3997	Genista florida	3.5	10	15	4	4	125	-31	405	4	25	8	11	148	-20	405	5.6	70	23	20	17	217	10	405	6.2	85	26	24	20	240	21	405	405
3998	Daboecia cantabrica	3.5	10	15	4	4	125	-22	89	4.2	28	8	12	135	-13	127	6.3	82	23	20	18	165	12	241	7	100	26	24	20	175	21	279	279
3999	Agrostis curtisii	3.5	10	15	4	4	125	-22	89	4.2	28	8	12	135	-13	127	6.3	82	23	20	18	165	12	241	7	100	26	24	20	175	21	279	279
4000	Oxytropis neglecta	6.1	40	15	4	4	90	-27	401	6.4	52	6	10	98	-23	428	7.6	88	23	12	13	122	-11	510	8	100	26	15	14	130	-8	537	537
4001	Carex foetida	6.1	40	15	4	4	90	-27	401	6.4	52	6	10	98	-23	428	7.6	88	23	12	13	122	-11	510	8	100	26	15	14	130	-8	537	537
4002	Arenaria purpurascens	6.1	40	15	4	4	90	-27	401	6.4	52	6	10	98	-23	428	7.6	88	23	12	13	122	-11	510	8	100	26	15	14	130	-8	537	537
4003	Androsace villosa	6.1	40	15	4	4	90	-27	291	6.4	52	6	11	100	-18	340	7.6	88	23	12	17	130	8	487	8	100	26	15	19	140	17	537	537
4004	Helictotrichon sedenense	6.1	40	15	4	4	90	-27	401	6.4	52	6	10	98	-23	428	7.6	88	23	12	13	122	-11	510	8	100	26	15	14	130	-8	537	537
4005	Anthyllis vulneraria pyrenaica	6.1	40	15	4	4	90	-27	401	6.4	52	6	10	98	-23	428	7.6	88	23	12	13	122	-11	510	8	100	26	15	14	130	-8	537	537
4006	Thymus praecox ligusticus	5	28	15	4	4	90	-27	401	5.6	42	6	10	101	-23	453	7.4	85	23	12	13	134	-11	608	8	100	26	15	14	145	-8	659	659
4007	Oreochloa disticha blanka	3.1	4	22	4	4	75	-27	406	3.7	11	8	11	86	-21	453	5.5	34	30	20	14	119	-3	594	6.1	42	32	24	16	130	2	641	641
4008	Jasione crispa	3.1	4	22	4	4	75	-27	406	3.7	11	8	11	86	-21	453	5.5	34	30	20	14	119	-3	594	6.1	42	32	24	16	130	2	641	641
4009	Festuca eskia	3.1	4	22	4	4	75	-27	406	3.7	11	8	11	86	-21	453	5.5	34	30	20	14	119	-3	594	6.1	42	32	24	16	130	2	641	641
4010	Luzula spicata nevadensis	3.1	4	22	4	4	75	-27	406	3.7	11	8	11	86	-21	453	5.5	34	30	20	14	119	-3	594	6.1	42	32	24	16	130	2	641	641
4011	Alchemilla transiens	3.1	4	22	4	4	75	-27	406	3.7	11	8	11	86	-21	453	5.5	34	30	20	14	119	-3	594	6.1	42	32	24	16	130	2	641	641
4012	Festuca indigesta	3.1	4	22	4	4	75	-31	406	3.8	23	8	10	93	-24	453	6.2	80	30	20	14	147	-4	594	7	100	32	24	16	165	2	641	641
4013	Silene ciliata	3.1	4	22	4	4	75	-27	406	3.7	11	8	11	86	-21	453	5.5	34	30	20	14	119	-3	594	6.1	42	32	24	16	130	2	641	641
4014	Linaria triornithophora	3.1	4	22	4	4	135	-27	172	3.7	11	8	11	152	-21	212	5.5	34	30	20	14	203	-3	333	6.1	42	32	24	16	220	2	374	374
4015	Adenocarpus complicatus	3.1	4	22	4	4	175	-31	575	3.7	11	8	10	188	-24	575	5.5	34	30	20	14	227	-4	575	6.1	42	32	24	16	240	2	575	575
4016	Genista obtusiramea	3.1	4	22	4	4	120	-31	472	3.7	11	8	10	131	-24	472	5.5	34	30	20	14	164	-4	472	6.1	42	32	24	16	175	2	472	472
4017	Cytisus oromediterraneus	3.5	10	15	4	4	125	-31	31	4.2	28	8	11	135	-20	31	6.3	82	23	20	17	165	10	31	7	100	26	24	20	175	21	31	31
4018	Festuca elegans	3.5	10	15	4	4	125	-36	112	4.2	28	8	10	135	-24	148	6.3	82	23	20	17	165	9	258	7	100	26	24	20	175	21	295	295
4019	Genista hystrix legionensis	5	28	10	6	6	125	-22	456	5.5	42	11	12	133	-17	456	7	85	28	26	15	157	-2	456	7.5	100	33	32	16	165	2	456	456
4020	Helianthemum apenninum urrielense	5	28	10	6	6	125	-22	91	5.4	42	11	12	133	-17	123	6.6	85	28	26	15	157	-2	222	7	100	33	32	16	165	2	254	254
4021	Potentilla tabernaemontani	5	28	10	6	6	125	-22	0	5.5	42	11	12	137	-15	0	7	85	28	26	16	173	5	0	7.5	100	33	32	18	185	12	0	0
4022	Oreochloa confusa	6.1	40	15	4	4	90	-27	551	6.4	52	6	10	101	-23	552	7.6	88	23	12	13	134	-11	553	8	100	26	15	14	145	-8	553	553
4023	Festuca burnatii	6.1	40	15	4	4	90	-27	551	6.4	52	6	10	101	-23	552	7.6	88	23	12	13	134	-11	553	8	100	26	15	14	145	-8	553	553
4024	Arenaria grandiflora incrassata	6.1	40	15	4	4	90	-27	551	6.4	52	6	10	101	-23	552	7.6	88	23	12	13	134	-11	553	8	100	26	15	14	145	-8	553	553
4025	Pinguicula grandiflora grandiflora	4.6	21	16	38	38	115	-22	357	5.3	36	43	14	132	-3	459	7.7	84	29	60	26	183	50	762	8.5	100	33	66	30	200	69	863	863
4026	Hypericum nummularium	4.6	21	16	38	38	140	-22	705	5.3	36	43	14	152	-3	737	7.7	84	29	60	26	188	50	832	8.5	100	33	66	30	200	69	863	863
4027	Petrocoptis pyrenaica glaucifolia	6.1	40	15	4	4	120	-27	524	6.4	52	6	10	127	-23	530	7.6	88	23	12	13	148	-11	548	8	100	26	15	14	155	-8	554	554
4028	Saxifraga canaliculata	6.1	40	15	4	4	120	-27	524	6.4	52	6	10	127	-23	530	7.6	88	23	12	13	148	-11	548	8	100	26	15	14	155	-8	554	554
4029	Erinus alpinus	6.1	40	15	4	4	120	-27	524	6.4	52	6	10	127	-23	530	7.6	88	23	12	13	148	-11	548	8	100	26	15	14	155	-8	554	554
4030	Spergula viscosa	3.1	4	22	4	4	90	-31	554	3.7	11	8	10	103	-24	557	5.5	34	30	20	14	142	-4	567	6.1	42	32	24	16	155	2	570	570
4031	Linaria filicaulis	3.1	4	22	4	4	90	-31	554	3.7	11	8	10	103	-24	557	5.5	34	30	20	14	142	-4	567	6.1	42	33	24	16	155	2	570	570
4032	Dryopteris mindshelkensis	6.1	40	15	4	4	90	-27	526	6.4	52	6	11	103	-21	535	7.6	88	23	12	14	142	-3	561	8	100	26	15	16	155	2	570	570
4033	Salix cantabrica	4.8	26	10	40	40	115	-22	166	5.4	40	44	12	124	-17	166	7.3	85	22	56	15	151	-2	166	8	100	26	60	16	160	2	166	166
4034	Carex macrostyla	4.3	19	10	4	4	90	-22	526	5	35	12	12	102	-17	549	7.2	83	22	37	15	138	-2	617	8	100	26	46	16	150	2	640	640
4035	Sagina saginoides	4.2	18	10	28	28	115	-22	0	4.9	34	31	12	122	-17	0	7.2	83	22	42	15	143	-2	0	8	100	26	46	16	150	2	0	0
4036	Juncus alpinoarticulatus alpestris	4.8	26	10	26	26	115	-22	526	5.4	40	30	12	122	-17	549	7.3	85	22	42	15	143	-2	619	8	100	26	46	16	150	2	643	643
4037	Trichophorum cespitosum germanicum	3	3	15	26	26	115	-22	526	3.3	7	32	12	122	-17	550	4.5	22	51	53	15	143	-2	620	4.9	27	60	60	16	150	2	644	644
4038	Cardamine raphanifolia	4.7	25	10	31	31	125	-27	141	5.1	40	36	14	146	-7	282	6.5	85	22	52	26	209	49	706	7	100	26	58	30	230	69	847	847
4039	Geranium pyrenaicum	3.3	6	7	4	4	125	-17	522	4	24	8	17	148	10	620	6.2	81	12	20	35	217	94	913	7	100	14	24	41	240	122	1010	1010
4040	Senecio duriaei	3.3	6	7	4	4	125	-17	522	4.1	24	8	17	148	10	620	6.6	81	12	20	35	217	94	913	7.5	100	14	24	41	240	122	1010	1010
4041	Onopordum nervosum	6.1	40	7	4	4	175	-36	771	6.4	52	6	9	184	-30	824	7.6	88	12	12	12	211	-13	982	8	100	14	15	14	220	-8	1035	1035
4042	Onopordum x glomeratum	6.1	40	7	4	4	175	-36	771	6.4	52	6	9	184	-30	824	7.6	88	12	12	12	211	-13	982	8	100	14	15	14	220	-8	1035	1035
4043	Cichorium intybus	5.2	30	7	4	4	175	-46	771	5.7	44	10	8	204	-34	824	7.4	86	16	29	15	291	0	982	8	100	19	36	18	320	12	1035	1035
4044	Scolymus hispanicus	6.1	40	7	4	4	175	-46	771	6.4	52	8	7	204	-38	824	7.6	88	12	20	12	291	-15	982	8	100	14	25	14	320	-8	1035	1035
4045	Echium asperrimum	6.1	40	7	4	4	175	-46	771	6.4	52	6	7	184	-38	824	7.6	88	12	12	12	211	-15	982	8	100	14	15	14	220	-8	1035	1035
4046	Marrubium vulgare	5.7	33	7	4	4	175	-46	151	6.1	46	8	8	204	-36	242	7.5	86	12	20	14	291	-7	515	8	100	14	25	16	320	2	606	1035
4047	Sixalix atropurpurea	6.1	40	7	4	4	175	-46	771	6.4	52	6	7	184	-38	824	7.6	88	12	12	12	211	-15	982	8	100	14	15	14	220	-8	1035	1035
4048	Ochlopoa supina	4.7	25	10	6	6	110	-36	255	5.1	40	16	12	120	-15	317	6.5	85	28	49	25	150	48	502	7	100	33	60	30	160	69	563	563
4050	Catabrosa aquatica	4.8	26	7	33	33	115	-22	491	5.5	40	39	13	123	-12	561	7.7	85	27	59	19	147	16	770	8.5	100	33	66	21	155	26	839	839
4051	Glyceria declinata	4.4	21	7	33	33	115	-51	576	5.2	36	39	7	160	-39	756	7.6	84	27	59	14	295	-4	1297	8.5	100	33	66	17	340	7	1477	1477
4052	Adenocarpus hispanicus argyrophyllus	5	28	15	5	5	230	-36	1061	5.4	42	8	9	239	-28	1061	6.6	85	23	18	14	266	-5	1061	7	100	26	22	16	275	2	1061	1061
4053	Cytisus eriocarpus 	5	28	15	5	5	230	-36	1061	5.4	42	8	9	239	-28	1061	6.6	85	23	18	14	266	-5	1061	7	100	26	22	16	275	2	1061	1061
4054	Dianthus lusitanus	5	28	15	5	5	230	-36	318	5.4	42	8	9	239	-28	376	6.6	85	23	18	14	266	-5	550	7	100	26	22	16	275	2	608	608
4055	Alchemilla fissa	4.2	17	21	11	11	45	-22	318	4.6	22	17	12	61	-15	342	5.8	40	29	38	16	109	5	413	6.2	46	31	45	18	125	12	437	437
4056	Sibbaldia procumbens	4.2	18	22	18	18	45	-22	318	4.6	23	23	12	54	-17	339	5.8	40	29	39	15	81	-2	402	6.2	46	31	45	16	90	2	423	423
4057	Cardamine alpina	4.4	22	22	18	18	45	-22	318	4.7	26	23	12	54	-17	339	5.8	41	29	39	15	81	-2	402	6.2	46	31	45	16	90	2	423	423
4058	Ampelodesmos mauritanicus	4.2	18	15	6	6	250	-22	141	4.8	34	10	14	268	-3	186	6.8	83	23	23	26	322	51	726	7.5	100	26	28	30	340	70	771	771
4059	Vulpia geniculata	4.2	18	22	18	18	195	-41	1043	4.6	23	26	23	8	206	-32	1099	5.8	40	40	40	14	239	-6	1267	6.2	46	45	46	16	250	2	1322
4060	Phalaris paradoxa	4.5	23	12	12	12	195	-41	1043	5	38	18	8	220	-32	1099	6.5	84	38	39	14	295	-6	1267	7	100	45	46	16	320	2	1322	1322
4061	Anthoxanthum ovatum	4.5	23	22	28	28	195	-41	1043	4.9	29	31	8	204	-32	1099	6.1	49	40	42	14	231	-6	1267	6.5	56	45	46	16	240	2	1322	1322
4062	Trifolium resupinatum	4.5	23	22	28	28	195	-41	1043	4.9	29	31	8	204	-32	1099	6.1	49	40	42	14	231	-6	1267	6.5	56	45	46	16	240	2	1322	1322
4063	Geranium dissectum 	4.5	23	22	28	28	195	-41	1043	4.9	29	31	8	204	-32	1099	6.1	49	40	42	14	231	-6	1267	6.5	56	45	46	16	240	2	1322	1322
4064	Hordeum geniculatum	4.5	23	22	28	28	195	-41	1043	4.9	29	31	8	204	-32	1099	6.1	49	40	42	14	231	-6	1267	6.5	56	45	46	16	240	2	1322	1322
4065	Coronilla repanda dura	4.5	23	22	4	4	195	-41	953	4.9	29	7	8	204	-32	990	6.1	49	40	18	14	231	-6	1102	6.5	56	45	22	16	240	2	1140	1140
4066	Anthyllis lotoides	4.5	23	22	4	4	195	-41	953	4.9	29	7	8	204	-32	990	6.1	49	40	18	14	231	-6	1102	6.5	56	45	22	16	240	2	1140	1140
4067	Leontodon saxatilis rothii	4.5	22	12	4	4	185	-41	874	5	37	7	8	196	-32	927	6.5	84	24	18	14	229	-6	1087	7	100	28	22	16	240	2	1140	1140
4068	Anthyllis vulneraria lusitanica	4.5	23	22	4	4	195	-41	953	4.9	29	7	8	204	-32	990	6.1	49	40	18	14	231	-6	1102	6.5	56	45	22	16	240	2	1140	1140
4069	Armeria transmontana	4.5	23	22	4	4	175	-27	886	4.9	29	7	11	182	-21	906	6.1	49	40	18	14	203	-3	965	6.5	56	45	22	16	210	2	985	985
4070	Plantago subulata	4.5	23	22	4	4	125	-36	543	5	38	7	9	142	-28	631	6.5	84	40	18	14	193	-5	896	7	100	45	22	16	210	2	985	985
4071	Dianthus langeanus	4.5	23	22	4	4	125	-27	543	4.9	29	7	11	142	-21	631	6.1	49	40	18	14	193	-3	896	6.5	56	45	22	16	210	2	985	985
4072	Camphorosma monspeliaca 	5.4	32	22	28	28	195	-27	1025	5.8	45	31	11	204	-21	1084	7	86	40	42	14	231	-3	1263	7.5	100	45	46	16	240	2	1323	1323
4073	Artemisia valentina 	5.4	32	22	28	28	195	-27	1025	5.8	45	31	11	204	-21	1084	7	86	40	42	14	231	-3	1263	7.5	100	45	46	16	240	2	1323	1323
4074	Caroxylon vermiculatum	5.4	32	22	28	28	195	-27	1025	5.8	45	31	11	204	-21	1084	7	86	40	42	14	231	-3	1263	7.5	100	45	46	16	240	2	1323	1323
4075	Bupleurum rigidum	6.1	40	15	6	6	195	-36	196	6.3	52	10	9	204	-28	221	7.2	88	23	23	14	231	-5	299	7.5	100	26	28	16	240	2	324	324
4076	Avenella flexuosa iberica	4.2	18	15	6	6	125	-36	23	4.8	34	10	10	143	-23	187	6.8	83	29	22	18	197	13	678	7.5	100	33	27	21	215	26	841	841
4077	Pulmonaria affinis	4.2	18	22	12	12	75	-22	11	4.6	23	18	12	95	-17	48	5.8	40	29	38	15	155	-2	156	6.2	46	31	45	16	175	2	193	193
4078	Laserpitium eliasii 	6.2	45	15	8	8	115	-22	55	6.3	56	12	12	125	-17	86	6.8	89	23	27	15	155	-2	179	7	100	26	32	16	165	2	210	210
4079	Crepis lampsanoides	6.2	45	15	8	8	115	-22	55	6.3	56	12	12	125	-17	86	6.8	89	23	27	15	155	-2	179	7	100	26	32	16	165	2	210	210
4080	Primula veris columnae	6.2	45	15	8	8	105	-22	55	6.5	56	12	12	122	-14	212	7.6	89	23	27	17	173	9	682	8	100	26	32	19	190	17	839	839
4082	Betula pendula fontqueri	4.5	23	18	4	4	130	-41	748	19.2	38	15	10	137	-25	780	63.3	84	28	48	19	158	20	876	78	100	31	60	23	165	36	908	908
4083	Lonicera arborea	4.5	23	18	4	4	130	-41	224	5	38	15	10	137	-25	224	6.5	84	28	48	19	158	20	224	7	100	31	60	23	165	36	224	224
4084	Rosa corymbifera	4.5	23	18	4	4	130	-41	224	5	38	15	10	137	-25	224	6.5	84	28	48	19	158	20	224	7	100	31	60	23	165	36	224	224
4085	Ononis aragonensis 	5.2	30	18	4	4	130	-41	112	5.7	44	15	10	137	-25	148	7.4	86	28	48	19	158	20	258	8	100	31	60	23	165	36	295	295
4086	Ranunculus penicillatus pseudofluitans	6.1	40	12	46	46	145	-41	760	6.3	52	56	11	172	-19	850	7.2	88	25	89	25	253	47	1120	7.5	100	29	100	30	280	69	1210	1210
4087	Ranunculus peltatus fucoides	6.1	40	12	46	46	145	-36	990	6.3	52	49	10	178	-26	1063	7.2	88	25	61	16	277	2	1281	7.5	100	29	65	18	310	12	1354	1354
4088	Callitriche lusitanica	6.1	40	12	46	46	145	-36	972	6.3	52	49	10	178	-26	1049	7.2	88	25	61	16	277	2	1278	7.5	100	29	65	18	310	12	1354	1354
4089	Festuca rivularis	3	3	12	4	4	140	-36	732	3.3	7	16	9	156	-28	767	4.4	21	50	53	14	204	-5	871	4.8	26	60	66	16	220	2	905	905
4090	Genista tridentata	4.2	18	22	18	18	120	-31	470	4.6	23	23	10	128	-24	470	5.8	40	29	39	14	152	-4	470	6.2	46	31	45	16	160	2	470	470
4091	Carex asturica	4.2	18	22	18	18	120	-31	470	4.6	23	23	10	128	-24	512	5.8	40	29	39	14	152	-4	637	6.2	46	31	45	16	160	2	679	679
4092	Thymelaea coridifolia dendrobryum	4.2	18	22	18	18	120	-31	470	4.6	23	23	10	128	-24	512	5.8	40	29	39	14	152	-4	637	6.2	46	31	45	16	160	2	679	679
4093	Hypericum richeri burseri	4.2	18	22	18	18	120	-31	470	4.6	23	23	10	128	-24	512	5.8	40	29	39	14	152	-4	637	6.2	46	31	45	16	160	2	679	679
4094	Pedicularis mixta	4.2	18	22	18	18	75	-17	345	4.6	23	23	12	86	-13	347	5.8	40	40	39	15	119	-1	353	6.2	46	45	45	16	130	2	355	355
4095	Saxifraga hirsuta	4.6	24	15	12	12	175	-7	85	5	39	18	15	186	1	113	6.5	84	20	36	21	219	27	199	7	100	22	42	23	230	36	227	227
4096	Deschampsia media hispanica	4.6	24	15	18	18	170	-36	920	5.1	39	23	9	182	-30	962	6.9	84	20	40	12	218	-13	1088	7.5	100	22	46	14	230	-8	1130	1130
4097	Cirsium acaulon gregarium	4.6	24	15	18	18	170	-36	920	5	39	23	9	182	-30	962	6.5	84	20	40	12	218	-13	1088	7	100	22	46	14	230	-8	1130	1130
4098	Juncus striatus	4.6	24	15	18	18	170	-36	920	5	39	23	10	188	-25	962	6.5	84	20	40	16	242	5	1088	7	100	22	46	19	260	16	1130	1130
4099	Juniperus macrocarpa	4.2	18	15	8	8	260	-31	1529	4.7	34	13	12	278	-15	1529	6.4	83	23	29	22	332	32	1529	7	100	26	35	26	350	48	1529	1529
4100	Osyris lanceolata	4.2	18	15	8	8	260	-31	1529	4.7	34	13	10	276	-26	1529	6.4	83	23	29	13	324	-12	1529	7	100	26	35	14	340	-8	1529	1529
4101	Ephedra fragilis	4.2	18	15	8	8	260	-31	1529	4.7	34	13	10	276	-26	1529	6.4	83	23	29	13	324	-12	1529	7	100	26	35	14	340	-8	1529	1529
4102	Stipa juncea 	6.1	40	15	4	4	165	-36	810	6.3	52	6	9	184	-30	838	7.2	88	23	15	12	241	-13	922	7.5	100	26	18	14	260	-8	950	950
4103	Thymus zygis	6.1	40	15	4	4	165	-36	810	6.3	52	6	9	176	-30	838	7.2	88	23	15	12	209	-13	922	7.5	100	26	18	14	220	-8	950	950
4104	Colutea arborescens hispanica	6.1	40	15	4	4	200	-36	304	6.3	52	6	9	210	-30	304	7.2	88	23	15	12	240	-13	304	7.5	100	26	18	14	250	-8	304	304
4105	Ephedra nebrodensis	6.1	40	15	4	4	200	-36	304	6.3	52	6	9	210	-30	304	7.2	88	23	15	12	240	-13	304	7.5	100	26	18	14	250	-8	304	304
4106	Juniperus oxycedrus lagunae	6.1	40	15	4	4	200	-36	304	6.3	52	6	9	210	-30	304	7.2	88	23	15	12	240	-13	304	7.5	100	26	18	14	250	-8	304	304
4107	Festuca rivas-martinezii 	4.2	18	22	18	18	125	-22	543	4.6	23	23	12	130	-17	553	5.8	40	29	39	15	145	-2	584	6.2	46	31	45	16	150	2	594	594
4108	Sedum brevifolium 	4.2	18	22	18	18	125	-22	543	4.6	23	23	12	130	-17	569	5.8	40	29	39	15	145	-2	647	6.2	46	31	45	16	150	2	673	673
4109	Neoschischkinia truncatula durieui	4.2	18	22	18	18	125	-22	543	4.6	23	23	12	130	-17	569	5.8	40	29	39	15	145	-2	647	6.2	46	31	45	16	150	2	673	673
4110	Koeleria crassipes	4.2	18	22	18	18	125	-22	543	4.6	23	23	12	130	-17	553	5.8	40	29	39	15	145	-2	584	6.2	46	31	45	16	150	2	594	594
4111	Chenopodium opulifolium	4.2	18	8	8	8	175	-31	873	4.8	34	14	11	206	-17	885	6.8	83	14	35	20	299	22	921	7.5	100	16	42	23	330	36	933	933
4112	Epilobium brachycarpum	4.2	18	8	8	8	175	-31	873	4.7	34	13	10	184	-26	885	6.4	83	14	29	13	211	-12	921	7	100	16	35	14	220	-8	933	933
4113	Hirschfeldia incana	4.2	18	8	8	8	175	-31	873	4.7	34	14	10	186	-26	948	6.4	83	14	35	13	219	-12	1174	7	100	16	42	14	230	-8	1250	1250
4114	Heliotropium europaeum	4.2	18	8	8	8	175	-31	873	4.7	34	14	11	206	-17	885	6.4	83	14	35	20	299	22	921	7	100	16	42	23	330	36	933	933
4115	Xanthium spinosum	4.2	18	8	8	8	175	-31	873	4.7	34	9	17	10	204	-22	885	6.4	83	14	45	16	291	3	921	7	100	16	55	18	320	12	933
4116	Amaranthus albus 	4.2	18	8	8	8	175	-31	873	4.8	34	13	10	184	-26	885	6.8	83	14	29	13	211	-12	921	7.5	100	16	35	14	220	-8	933	933
4117	Chenopodium vulvaria	4.2	18	8	8	8	175	-31	873	4.8	34	13	10	184	-26	885	6.8	83	14	29	13	211	-12	921	7.5	100	16	35	14	220	-8	933	933
4118	Dysphania botrys	4.2	18	8	8	8	175	-31	873	4.7	34	13	10	184	-26	885	6.4	83	14	29	13	211	-12	921	7	100	16	35	14	220	-8	933	933
4119	Lactuca virosa	4.2	18	8	8	8	175	-31	873	4.7	34	13	10	184	-26	885	6.4	83	14	29	13	211	-12	921	7	100	16	35	14	220	-8	933	933
4120	Polygonum arenastrum	4.2	18	8	8	8	175	-31	873	4.7	34	13	10	184	-26	885	6.4	83	14	29	13	211	-12	921	7	100	16	35	14	220	-8	933	933
4121	Euphorbia falcata falcata	6.1	40	15	4	4	180	-27	874	6.4	52	6	10	190	-23	917	7.6	88	23	12	13	220	-11	1045	8	100	26	15	14	230	-8	1088	1088
4122	Euphorbia exigua merinoi	6.1	40	15	4	4	180	-27	874	6.4	52	6	10	190	-23	917	7.6	88	23	12	13	220	-11	1045	8	100	26	15	14	230	-8	1088	1088
4123	Asterolinon linum-stellatum	4.2	18	15	4	4	180	-27	874	4.8	34	6	10	190	-23	917	6.8	83	23	12	13	220	-11	1045	7.5	100	26	15	14	230	-8	1088	1088
4124	Rumex bucephalophorus gallicus	6.1	40	15	4	4	180	-27	874	6.4	52	6	10	190	-23	917	7.6	88	23	12	13	220	-11	1045	8	100	26	15	14	230	-8	1088	1088
4125	Petrorhagia nanteuilii	6.1	40	15	4	4	180	-27	874	6.4	52	6	10	190	-23	917	7.6	88	23	12	13	220	-11	1045	8	100	26	15	14	230	-8	1088	1088
4126	Galium parisiense	6.1	40	15	4	4	180	-27	874	6.4	52	6	10	190	-23	917	7.6	88	23	12	13	220	-11	1045	8	100	26	15	14	230	-8	1088	1088
4127	Linaria amethystea	4.2	18	15	4	4	180	-27	874	4.8	34	6	10	190	-23	917	6.8	83	23	12	13	220	-11	1045	7.5	100	26	15	14	230	-8	1088	1088
4128	Ribes petraeum	4.9	27	12	8	8	110	-31	39	5.3	41	14	11	124	-21	39	6.5	85	20	32	17	166	7	39	7	100	22	38	19	180	17	39	39
4129	Valeriana pyrenaica	4.9	27	12	8	8	135	-31	141	5.3	41	14	10	144	-26	184	6.5	85	20	32	13	171	-12	313	7	100	22	38	14	180	-8	356	356
4130	Festuca frigida	3	3	12	32	32	125	-36	787	3.4	8	38	9	133	-30	817	4.9	26	50	59	12	157	-13	908	5.4	32	60	66	14	165	-8	938	938
4131	Ranunculus pyrenaeus angustifolius	3	3	12	32	32	125	-36	787	3.4	8	38	9	133	-30	817	4.9	26	50	59	12	157	-13	908	5.4	32	60	66	14	165	-8	938	938
4132	Scorzoneroides microcephala	3	3	12	32	32	125	-36	787	3.4	8	38	9	133	-30	817	4.9	26	50	59	12	157	-13	908	5.4	32	60	66	14	165	-8	938	938
4133	Euphrasia willkommii	3	3	12	32	32	125	-36	787	3.4	8	38	9	133	-30	817	4.9	26	50	59	12	157	-13	908	5.4	32	60	66	14	165	-8	938	938
4134	Carex furva	3	3	12	32	32	125	-36	787	3.4	8	38	9	133	-30	817	4.9	26	50	59	12	157	-13	908	5.4	32	60	66	14	165	-8	938	938
4135	Veronica turbicola	3	3	12	32	32	125	-36	787	3.4	8	21	38	9	133	-30	817	4.9	26	50	59	12	157	-13	908	5.4	32	60	66	14	165	-8	938
4136	Agrostis canina granatensis	3	3	12	32	32	125	-36	787	3.4	8	38	9	133	-30	817	4.9	26	50	59	12	157	-13	908	5.4	32	60	66	14	165	-8	938	938
4137	Pinguicula nevadensis	3	3	12	32	32	125	-36	787	3.4	8	38	9	133	-30	817	4.9	26	50	59	12	157	-13	908	5.4	32	60	66	14	165	-8	938	938
4138	Festuca rubra pruinosa	4.8	26	12	4	4	200	1	772	5.2	40	8	18	216	14	818	6.5	85	27	23	27	264	55	958	7	100	31	28	30	280	69	1004	1004
4139	Rumex acetosa biformis	4.8	26	12	4	4	200	1	772	5.4	40	8	18	210	10	808	7.3	85	21	23	24	240	40	916	8	100	24	28	26	250	50	952	952
4140	Silene uniflora	4.8	26	12	4	4	200	1	772	5.2	40	8	18	210	10	808	6.5	85	21	23	24	240	40	916	7	100	24	28	26	250	50	952	952
4141	Anthyllis vulneraria iberica	4.8	26	12	4	4	200	1	772	5.3	40	8	18	210	10	808	6.9	85	21	23	24	240	40	916	7.5	100	24	28	26	250	50	952	952
4142	Daucus carota hispidus	4.8	26	12	4	4	200	1	772	5.4	40	8	18	210	10	808	7.3	85	21	23	24	240	40	916	8	100	24	28	26	250	50	952	952
4143	Armeria maritima maritima	4.8	26	12	4	4	200	1	772	5.2	40	8	18	216	13	829	6.5	85	21	23	26	264	52	999	7	100	24	28	29	280	65	1056	1056
4144	Spartina maritima	4.6	26	12	16	16	200	1	772	5.1	40	22	18	210	10	808	6.9	85	21	43	24	240	40	916	7.5	100	24	50	26	250	50	952	952
4145	Tephroseris helenitis macrochaetus	4.8	26	12	4	4	200	1	772	5.2	40	8	18	210	10	808	6.5	85	21	23	24	240	40	916	7	100	24	28	26	250	50	952	952
4146	Cistus umbellatus viscosus	4.2	18	15	8	8	165	-31	776	4.7	34	11	10	172	-26	776	6.4	83	23	21	13	193	-12	776	7	100	26	25	14	200	-8	776	776
4147	Thymus mastichina	4.2	18	15	8	8	165	-31	0	4.8	34	11	10	172	-26	0	6.8	83	23	21	13	193	-12	0	7.5	100	26	25	14	200	-8	0	0
4148	Hyparrhenia sinaica	5	28	10	4	4	230	-22	1256	5.4	42	8	12	250	-17	1333	6.6	85	16	20	15	310	-2	1563	7	100	18	25	16	330	2	1640	1640
4149	Piptatherum coerulescens	5	28	10	4	4	230	-22	1256	5.4	42	8	12	250	-17	1333	6.6	85	16	20	15	310	-2	1563	7	100	18	25	16	330	2	1640	1640
4150	Heteropogon contortus	5	28	10	4	4	230	-22	1256	5.4	42	8	12	250	-17	1333	6.6	85	16	20	15	310	-2	1563	7	100	18	25	16	330	2	1640	1640
4151	Bituminaria bituminosa	4.2	18	10	4	4	230	-22	1256	4.7	34	8	13	250	-12	1333	6.4	83	22	20	19	310	16	1563	7	100	26	25	21	330	26	1640	1640
4152	Centaurea resupinata saguntina	5	28	10	4	4	230	-22	1256	5.4	42	8	12	250	-17	1333	6.6	85	16	20	15	310	-2	1563	7	100	18	25	16	330	2	1640	1640
4153	Andropogon distachyos	5	28	10	4	4	230	-22	1256	5.4	42	8	12	250	-16	1333	6.6	85	21	20	15	310	0	1563	7	100	24	25	17	330	5	1640	1640
4154	Phagnalon saxatile 	5	28	10	4	4	230	-22	1256	5.4	42	8	12	252	-16	1333	6.6	85	16	20	15	318	0	1563	7	100	18	25	17	340	5	1640	1640
4155	Convolvulus althaeoides	5	28	10	4	4	230	-22	1256	5.4	42	8	13	250	-10	1333	6.6	85	21	20	20	310	24	1563	7	100	24	25	23	330	36	1640	1640
4156	Holcus gayanus	4.2	18	15	12	12	125	-36	547	4.6	24	21	9	137	-30	614	5.8	45	29	50	12	173	-13	816	6.3	52	33	60	14	185	-8	883	883
4157	Neoschischkinia truncatula	4.2	18	15	12	12	125	-36	547	4.6	24	21	9	137	-30	614	5.8	45	29	50	12	173	-13	816	6.3	52	33	60	14	185	-8	883	883
4158	Rumex acetosella angiocarpus	4.2	18	15	4	4	125	-36	23	4.6	24	15	9	137	-30	195	5.8	45	29	48	12	173	-13	711	6.3	52	33	60	14	185	-8	883	883
4159	Festuca indigesta curvifolia	3.1	4	22	4	4	125	-27	583	3.7	11	8	11	131	-21	601	5.5	34	30	20	14	149	-3	655	6.1	42	33	24	16	155	2	673	673
4160	Luzula caespitosa	3.1	4	22	4	4	125	-27	583	3.7	11	8	11	131	-21	601	5.5	34	30	20	14	149	-3	655	6.1	42	33	24	16	155	2	673	673
4161	Jasione crispa crispa	3.1	4	22	4	4	125	-27	583	3.7	11	8	11	131	-21	601	5.5	34	30	20	14	149	-3	655	6.1	42	33	24	16	155	2	673	673
4162	Sempervivum vicentei	3.1	4	22	4	4	125	-27	583	3.7	11	8	11	131	-21	601	5.5	34	30	20	14	149	-3	655	6.1	42	33	24	16	155	2	673	673
4163	Hieracium loscosianum	3.1	4	22	4	4	125	-27	583	3.7	11	8	11	131	-21	601	5.5	34	30	20	14	149	-3	655	6.1	42	33	24	16	155	2	673	673
4164	Lagurus ovatus	4	16	12	4	4	280	-3	1481	4.4	23	6	16	290	4	1541	5.8	44	21	15	21	320	28	1723	6.3	52	24	18	23	330	36	1784	1784
4165	Vulpia membranacea	4	16	12	4	4	280	-3	1481	4.4	23	14	6	16	290	4	1541	5.8	44	21	15	21	320	28	1723	6.3	52	24	18	23	330	36	1784
4166	Silene sericea	4	16	12	4	4	280	-3	1481	4.4	23	6	16	290	4	1541	5.8	44	21	15	21	320	28	1723	6.3	52	24	18	23	330	36	1784	1784
4167	Pseudorlaya pumila	4	16	12	4	4	280	-3	1481	4.4	23	6	16	290	4	1541	5.8	44	21	15	21	320	28	1723	6.3	52	24	18	23	330	36	1784	1784
4168	Maresia nana	4	16	12	4	4	280	-3	692	4.4	23	6	16	290	4	760	5.8	44	21	15	21	320	28	966	6.3	52	24	18	23	330	36	1035	1784
4169	Molopospermum peloponnesiacum	4.5	22	22	4	4	75	-27	122	4.9	28	9	11	89	-21	190	6.1	49	40	24	14	131	-3	394	6.5	56	45	29	16	145	2	462	462
4170	Lilium pyrenaicum	4.5	22	22	4	4	75	-27	288	4.9	28	7	11	85	-21	323	6.1	49	40	18	14	115	-3	428	6.5	56	45	22	16	125	2	462	462
4171	Frankenia laevis	4.5	22	18	4	4	240	11	787	5	37	6	20	252	22	841	6.5	84	28	15	27	288	57	1002	7	100	31	18	30	300	69	1056	1056
4172	Limonium binervosum	4.5	22	18	4	4	240	11	787	5	37	6	20	252	22	841	6.5	84	28	15	27	288	57	1002	7	100	31	18	30	300	69	1056	1056
4173	Limbarda crithmoides	4.5	22	18	4	4	240	11	884	5.1	37	6	20	252	22	977	6.9	84	28	15	27	288	57	1256	7.5	100	31	18	30	300	69	1350	1350
4174	Crithmum maritimum	4.5	22	18	4	4	240	11	884	5	37	6	20	252	22	918	6.5	84	28	15	27	288	57	1021	7	100	31	18	30	300	69	1056	1056
4175	Elytrigia atherica	4.8	26	18	4	4	200	2	787	5.3	40	6	18	220	15	829	6.9	85	28	15	27	280	55	955	7.5	100	31	18	30	300	69	998	998
4176	Quercus orocantabrica	3	3	20	6	6	145	-12	580	3.4	8	9	15	157	-2	646	4.9	26	30	18	21	193	26	843	5.4	32	33	22	23	205	36	909	909
4177	Ulex cantabricus	3	3	20	6	6	145	-12	165	3.4	8	9	15	157	-2	165	4.9	26	30	18	21	193	26	165	5.4	32	33	22	23	205	36	165	165
4178	Pseudarrhenatherum longifolium	3	3	20	6	6	145	-12	115	3.4	8	9	15	157	-2	164	4.9	26	30	18	21	193	26	311	5.4	32	33	22	23	205	36	360	360
4179	Moehringia intricata castellana	6.1	40	15	4	4	185	-36	907	6.3	52	6	9	192	-30	931	7.2	88	23	15	12	213	-13	1005	7.5	100	26	18	14	220	-8	1029	1029
4180	Sarcocapnos enneaphylla	6.1	40	15	4	4	185	-36	488	6.3	52	6	9	192	-30	597	7.2	88	23	15	12	213	-13	921	7.5	100	26	18	14	220	-8	1029	1029
4181	Rhamnus pumila	6.1	40	15	4	4	185	-36	907	6.3	52	6	9	192	-30	907	7.2	88	23	15	12	213	-13	907	7.5	100	26	18	14	220	-8	907	907
4182	Petrocoptis crassifolia	6.1	40	15	4	4	85	-12	488	6.3	52	6	14	100	-7	526	7.2	88	23	15	17	145	7	641	7.5	100	26	18	18	160	12	679	679
4183	Asplenium trichomanes pachyrachis	6.1	40	15	4	4	85	-12	488	6.4	52	6	14	100	-7	526	7.6	88	23	15	17	145	7	641	8	100	26	18	18	160	12	679	679
4184	Festuca gautieri	3	3	15	4	4	75	-22	62	3.4	8	8	12	89	-17	92	4.7	23	51	20	15	131	-2	181	5.2	29	60	24	16	145	2	211	211
4185	Jacobaea aquatica	4.4	21	8	24	24	115	-22	551	4.8	27	28	12	122	-17	559	6	45	14	41	15	143	-2	585	6.4	52	16	46	16	150	2	594	594
4186	Genista cinerascens	4.2	18	20	8	8	140	-31	630	4.7	34	13	10	147	-26	630	6.4	83	28	29	13	168	-12	630	7	100	31	35	14	175	-8	630	630
4187	Festuca braun-blanquetii 	4.2	18	20	8	8	145	-31	23	4.7	34	13	10	151	-26	61	6.4	83	28	29	13	169	-12	177	7	100	31	35	14	175	-8	215	215
4188	Conopodium pyrenaeum	4.2	18	20	8	8	145	-31	23	4.7	34	13	10	151	-26	61	6.4	83	28	29	13	169	-12	177	7	100	31	35	14	175	-8	215	215
4189	Jasione laevis carpetana	3	3	20	8	8	125	-31	23	3.8	22	14	10	133	-26	153	6.2	80	28	35	13	157	-12	543	7	100	31	42	14	165	-8	673	673
4190	Cerastium gracile	4.2	18	20	8	8	145	-31	23	4.7	34	13	10	149	-26	55	6.4	83	28	29	13	161	-12	150	7	100	31	35	14	165	-8	182	182
4191	Linaria nivea	4.2	18	20	8	8	145	-31	0	4.7	34	13	10	149	-26	0	6.4	83	28	29	13	161	-12	0	7	100	31	35	14	165	-8	0	0
4192	Sorbus intermedia	4.2	18	20	8	8	90	-31	20	4.7	34	13	10	105	-25	37	6.4	83	28	29	14	150	-7	89	7	100	31	35	16	165	-2	106	106
4193	Myosotis stolonifera	4.2	18	12	46	46	155	-36	756	4.8	34	56	9	168	-30	841	6.8	83	28	89	12	207	-13	1095	7.5	100	33	100	14	220	-8	1180	1180
4194	Ranunculus omiophyllus	4.1	17	20	46	46	165	-31	860	4.6	33	56	10	176	-26	924	6.4	83	30	89	13	209	-12	1116	7	100	33	100	14	220	-8	1180	1180
4195	Ranunculus aduncus	5.2	30	12	9	9	165	-31	920	5.7	44	16	10	176	-25	970	7.4	86	20	38	13	209	-9	1118	8	100	22	46	15	220	-4	1168	1168
4196	Scrophularia scorodonia	4.6	24	7	33	33	165	-31	886	5.1	39	38	10	174	-25	957	6.9	84	23	54	13	201	-9	1170	7.5	100	28	60	15	210	-4	1241	1241
4197	Calepina irregularis	4.6	24	7	33	33	165	-31	886	5.1	39	38	10	174	-25	957	6.9	84	23	54	13	201	-9	1170	7.5	100	28	60	15	210	-4	1241	1241
4198	Sedum campanulatum	4.6	24	7	33	33	145	-31	768	5.1	39	38	10	149	-25	787	6.9	84	23	54	13	161	-9	843	7.5	100	28	60	15	165	-4	861	861
4199	Epilobium anagallidifolium	4.6	24	7	33	33	145	-31	768	5.1	39	38	10	149	-25	787	6.9	84	23	54	13	161	-9	843	7.5	100	28	60	15	165	-4	861	861
4200	Sedum maireanum	4.6	24	7	33	33	145	-41	697	5.1	39	38	8	149	-36	750	6.9	84	23	54	11	161	-22	908	7.5	100	28	60	12	165	-18	961	961
4201	Trifolium strictum	4.2	18	7	8	8	145	-41	697	4.8	34	11	9	172	-29	750	6.8	83	23	23	16	253	5	908	7.5	100	28	27	19	280	17	961	961
4202	Senecio doria laderoi 	4.6	24	7	26	26	110	-46	556	5.1	39	32	13	132	-12	563	6.9	84	27	53	34	198	88	586	7.5	100	33	60	41	220	122	594	594
4203	Silybum eburneum	5.2	28	7	24	24	200	-31	1117	5.6	42	31	10	208	-24	1144	7	85	23	52	14	232	-4	1223	7.5	100	28	60	16	240	2	1250	1250
4204	Carthamus lanatus	5.2	28	7	8	8	200	-31	1117	5.6	42	18	10	222	-24	1144	7	85	23	49	14	288	-4	1223	7.5	100	28	60	16	310	2	1250	1250
4205	Lactuca serriola	5.2	28	7	24	24	200	-31	1117	5.6	42	31	10	208	-24	1144	7	85	23	52	14	232	-4	1223	7.5	100	28	60	16	240	2	1250	1250
4206	Picnomon acarna	5.2	28	7	24	24	200	-31	1117	5.6	42	31	10	208	-24	1144	7	85	23	52	14	232	-4	1223	7.5	100	28	60	16	240	2	1250	1250
4207	Carduus pycnocephalus	5.2	28	7	8	8	200	-31	1117	5.6	42	18	10	224	-23	1144	7	85	23	49	15	296	-1	1223	7.5	100	28	60	17	320	6	1250	1250
4208	Anacyclus clavatus	5.2	28	7	8	8	200	-31	1117	5.6	42	18	10	222	-24	1144	7	85	23	49	14	288	-4	1223	7.5	100	28	60	16	310	2	1250	1250
4209	Beta vulgaris maritima	5.2	28	7	8	8	200	-31	1117	5.6	42	18	11	228	-19	1144	7	85	23	49	18	312	14	1223	7.5	100	28	60	21	340	26	1250	1250
4210	Anisantha diandra	5.2	28	7	24	24	200	-31	1117	5.6	42	31	10	208	-24	1144	7	85	23	52	14	232	-4	1223	7.5	100	28	60	16	240	2	1250	1250
4211	Sedum anglicum	4.5	23	22	4	4	220	11	780	4.9	29	8	20	234	22	825	6.1	49	40	20	27	276	57	959	6.5	56	45	24	30	290	69	1004	1004
4212	Spergularia rupicola	4.5	23	22	4	4	220	11	780	4.9	29	8	20	234	22	825	6.1	49	40	20	27	276	57	959	6.5	56	45	24	30	290	69	1004	1004
4213	Suaeda spicata	5.2	30	12	18	18	210	-31	1117	5.7	44	23	10	236	-23	1154	7.4	86	20	40	15	314	0	1263	8	100	22	46	17	340	7	1300	1300
4214	Suaeda splendens	5.2	30	12	18	18	210	-31	1117	5.7	44	23	10	214	-25	1154	7.4	86	20	40	13	226	-9	1263	8	100	22	46	15	230	-4	1300	1300
4215	Frankenia pulverulenta	5.2	30	12	18	18	210	-31	1117	5.7	44	23	10	214	-25	1154	7.4	86	20	40	13	226	-9	1263	8	100	22	46	15	230	-4	1300	1300
4216	Sphenopus divaricatus	5.2	30	12	18	18	210	-31	1117	5.7	44	23	10	214	-25	1154	7.4	86	20	40	13	226	-9	1263	8	100	22	46	15	230	-4	1300	1300
4217	Tamarix canariensis	5.2	30	12	18	18	220	-22	1110	5.7	44	23	11	226	-18	1110	7.4	86	20	40	14	244	-7	1110	8	100	22	46	15	250	-4	1110	1110
4218	Suaeda vera	5.2	27	10	12	12	220	-22	1110	5.7	41	18	12	242	-14	1158	7.4	85	19	39	17	308	9	1302	8	100	22	46	19	330	17	1350	1350
4219	Arthrocnemum macrostachyum	5.2	30	12	18	18	220	-22	1110	5.7	44	23	11	226	-18	1158	7.4	86	20	40	14	244	-7	1302	8	100	22	46	15	250	-4	1350	1350
4220	Elytrigia curvifolia	5.2	30	12	18	18	220	-22	1110	5.7	44	23	11	226	-18	1158	7.4	86	20	40	14	244	-7	1302	8	100	22	46	15	250	-4	1350	1350
4221	Limonium ruizi	5.2	30	12	18	18	220	-22	1110	5.7	44	23	11	226	-18	1158	7.4	86	20	40	14	244	-7	1302	8	100	22	46	15	250	-4	1350	1350
4222	Sarcocornia alpini carinata	5.2	30	12	18	18	220	-22	1110	5.7	44	23	11	226	-18	1158	7.4	86	20	40	14	244	-7	1302	8	100	22	46	15	250	-4	1350	1350
4223	Erica andevalensis	2.8	3	20	10	10	280	-3	159	3.1	6	16	16	290	1	239	4	16	28	35	19	320	16	480	4.3	20	31	42	20	330	21	561	561
4224	Erica australis	2.8	3	20	10	10	280	-3	1591	3.1	6	16	16	290	1	1591	4	16	28	35	19	320	16	1591	4.3	20	31	42	20	330	21	1591	1591
4225	Ulex parviflorus eriocladus	2.8	3	20	10	10	280	-3	1591	3.1	6	16	16	290	1	1591	4	16	28	35	19	320	16	1591	4.3	20	31	42	20	330	21	1591	1591
4226	Cistus populifolius	2.8	3	20	10	10	280	-3	1591	3.1	6	16	16	290	1	1591	4	16	28	35	19	320	16	1591	4.3	20	31	42	20	330	21	1591	1591
4227	Erica umbellata	2.8	3	20	10	10	280	-3	1591	3.1	6	16	16	290	1	1591	4	16	28	35	19	320	16	1591	4.3	20	31	42	20	330	21	1591	1591
4228	Cistus ocymoides	2.8	3	20	10	10	280	-3	1591	3.1	6	16	16	290	1	1591	4	16	28	35	19	320	16	1591	4.3	20	31	42	20	330	21	1591	1591
4229	Luzula pediformis	3	3	18	10	10	120	-22	521	3.4	8	21	12	126	-17	552	4.6	23	51	54	15	144	-2	643	5	28	60	66	16	150	2	673	673
4230	Pinus sylvestris iberica	3.1	4	22	4	4	145	-31	697	3.7	11	8	10	151	-24	743	5.5	34	30	20	14	169	-4	880	6.1	42	33	24	16	175	2	926	926
4231	Hedera hibernica	4.5	23	12	4	4	200	11	81	5	38	8	20	224	22	132	6.5	84	23	20	27	296	57	286	7	100	26	24	30	320	69	337	337
4232	Polypodium cambricum cambricum	4.5	23	12	4	4	200	11	81	5	38	8	20	224	22	132	6.5	84	23	20	27	296	57	286	7	100	26	24	30	320	69	337	337
4233	Olea sylvestris	4.5	23	12	4	4	200	-17	0	5	38	8	15	228	0	0	6.5	84	23	20	26	312	51	0	7	100	26	24	30	340	69	0	0
4234	Prunus lusitanica	4.5	23	12	4	4	200	11	0	5	38	8	20	224	22	0	6.5	84	23	20	27	296	57	0	7	100	26	24	30	320	69	0	0
4235	Carex alpina	4.5	23	15	39	39	115	-22	357	4.9	33	44	12	125	-17	385	6.3	64	29	60	15	155	-2	468	6.8	75	33	66	16	165	2	496	496
4236	Camphorosma annua	5.2	30	12	8	8	180	-27	645	5.6	44	18	11	186	-21	696	7	86	23	49	14	204	-3	847	7.5	100	26	60	16	210	2	897	897
4237	Plantago tenuiflora	5.2	30	12	8	8	180	-36	677	5.6	44	18	9	186	-28	720	7	86	23	49	14	204	-5	850	7.5	100	26	60	16	210	2	894	894
4238	Taraxacum bessarabicum	5.2	30	12	8	8	180	-27	645	5.6	44	18	11	186	-21	696	7	86	23	49	14	204	-3	847	7.5	100	26	60	16	210	2	897	897
4239	Petrosimonia triandra	5.2	30	12	8	8	160	-22	601	5.6	44	15	12	168	-15	647	7	86	23	38	16	192	5	785	7.5	100	26	46	18	200	12	831	831
4240	Artemisia santonicum	5.2	30	12	8	8	160	-36	601	5.6	44	15	10	170	-26	660	7	86	23	38	16	200	2	838	7.5	100	26	46	18	210	12	897	897
4241	Limonium gmelini	5.2	30	12	8	8	160	-36	601	5.6	44	15	10	170	-26	659	7	86	23	38	16	200	2	833	7.5	100	26	46	18	210	12	891	891
4242	Bassia sedoides	5.2	30	12	8	8	160	-22	601	5.6	44	15	12	168	-15	647	7	86	23	38	16	192	5	785	7.5	100	26	46	18	200	12	831	831
4243	Halimione verrucifera	5.2	30	12	8	8	160	-22	601	5.6	44	15	12	168	-15	647	7	86	23	38	16	192	5	785	7.5	100	26	46	18	200	12	831	831
4244	Pholiurus pannonicus	6.2	49	12	8	8	185	-36	749	6.6	59	15	9	190	-29	778	8	89	23	38	13	205	-10	862	8.5	100	26	46	15	210	-4	891	891
4245	Hordeum marinum	6.2	49	12	8	8	185	-36	749	6.6	59	15	9	190	-29	778	8	89	23	38	13	205	-10	862	8.5	100	26	46	15	210	-4	891	891
4246	Dichodon viscidum	6.2	49	12	8	8	185	-36	749	6.6	59	15	9	190	-29	778	8	89	23	38	13	205	-10	862	8.5	100	26	46	15	210	-4	891	891
4247	Gypsophila muralis	6.2	49	12	8	8	185	-36	749	6.6	59	15	9	190	-29	778	8	89	23	38	13	205	-10	862	8.5	100	26	46	15	210	-4	891	891
4248	Zingeria pisidica	6.2	46	12	8	8	185	-36	702	6.6	56	14	15	9	190	-29	741	8	89	23	38	13	205	-10	856	8.5	100	26	46	15	210	-4	894
4249	Beckmannia eruciformis	6.2	49	12	8	8	185	-36	702	6.6	59	15	9	190	-29	741	8	89	23	38	13	205	-10	856	8.5	100	26	46	15	210	-4	894	894
4250	Syringa josikaea	5.2	30	12	8	8	125	-7	98	5.6	44	14	15	134	0	98	7	86	23	35	19	161	19	98	7.5	100	26	42	21	170	26	98	98
4251	Aconitum plicatum	5.2	30	12	8	8	125	-7	78	5.6	44	14	15	134	0	93	7	86	23	35	19	161	19	138	7.5	100	26	42	21	170	26	153	153
4252	Dipsacus pilosus	5.2	30	12	8	8	125	-7	78	5.6	44	14	15	134	0	93	7	86	23	35	19	161	19	138	7.5	100	26	42	21	170	26	153	153
4253	Tamarix ramosissima	6.4	52	12	5	5	175	-46	34	6.7	61	13	7	184	-38	34	7.6	90	20	37	12	211	-15	34	8	100	22	46	14	220	-8	34	34
4254	Lotus tenuis	6.4	52	12	5	5	175	-46	31	6.7	61	13	7	184	-38	48	7.6	90	20	37	12	211	-15	102	8	100	22	46	14	220	-8	120	120
4255	Melilotus officinalis	6.4	52	12	5	5	175	-46	31	6.7	61	13	7	184	-38	48	7.6	90	20	37	12	211	-15	102	8	100	22	46	14	220	-8	120	120
4256	Cynanchum acutum	6.4	52	12	5	5	175	-46	31	6.7	61	13	7	184	-38	48	7.6	90	20	37	12	211	-15	102	8	100	22	46	14	220	-8	120	120
4257	Althaea officinalis	6.4	52	12	5	5	175	-46	31	6.7	61	13	7	184	-38	48	7.6	90	20	37	12	211	-15	102	8	100	22	46	14	220	-8	120	120
4258	Leucanthemum rotundifolium	4.1	15	18	12	12	90	-12	60	4.6	32	21	14	103	-5	176	6.4	83	28	50	18	142	14	524	7	100	31	60	20	155	21	640	640
4260	Ranunculus carpaticus	5	25	18	12	12	90	-3	60	5.4	40	21	16	103	1	94	6.6	85	28	50	19	142	16	199	7	100	31	60	20	155	21	233	233
4261	Aconitum toxicum	5	25	18	12	12	90	-3	41	5.4	40	21	16	103	1	161	6.6	85	28	50	19	142	16	520	7	100	31	60	20	155	21	640	640
4262	Campanula abietina	3.3	5	18	12	12	90	-7	44	4	24	21	15	105	-1	163	6.2	81	28	50	18	150	15	521	7	100	31	60	20	165	21	640	640
4263	Salix silesiaca	3.6	11	16	12	12	90	-12	163	4.2	24	18	14	104	-5	163	6.1	66	24	36	18	146	14	163	6.8	80	26	42	20	160	21	163	163
4264	Dryopteris expansa	3.6	11	16	12	12	90	-12	146	3.9	14	18	14	104	-5	187	4.8	26	24	36	18	146	14	309	5.2	30	26	42	20	160	21	350	350
4265	Soldanella hungarica	3.6	11	16	12	12	65	-12	44	3.9	14	18	14	84	-5	132	4.8	26	24	36	18	141	14	396	5.2	30	26	42	20	160	21	484	484
4266	Viola declinata	3.6	11	16	12	12	90	-12	146	3.9	14	19	18	14	104	-5	220	4.8	26	28	36	18	146	14	440	5.2	30	31	42	20	160	21	513
4267	Rhododendron myrtifolium	4	17	22	12	12	65	-12	174	4.2	19	18	14	84	-5	174	4.9	27	30	36	18	141	14	174	5.2	30	33	42	20	160	21	174	174
4268	Campanula kladniana	4.2	18	15	12	12	65	-12	44	4.8	34	18	14	91	-5	116	6.8	83	29	36	18	169	14	333	7.5	100	33	42	20	195	21	405	405
4269	Melampyrum saxosum	4.2	18	22	12	12	65	-12	44	4.4	20	18	14	84	-5	132	5	27	30	36	18	141	14	396	5.2	30	33	42	20	160	21	484	484
4270	Thymus comosus	5.2	30	12	6	6	75	-12	76	5.8	44	9	14	99	-5	228	7.8	86	21	20	18	171	14	686	8.5	100	24	24	20	195	21	839	839
4271	Helictotrichon decorum	6.2	45	12	6	6	125	-12	76	6.6	56	9	14	139	-5	228	8	89	21	20	18	181	14	686	8.5	100	24	24	20	195	21	839	839
4272	Rhamnus saxatilis tinctoria	6.2	45	12	6	6	135	-12	447	6.6	56	9	14	147	-5	447	8	89	21	20	18	183	14	447	8.5	100	24	24	20	195	21	447	447
4273	Dianthus spiculifolius	6.2	45	12	6	6	75	-12	76	6.6	56	9	14	99	-5	228	8	89	21	20	18	171	14	686	8.5	100	24	24	20	195	21	839	839
4274	Sorbus dacica	5.2	28	12	6	6	145	1	513	5.8	42	9	17	152	6	543	7.8	85	21	20	20	173	21	631	8.5	100	24	24	21	180	26	661	661
4275	Iris ruthenica	5.2	28	12	6	6	110	-3	76	5.8	42	9	16	124	2	212	7.8	85	21	20	19	166	20	621	8.5	100	24	24	21	180	26	757	757
4276	Aconitum moldavicum	5.2	28	12	6	6	145	1	146	5.8	42	9	17	152	6	183	7.8	85	21	20	20	173	21	293	8.5	100	24	24	21	180	26	330	330
4277	Melampyrum bihariense	5.2	28	12	6	6	145	1	28	5.8	42	9	17	152	6	67	7.8	85	21	20	20	173	21	182	8.5	100	24	24	21	180	26	220	330
4278	Aquilegia subscaposa	5.2	28	12	6	6	145	1	146	5.8	42	9	17	152	6	183	7.8	85	21	20	20	173	21	293	8.5	100	24	24	21	180	26	330	330
4279	Viola joói	5.2	28	12	6	6	105	-12	146	5.8	42	14	9	14	122	-4	284	7.8	85	21	20	19	173	18	700	8.5	100	24	24	21	190	26	839
4280	Asperula capitata	6.2	45	12	6	6	75	-12	105	6.6	56	9	14	99	-6	252	8	89	21	20	17	171	11	692	8.5	100	24	24	19	195	17	839	839
4281	Alyssum repens	6.2	45	12	6	6	75	-12	225	6.6	56	9	14	99	-5	348	8	89	21	20	18	171	14	716	8.5	100	24	24	20	195	21	839	839
4282	Saponaria bellidifolia	6.2	45	12	6	6	125	-12	340	6.6	56	9	14	139	-6	440	8	89	21	20	17	181	11	739	8.5	100	24	24	19	195	17	839	839
4283	Pedicularis comosa campestris	6.2	45	12	6	6	125	-12	340	6.6	56	9	14	139	-6	440	8	89	21	20	17	181	11	739	8.5	100	24	24	19	195	17	839	839
4284	Festuca xanthina	6.2	45	12	6	6	105	-12	105	6.6	56	9	14	123	-6	252	8	89	21	20	17	177	11	692	8.5	100	24	24	19	195	17	839	839
4285	Saxifraga marginata	6.2	45	12	6	6	105	-12	373	6.6	56	9	14	123	-5	467	8	89	21	20	18	177	14	746	8.5	100	24	24	20	195	21	839	839
4286	Edraianthus graminifolius	6.2	45	12	6	6	125	-12	422	6.6	56	9	14	139	-6	505	8	89	21	20	17	181	11	756	8.5	100	24	24	19	195	17	839	839
4287	Conioselinum tataricum	6.2	45	12	6	6	125	-12	422	6.6	56	9	14	139	-6	505	8	89	21	20	17	181	11	756	8.5	100	24	24	19	195	17	839	839
4288	Seseli gracile	6.2	45	12	6	6	105	-12	105	6.6	56	9	14	123	-5	252	8	89	21	20	18	177	14	692	8.5	100	24	24	20	195	21	839	839
4289	Scorzonera rosea	3.6	11	16	12	12	90	-12	270	4.2	24	18	14	106	-5	319	6	66	24	36	18	154	14	465	6.7	80	26	42	20	170	21	513	513
4290	Alchemilla flabellata	3.6	11	16	12	12	90	-12	270	3.8	13	18	14	106	-5	319	4.4	22	24	36	18	154	14	465	4.6	25	26	42	20	170	21	513	513
4291	Carex melanostachya	5.2	30	12	8	8	185	-36	702	5.6	44	15	9	190	-29	741	7	86	23	38	13	205	-10	856	7.5	100	26	46	15	210	-4	894	894
4292	Ranunculus sardous	5.2	30	12	8	8	185	-36	702	5.6	44	15	9	190	-29	741	7	86	23	38	13	205	-10	856	7.5	100	26	46	15	210	-4	894	894
4293	Ranunculus lateriflorus	5.2	30	12	8	8	185	-36	702	5.6	44	15	9	190	-29	741	7	86	23	38	13	205	-10	856	7.5	100	26	46	15	210	-4	894	894
4294	Rorippa sylvestris kerneri 	5.2	30	12	8	8	185	-36	702	5.6	44	15	9	190	-29	741	7	86	23	38	13	205	-10	856	7.5	100	26	46	15	210	-4	894	894
4295	Lepidium latifolium	5.2	30	12	8	8	185	-46	702	5.6	44	15	7	190	-37	744	7	86	23	38	13	205	-12	868	7.5	100	26	46	15	210	-4	910	910
4296	Plantago cornuti	5.2	30	12	8	8	175	-36	645	5.6	44	15	9	182	-29	696	7	86	23	38	13	203	-10	847	7.5	100	26	46	15	210	-4	897	897
4297	Scorzonera parviflora	5.2	30	12	8	8	175	-36	645	5.6	44	15	9	182	-29	696	7	86	23	38	13	203	-10	847	7.5	100	26	46	15	210	-4	897	897
4298	Cyperus pannonicus	5.2	30	12	8	8	175	-36	645	5.6	44	15	9	182	-29	696	7	86	23	38	13	203	-10	847	7.5	100	26	46	15	210	-4	897	897
4299	Crypsis aculeata	5.2	30	12	8	8	175	-36	645	5.6	44	15	9	182	-29	696	7	86	23	38	13	203	-10	847	7.5	100	26	46	15	210	-4	897	897
4300	Salix repens rosmarinifolia	5.4	32	16	4	4	115	-46	424	5.8	45	14	8	134	-34	424	7	86	24	44	15	191	0	424	7.5	100	26	55	18	210	12	424	424
4301	Chrysopogon gryllus	5.4	32	16	4	4	175	-46	643	5.8	45	7	7	184	-38	693	7	86	24	16	12	211	-15	841	7.5	100	26	19	14	220	-8	891	891
4302	Erysimum canum	5.4	32	16	4	4	175	-46	694	5.8	45	6	7	184	-40	733	7	86	24	15	10	211	-23	851	7.5	100	26	18	12	220	-18	891	891
4303	Gypsophila paniculata	5.4	32	16	4	4	175	-46	694	5.8	45	6	7	184	-40	733	7	86	24	15	10	211	-23	851	7.5	100	26	18	12	220	-18	891	891
4304	Asperula setulosa	5.4	32	12	4	4	175	-46	694	5.8	45	6	7	184	-40	737	7	86	23	15	10	211	-23	867	7.5	100	26	18	12	220	-18	910	910
4305	Tragopogon floccosus	5.4	32	12	4	4	175	-46	694	5.9	45	6	7	184	-40	737	7.4	86	23	15	10	211	-23	867	8	100	26	18	12	220	-18	910	910
4306	Secale sylvestre	5.4	32	12	4	4	175	-46	694	5.8	45	6	7	184	-38	733	7	86	23	15	12	211	-15	882	7.5	100	26	18	14	220	-8	910	910
4307	Festuca beckeri	5.4	32	12	4	4	175	-46	694	5.8	45	6	7	184	-40	737	7	86	23	15	10	211	-23	867	7.5	100	26	18	12	220	-18	910	910
4308	Sabulina viscosa	5.4	32	16	4	4	175	-46	644	5.8	45	6	7	184	-38	693	7	86	24	15	12	211	-15	841	7.5	100	26	18	14	220	-8	891	891
4309	Viola kitaibeliana	5.4	32	16	4	4	175	-46	694	5.8	45	18	6	7	184	-40	733	7	86	24	15	10	211	-23	851	7.5	100	26	18	12	220	-18	891
4310	Nymphaea lotus	6.5	56	10	100	100	175	-27	668	6.9	64	100	11	184	-22	683	8.1	91	16	100	14	211	-8	726	8.5	100	18	100	15	220	-4	740	740
4311	Silene nivalis	3	3	15	4	4	80	-12	122	3.4	8	10	14	95	-7	193	4.6	23	51	31	17	140	7	405	5	28	60	38	18	155	12	475	475
4312	Festuca ovina supina	4.1	16	15	4	4	80	-12	263	4.4	21	10	14	95	-6	307	5.6	39	27	31	17	140	11	440	6	45	31	38	19	155	17	484	484
4313	Potentilla aurea chrysocraspeda	4.2	18	15	4	4	80	-12	276	4.5	23	10	14	95	-7	318	5.6	39	27	31	17	140	7	443	6	45	31	38	18	155	12	484	484
4314	Phleum montanum	4.9	27	15	4	4	165	-31	192	5.3	41	7	11	172	-20	224	6.7	85	23	18	17	193	10	323	7.2	100	26	22	20	200	21	356	356
4315	Carduus candicans	4.9	27	15	4	4	165	-31	192	5.3	41	7	11	172	-20	224	6.7	85	23	18	17	193	10	323	7.2	100	26	22	20	200	21	356	356
4316	Potentilla thuringiaca	4.9	27	15	4	4	75	-31	192	5.4	41	7	11	100	-20	234	6.9	85	23	18	17	175	10	362	7.5	100	26	22	20	200	21	405	405
4317	Dianthus armeri	4.9	27	15	4	4	145	-12	253	5.3	41	9	14	155	-4	369	6.7	85	23	26	19	185	18	717	7.2	100	26	32	21	195	26	833	833
4318	Satureja kitaibelii	6.2	45	12	6	6	145	-3	130	6.6	56	9	16	155	1	164	8	89	21	20	19	185	16	269	8.5	100	24	24	20	195	21	303	303
4319	Galium erectum	5.8	37	12	6	6	125	-3	130	6.3	49	9	16	139	1	233	7.9	87	23	20	19	181	16	543	8.5	100	26	24	20	195	21	646	646
4320	Cotoneaster nebrodensis	6.2	45	12	6	6	145	-3	325	6.6	56	9	16	155	1	325	8	89	21	20	19	185	16	325	8.5	100	24	24	20	195	21	325	325
4321	Erysimum comatum	6.2	45	12	6	6	145	-3	130	6.6	56	9	16	155	1	255	8	89	21	20	19	185	16	630	8.5	100	24	24	20	195	21	756	756
4322	Fritillaria montana	6.2	45	12	6	6	145	-3	130	6.4	56	9	16	155	1	164	7.2	89	21	20	19	185	16	269	7.5	100	24	24	20	195	21	303	303
4323	Sorbus borbasii	6.2	45	12	6	6	145	-3	542	6.4	56	9	16	158	1	585	7.2	89	21	20	19	197	16	716	7.5	100	24	24	20	210	21	759	759
4324	Bothriochloa ischaemum	6.2	45	12	6	6	185	-36	132	6.6	56	9	10	198	-23	272	8	89	21	20	18	237	13	693	8.5	100	24	24	21	250	26	833	833
4325	Teucrium polium	6.2	45	12	6	6	170	-36	132	6.6	56	9	10	180	-24	257	8	89	21	20	17	210	9	632	8.5	100	24	24	20	220	21	757	757
4326	Asphodeline lutea	6.2	45	12	6	6	185	-36	132	6.4	56	9	9	190	-29	169	7.2	89	21	20	13	205	-10	279	7.5	100	24	24	15	210	-4	316	316
4327	Genista sessilifolia	6.2	45	12	6	6	185	-36	662	6.6	56	9	9	190	-29	662	8	89	21	20	13	205	-10	662	8.5	100	24	24	15	210	-4	662	662
4328	Opopanax chironium	6.2	45	12	6	6	185	-36	0	6.6	56	9	9	190	-29	0	8	89	21	20	13	205	-10	0	8.5	100	24	24	15	210	-4	0	0
4329	Ononis pusilla	6.2	45	12	6	6	185	-36	132	6.6	56	9	9	190	-29	169	8	89	21	20	13	205	-10	279	8.5	100	24	24	15	210	-4	316	316
4330	Carex depressa	4.2	18	12	6	6	185	-36	132	4.7	34	9	9	190	-29	169	6.4	83	21	20	13	205	-10	279	7	100	24	24	15	210	-4	316	316
4331	Dracocephalum austriacum	6.2	45	12	6	6	115	-3	340	6.6	56	9	16	125	1	378	8	89	21	20	19	155	16	494	8.5	100	24	24	20	165	21	532	532
4332	Erysimum witmannii	6.2	45	12	6	6	105	-3	291	6.6	56	9	16	117	1	346	8	89	21	20	19	153	16	513	8.5	100	24	24	20	165	21	569	569
4333	Centaurea reichenbachii	6.2	45	12	6	6	115	-3	340	6.6	56	9	16	125	1	378	8	89	21	20	19	155	16	494	8.5	100	24	24	20	165	21	532	532
4334	Carduus defloratus glaucus	6.2	45	12	6	6	105	-3	76	6.6	56	9	16	117	1	174	8	89	21	20	19	153	16	470	8.5	100	24	24	20	165	21	569	569
4335	Cyanus pinnatifidus	6.2	45	12	6	6	75	-12	225	6.6	56	9	14	93	-5	294	8	89	21	20	18	147	14	500	8.5	100	24	24	20	165	21	569	569
4336	Jurinea transylvanica	5.7	35	12	6	6	165	-27	598	6.2	48	9	11	176	-19	617	7.9	87	21	20	16	209	4	674	8.5	100	24	24	18	220	12	694	694
4337	Danthonia alpina	5.2	30	12	8	8	165	-27	598	5.6	44	14	11	176	-19	617	7	86	23	35	16	209	4	674	7.5	100	26	42	18	220	12	694	694
4338	Pontechium maculatum	5.7	35	12	6	6	165	-27	598	6.2	48	9	11	176	-19	617	7.9	87	21	20	16	209	4	674	8.5	100	24	24	18	220	12	694	694
4339	Dorycnium pentaphyllum herbaceum	5.2	30	12	11	11	165	-36	571	5.8	44	13	10	173	-24	623	7.8	86	21	21	17	197	9	781	8.5	100	24	24	20	205	21	833	833
4340	Lathyrus nissolia	5.2	30	12	11	11	165	-36	571	5.6	44	16	10	175	-24	607	7	86	21	32	17	205	9	717	7.5	100	24	38	20	215	21	754	754
4341	Artemisia austriaca	6.2	45	12	11	11	165	-36	571	6.6	56	13	10	176	-24	608	8	89	21	21	17	209	9	720	8.5	100	24	24	20	220	21	757	757
4342	Prunella laciniata	6.2	45	12	6	6	165	-36	571	6.6	56	9	10	182	-23	607	8	89	21	20	18	233	13	717	8.5	100	24	24	21	250	26	754	754
4343	Alyssum turkestanicum	6.2	45	12	11	11	165	-36	571	6.6	56	13	10	173	-24	608	8	89	21	21	17	197	9	720	8.5	100	24	24	20	205	21	757	757
4344	Salvia nemorosa	6.2	45	12	11	11	165	-36	571	6.6	56	13	10	173	-24	607	8	89	21	21	17	197	9	717	8.5	100	24	24	20	205	21	754	754
4345	Salvia nutans	6.2	45	12	11	11	165	-36	571	6.6	56	13	10	176	-24	608	8	89	21	21	17	209	9	718	8.5	100	24	24	20	220	21	755	755
4346	Medicago orbicularis	6.2	45	12	11	11	165	-36	571	6.6	56	13	10	173	-24	607	8	89	21	21	17	197	9	717	8.5	100	24	24	20	205	21	754	757
4347	Medicago rigidula	6.2	45	12	11	11	165	-36	953	6.6	56	13	10	173	-24	1061	8	89	21	21	17	197	9	1386	8.5	100	24	24	20	205	21	1495	754
4348	Potentilla emilii-popii	6.2	45	12	11	11	165	-36	571	6.6	56	13	10	173	-24	607	8	89	21	21	17	197	9	717	8.5	100	24	24	20	205	21	754	754
4349	Sesleria filifolia	6.4	52	12	6	6	165	-3	638	6.8	61	9	16	173	1	662	8	90	21	20	19	197	16	732	8.5	100	24	24	20	205	21	756	756
4350	Campanula crassipes	6.4	52	12	6	6	165	-3	638	6.8	61	9	16	173	1	662	8	90	21	20	19	197	16	732	8.5	100	24	24	20	205	21	756	756
4351	Aurinia petraea	6.4	52	12	6	6	165	-3	638	6.8	61	9	16	173	1	662	8	90	21	20	19	197	16	732	8.5	100	24	24	20	205	21	756	756
4352	Draba lasiocarpa	6.4	52	12	6	6	165	-3	373	6.8	61	9	16	173	1	450	8	90	21	20	19	197	16	679	8.5	100	24	24	20	205	21	756	756
4353	Cerastium banaticum	6.4	52	12	6	6	165	-3	638	6.8	61	9	16	173	1	662	8	90	21	20	19	197	16	732	8.5	100	24	24	20	205	21	756	756
4354	Cephalaria laevigata	6.4	52	12	6	6	165	-3	638	6.8	61	9	16	173	1	662	8	90	21	20	19	197	16	732	8.5	100	24	24	20	205	21	756	756
4355	Sempervivum marmoreum	6.4	52	12	6	6	165	-3	638	6.8	61	9	16	173	1	662	8	90	21	20	19	197	16	732	8.5	100	24	24	20	205	21	756	756
4356	Veronica orchidea	5.7	35	12	6	6	175	-22	692	6.2	48	14	9	12	181	-15	720	7.9	87	21	20	16	199	5	805	8.5	100	24	24	18	205	12	833
4357	Thymus pulegioides pannonicus	5.7	35	12	6	6	175	-22	692	6.2	48	9	12	181	-15	720	7.9	87	21	20	16	199	5	805	8.5	100	24	24	18	205	12	833	833
4358	Tulipa hungarica	5.7	35	12	6	6	175	-22	692	6.2	48	9	12	181	-15	720	7.9	87	21	20	16	199	5	805	8.5	100	24	24	18	205	12	833	833
4359	Lathyrus sphaericus	5.5	27	12	6	6	175	-22	692	5.9	41	9	12	181	-15	720	7.1	85	21	20	16	199	5	805	7.5	100	24	24	18	205	12	833	833
4360	Ornithogalum comosum	5.7	35	12	6	6	175	-22	692	6.2	48	9	12	181	-15	720	7.9	87	21	20	16	199	5	805	8.5	100	24	24	18	205	12	833	833
4361	Linum austriacum	5.7	35	12	6	6	175	-22	692	6.2	48	9	12	181	-15	720	7.9	87	21	20	16	199	5	805	8.5	100	24	24	18	205	12	833	833
4362	Polygala major	5.7	35	12	6	6	175	-22	692	6.1	48	9	12	181	-15	720	7.5	87	21	20	16	199	5	805	8	100	24	24	18	205	12	833	833
4363	Agropyron cristatum	5.5	27	12	6	6	175	-36	638	5.9	41	9	10	184	-24	662	7.1	85	21	20	17	211	9	733	7.5	100	24	24	20	220	21	757	757
4364	Astragalus ponticus	5.5	27	12	6	6	175	-36	638	5.9	41	9	10	181	-24	662	7.1	85	21	20	17	199	9	733	7.5	100	24	24	20	205	21	757	757
4365	Seseli tortuosum	5.5	27	12	6	6	175	-36	638	5.9	41	9	10	181	-24	662	7.1	85	21	20	17	199	9	733	7.5	100	24	24	20	205	21	757	757
4366	Phlomis herba-venti pungens	5.5	27	12	6	6	175	-36	638	5.9	41	9	10	181	-24	662	7.1	85	21	20	17	199	9	733	7.5	100	24	24	20	205	21	757	757
4367	Centaurea arenaria	5.5	27	12	6	6	175	-46	638	5.9	41	9	8	181	-32	692	7.1	85	21	20	17	199	7	855	7.5	100	24	24	20	205	21	910	910
4368	Centaurea jurineifolia	5.5	27	12	6	6	175	-36	638	5.9	41	9	10	184	-24	662	7.1	85	21	20	17	211	9	733	7.5	100	24	24	20	220	21	757	757
4369	Dianthus pallens	5.5	27	12	6	6	175	-36	638	5.9	41	9	10	181	-24	662	7.1	85	21	20	17	199	9	733	7.5	100	24	24	20	205	21	757	757
4370	Salvia aethiopis	5.5	27	12	6	6	175	-36	638	5.9	41	9	10	181	-24	662	7.1	85	21	20	17	199	9	733	7.5	100	24	24	20	205	21	757	757
4371	Cyanus napulifer	5.5	27	12	6	6	175	-36	638	5.9	41	9	10	181	-24	662	7.1	85	21	20	17	199	9	733	7.5	100	24	24	20	205	21	757	757
4372	Ranunculus illyricus	5.5	27	12	6	6	175	-36	638	5.9	41	9	9	184	-30	662	7.1	85	21	20	12	211	-13	733	7.5	100	24	24	14	220	-8	757	757
4373	Daucus guttatus	5.5	27	12	6	6	175	-36	644	5.9	41	9	9	184	-30	666	7.1	85	21	20	12	211	-13	733	7.5	100	24	24	14	220	-8	755	755
4374	Galium humifusum	5.5	27	12	6	6	175	-36	644	5.9	41	9	9	184	-30	666	7.1	85	21	20	12	211	-13	733	7.5	100	24	24	14	220	-8	755	755
4375	Stipa lessingiana	5.5	27	12	6	6	175	-36	644	5.9	41	9	9	184	-30	666	7.1	85	21	20	12	211	-13	733	7.5	100	24	24	14	220	-8	755	755
4376	Medicago monspeliaca	5.5	27	12	6	6	175	-36	638	5.9	41	9	9	184	-30	662	7.1	85	21	20	12	211	-13	733	7.5	100	24	24	14	220	-8	757	755
4377	Thymus zygioides	5.5	27	12	6	6	175	-36	643	5.9	41	9	9	184	-30	666	7.1	85	21	20	12	211	-13	733	7.5	100	24	24	14	220	-8	755	755
4378	Ceratocarpus arenarius	5.5	27	12	6	6	175	-36	644	5.9	41	9	9	184	-30	666	7.1	85	21	20	12	211	-13	733	7.5	100	24	24	14	220	-8	755	755
4379	Veronica austriaca jacquinii	5.5	27	12	6	6	175	-36	644	5.9	41	14	9	9	184	-30	666	7.1	85	21	20	12	211	-13	733	7.5	100	24	24	14	220	-8	755
4380	Bassia prostrata	5.5	27	12	6	6	175	-36	644	5.9	41	9	9	184	-30	666	7.1	85	21	20	12	211	-13	733	7.5	100	24	24	14	220	-8	755	755
4381	Festuca callieri	4.7	25	12	6	6	175	-36	643	5.2	40	9	9	181	-30	665	6.9	85	21	20	12	199	-13	728	7.5	100	24	24	14	205	-8	749	749
4382	Potentilla bornmuelleri	4.7	25	12	6	6	175	-36	643	5.2	40	9	9	181	-30	665	6.9	85	21	20	12	199	-13	728	7.5	100	24	24	14	205	-8	749	749
4383	Achillea ochroleuca	5.4	32	12	6	6	175	-46	643	6	45	9	7	181	-38	697	7.8	86	21	20	12	199	-15	857	8.5	100	24	24	14	205	-8	910	910
4384	Allium saxatile	4.7	25	12	6	6	175	-36	643	5.2	40	9	9	181	-30	665	6.9	85	21	20	12	199	-13	728	7.5	100	24	24	14	205	-8	749	749
4385	Minuartia glomerata	4.7	25	12	6	6	175	-36	643	5.2	40	9	9	181	-30	665	6.9	85	21	20	12	199	-13	728	7.5	100	24	24	14	205	-8	749	749
4386	Dianthus nardiformis	5.4	32	12	6	6	175	-36	643	6	45	9	9	181	-30	665	7.8	86	21	20	12	199	-13	728	8.5	100	24	24	14	205	-8	749	749
4387	Psilurus incurvus	4.7	25	12	6	6	175	-36	643	5.1	40	9	9	181	-30	665	6.5	85	21	20	12	199	-13	728	7	100	24	24	14	205	-8	749	749
4388	Muscari racemosum	5.4	32	12	6	6	175	-36	643	6	45	9	9	181	-30	665	7.8	86	21	20	12	199	-13	728	8.5	100	24	24	14	205	-8	749	749
4389	Herniaria glabra	4.7	25	12	6	6	175	-36	643	5.2	40	9	9	181	-30	665	6.9	85	21	20	12	199	-13	728	7.5	100	24	24	14	205	-8	749	749
4390	Cruciata pedemontana	4.7	25	12	6	6	175	-36	643	5.1	40	9	9	181	-30	665	6.5	85	21	20	12	199	-13	728	7	100	24	24	14	205	-8	749	749
4391	Sedum urvillei	5.4	32	12	6	6	175	-36	643	6	45	9	9	181	-30	665	7.8	86	21	20	12	199	-13	728	8.5	100	24	24	14	205	-8	749	749
4392	Ornithogalum amphibolum	4.7	25	12	6	6	175	-36	643	5.2	40	9	9	181	-30	665	6.9	85	21	20	12	199	-13	728	7.5	100	24	24	14	205	-8	749	749
4393	Sempervivum zeleborii	4.7	25	12	6	6	135	-36	436	5.2	40	9	10	149	-26	499	6.9	85	23	20	16	191	2	686	7.5	100	26	24	18	205	12	749	749
4394	Pseudopodospermum molle	5.4	32	12	6	6	175	-36	643	6	45	9	9	181	-30	665	7.8	86	21	20	12	199	-13	728	8.5	100	24	24	14	205	-8	749	749
4395	Koeleria lobata	5.4	32	12	6	6	175	-36	643	6	45	9	9	181	-30	654	7.8	86	21	20	12	199	-13	685	8.5	100	24	24	14	205	-8	696	696
4396	Agropyron cristatum brandzae	5.4	32	12	6	6	175	-36	643	6	45	9	9	181	-30	654	7.8	86	21	20	12	199	-13	685	8.5	100	24	24	14	205	-8	696	696
4397	Euphorbia nicaeensis glareosa	4.7	25	12	6	6	175	-36	643	5.2	40	9	9	181	-30	654	6.9	85	21	20	12	199	-13	685	7.5	100	24	24	14	205	-8	696	696
4398	Dianthus pseudarmeria	4.7	25	12	6	6	175	-36	643	5.2	40	9	9	181	-30	654	6.9	85	21	20	12	199	-13	685	7.5	100	24	24	14	205	-8	696	696
4399	Pimpinella tragium lithophila	4.7	25	12	6	6	175	-36	643	5.2	40	9	9	181	-30	654	6.9	85	21	20	12	199	-13	685	7.5	100	24	24	14	205	-8	696	696
4400	Satureja coerulea	4.7	25	12	6	6	175	-36	643	5.2	40	9	9	181	-30	654	6.9	85	21	20	12	199	-13	685	7.5	100	24	24	14	205	-8	696	696
4401	Euphorbia myrsinites	4.7	25	12	6	6	175	-36	643	5.2	40	9	9	181	-30	654	6.9	85	21	20	12	199	-13	685	7.5	100	24	24	14	205	-8	696	696
4402	Campanula romanica	4.7	25	12	6	6	175	-36	643	5.2	40	9	9	181	-30	654	6.9	85	21	20	12	199	-13	685	7.5	100	24	24	14	205	-8	696	696
4403	Bupleurum apiculatum	4.7	25	12	6	6	175	-36	643	5.2	40	9	9	181	-30	654	6.9	85	21	20	12	199	-13	685	7.5	100	24	24	14	205	-8	696	696
4404	Bufonia tenuifolia	4.7	25	12	6	6	175	-36	643	5.2	40	9	9	181	-30	654	6.9	85	21	20	12	199	-13	685	7.5	100	24	24	14	205	-8	696	696
4405	Gypsophila glomerata	4.7	25	12	6	6	175	-36	643	5.2	40	9	9	181	-30	654	6.9	85	21	20	12	199	-13	685	7.5	100	24	24	14	205	-8	696	696
4406	Achillea leptophylla	4.7	25	12	6	6	175	-36	643	5.2	40	9	9	181	-30	654	6.9	85	21	20	12	199	-13	685	7.5	100	24	24	14	205	-8	696	696
4407	Moehringia jankae	4.7	25	12	6	6	175	-36	643	5.2	40	9	9	181	-30	654	6.9	85	21	20	12	199	-13	685	7.5	100	24	24	14	205	-8	696	696
4408	Moehringia grisebachii	4.7	25	12	6	6	175	-36	643	5.2	40	9	9	181	-30	654	6.9	85	21	20	12	199	-13	685	7.5	100	24	24	14	205	-8	696	696
4409	Paronychia cephalotes	5.4	32	12	6	6	175	-36	643	6	45	9	9	181	-30	654	7.8	86	21	20	12	199	-13	685	8.5	100	24	24	14	205	-8	696	696
4410	Scutellaria pinnatifida	4.7	25	12	6	6	175	-36	0	5.2	40	9	9	181	-30	0	6.9	85	21	20	12	199	-13	0	7.5	100	24	24	14	205	-8	0	0
4411	Crocus chrysanthus	4.7	25	12	6	6	175	-36	643	5.2	40	9	9	181	-30	654	6.9	85	21	20	12	199	-13	685	7.5	100	24	24	14	205	-8	696	696
4412	Minuartia adenotricha	4.7	25	12	6	6	175	-36	643	5.2	40	9	9	181	-30	654	6.9	85	21	20	12	199	-13	685	7.5	100	24	24	14	205	-8	696	696
4413	Festuca glacialis	4.2	18	15	4	4	80	-12	0	4.8	34	10	14	95	-7	0	6.9	83	27	31	17	140	7	0	7.6	100	31	38	18	155	12	0	0
4414	Festuca versicolor	4.2	18	15	4	4	75	-12	225	4.8	34	10	14	91	-7	277	6.9	83	27	31	17	139	7	432	7.6	100	31	38	18	155	12	484	484
4415	Pedicularis verticillata	4.2	18	15	4	4	75	-12	261	4.8	34	10	14	91	-7	305	6.9	83	27	31	17	139	7	439	7.6	100	31	38	18	155	12	484	484
4416	Oxytropis carpatica	4.2	18	15	4	4	80	-12	263	4.7	34	10	14	95	-7	307	6.4	83	27	31	17	140	7	440	7	100	31	38	18	155	12	484	484
4417	Achillea oxyloba schurii	4.2	18	15	4	4	75	-12	222	4.8	34	10	14	91	-7	274	6.9	83	27	31	17	139	7	432	7.6	100	31	38	18	155	12	484	484
4418	Cerastium alpinum	4.2	18	15	4	4	75	-12	263	4.8	34	10	14	91	-7	307	6.9	83	27	31	17	139	7	440	7.6	100	31	38	18	155	12	484	484
4419	Dianthus glacialis	4.2	18	15	4	4	80	-12	222	4.5	23	10	14	95	-7	274	5.6	39	27	31	17	140	7	432	6	45	31	38	18	155	12	484	484
4420	Oxytropis halleri	4.2	18	15	4	4	80	-12	263	4.7	34	10	14	95	-7	307	6.4	83	27	31	17	140	7	440	7	100	31	38	18	155	12	484	484
4421	Potentilla crantzii	4.2	18	15	4	4	75	-12	263	4.8	34	10	14	91	-7	307	6.9	83	27	31	17	139	7	440	7.6	100	31	38	18	155	12	484	484
4422	Carex rupestris	4.2	18	15	4	4	80	-12	263	4.7	34	10	14	95	-7	307	6.4	83	27	31	17	140	7	440	7	100	31	38	18	155	12	484	484
4423	Astragalus alpinus	4.2	18	15	4	4	80	-12	263	4.7	34	10	14	95	-7	307	6.4	83	27	31	17	140	7	440	7	100	31	38	18	155	12	484	484
4424	Gentiana nivalis	4.2	18	15	4	4	80	-12	263	4.8	34	10	14	95	-7	307	6.8	83	27	31	17	140	7	440	7.5	100	31	38	18	155	12	484	484
4425	Leontopodium nivale alpinum	4.2	18	15	4	4	80	-12	263	5	34	10	14	95	-7	307	7.6	83	27	31	17	140	7	440	8.5	100	31	38	18	155	12	484	484
4426	Euphrasia salisburgensis	4.2	18	15	4	4	75	-12	263	4.8	34	10	14	91	-7	307	6.9	83	27	31	17	139	7	440	7.6	100	31	38	18	155	12	484	484
4427	Festuca airoides	4.1	16	15	4	4	90	-3	331	4.4	21	10	15	100	1	354	5.6	39	27	31	18	130	13	424	6	45	31	38	19	140	17	447	447
4428	Phyteuma confusum	4.1	16	15	4	4	90	-3	331	4.4	21	10	15	100	1	354	5.6	39	27	31	18	130	13	424	6	45	31	38	19	140	17	447	447
4429	Campanula alpina	4.1	16	15	4	4	90	-3	331	4.4	21	10	15	100	1	354	5.6	39	27	31	18	130	13	424	6	45	31	38	19	140	17	447	447
4430	Luzula spicata	4.1	16	15	4	4	90	-12	222	4.7	32	10	14	100	-6	267	6.8	83	27	31	17	130	11	402	7.5	100	31	38	19	140	17	447	447
4431	Cerastium transsilvanicum	6.4	52	12	6	6	75	-12	225	6.8	61	9	14	89	-6	275	8	90	21	20	17	131	11	422	8.5	100	24	24	19	145	17	472	472
4432	Bupleurum falcatum cernuum	6.4	52	12	6	6	75	-7	263	6.8	61	9	15	85	-2	285	8	90	21	20	18	115	12	352	8.5	100	24	24	19	125	17	375	375
4433	Carduus kerneri	6.4	52	12	6	6	75	-12	225	6.8	61	9	14	89	-6	275	8	90	21	20	17	131	11	422	8.5	100	24	24	19	145	17	472	472
4434	Androsace lactea	6.4	52	12	6	6	75	-7	263	6.8	61	9	15	85	-2	291	8	90	21	20	18	115	12	376	8.5	100	24	24	19	125	17	405	405
4435	Sesleria coerulans	4.1	16	12	6	6	75	-12	225	4.7	32	9	14	89	-6	275	6.8	83	27	20	17	131	11	422	7.5	100	31	24	19	145	17	472	472
4436	Helianthemum nummularium tomentosum	6.4	52	12	6	6	75	-12	225	6.8	61	9	14	85	-6	261	8	90	21	20	17	115	11	369	8.5	100	24	24	19	125	17	405	405
4437	Festuca stricta saxatilis	6.4	52	12	6	6	75	-12	225	6.8	61	9	14	89	-6	275	8	90	21	20	17	131	11	422	8.5	100	24	24	19	145	17	472	472
4438	Gypsophila petraea	6.4	52	12	6	6	75	-7	263	6.8	61	9	15	85	-2	291	8	90	21	20	18	115	12	376	8.5	100	24	24	19	125	17	405	405
4439	Dianthus callizonus	6.4	52	12	6	6	75	-7	263	6.8	61	9	15	85	-2	285	8	90	21	20	18	115	12	352	8.5	100	24	24	19	125	17	375	375
4440	Eritrichium nanum jankae	4.1	16	12	6	6	75	-7	291	4.7	32	9	15	88	-2	314	6.8	83	21	20	18	127	12	382	7.5	100	24	24	19	140	17	405	405
4441	Linum extraaxillare	6.4	52	12	6	6	75	-12	225	6.8	61	9	14	89	-6	275	8	90	21	20	17	131	11	422	8.5	100	24	24	19	145	17	472	472
4442	Onobrychis montana montana	6.4	52	12	6	6	75	-12	225	6.8	61	9	14	85	-6	261	8	90	21	20	17	115	11	369	8.5	100	24	24	19	125	17	405	405
4443	Noccaea dacica	6.4	52	12	6	6	75	-12	225	6.8	61	9	14	85	-6	268	8	90	23	20	17	115	11	395	8.5	100	26	24	19	125	17	437	437
4444	Thesium kernerianum	6.4	52	12	6	6	75	-7	263	6.8	61	9	15	85	-2	285	8	90	21	20	18	115	12	352	8.5	100	24	24	19	125	17	375	375
4445	Primula elatior elatior	5.7	36	12	6	6	75	-12	225	6.1	48	9	14	89	-6	275	7.5	87	21	20	17	131	11	422	8	100	24	24	19	145	17	472	472
4446	Centaurea kotschyana	5.7	36	12	6	6	75	-12	225	6.1	48	9	14	89	-6	275	7.5	87	21	20	17	131	11	422	8	100	24	24	19	145	17	472	472
4447	Poa rehmannii 	5.7	36	12	6	6	75	-12	225	6.1	48	9	14	89	-6	275	7.5	87	21	20	17	131	11	422	8	100	24	24	19	145	17	472	472
4448	Tozzia alpina carpathica	4.1	16	15	4	4	75	-12	270	4.3	18	10	14	89	-6	311	4.9	27	27	31	17	131	11	434	5.2	30	31	38	19	145	17	475	475
4449	Gymnadenia rubra	4.1	16	15	4	4	75	-12	270	4.3	18	10	14	89	-6	311	4.9	27	27	31	17	131	11	434	5.2	30	31	38	19	145	17	475	475
4450	Scorzoneroides crocea	4.2	17	12	6	6	95	-12	270	4.7	33	9	14	102	-6	311	6.4	83	27	20	17	123	11	434	7	100	31	24	19	130	17	475	475
4451	Cerastium fontanum vulgare	4.2	17	12	6	6	95	-7	362	4.7	33	9	15	102	-2	377	6.4	83	23	20	18	123	12	422	7	100	26	24	19	130	17	437	437
4452	Arabidopsis halleri ovirensis	4.2	17	12	6	6	95	-7	362	4.7	33	9	15	102	-2	377	6.4	83	23	20	18	123	12	422	7	100	26	24	19	130	17	437	437
4453	Alchemilla obtusa	4.2	17	12	6	6	95	-7	362	4.7	33	9	15	102	-2	377	6.4	83	23	20	18	123	12	422	7	100	26	24	19	130	17	437	437
4454	Achillea distans stricta	4.2	17	12	12	12	95	-7	255	4.7	33	17	15	105	-2	332	6.4	83	23	35	18	135	12	563	7	100	26	41	19	145	17	640	640
4455	Alchemilla xanthochlora	4.2	17	12	6	6	95	-7	362	4.7	33	9	15	102	-2	377	6.4	83	23	20	18	123	12	422	7	100	26	24	19	130	17	437	437
4456	Leucopoa carpatica	6.2	45	12	6	6	90	-7	261	6.6	56	9	15	102	-2	303	8	89	21	20	18	138	12	430	8.5	100	24	24	19	150	17	472	472
4457	Trisetum fuscum	6.2	45	12	6	6	90	-7	261	6.6	56	9	15	102	-2	303	8	89	21	20	18	138	12	430	8.5	100	24	24	19	150	17	472	472
4458	Hedysarum hedysaroides	6.2	45	12	6	6	90	-7	261	6.6	56	9	15	102	-2	303	8	89	21	20	18	138	12	430	8.5	100	24	24	19	150	17	472	472
4459	Ranunculus thora	6.2	45	12	6	6	90	-7	261	6.6	56	9	15	102	-2	303	8	89	21	20	18	138	12	430	8.5	100	24	24	19	150	17	472	472
4460	Astragalus frigidus	6.2	45	12	6	6	90	-7	261	6.6	56	9	15	102	-2	303	8	89	21	20	18	138	12	430	8.5	100	24	24	19	150	17	472	472
4461	Saussurea discolor	6.2	45	12	6	6	90	-7	261	6.6	56	9	15	102	-2	303	8	89	21	20	18	138	12	430	8.5	100	24	24	19	150	17	472	472
4462	Thymus pulcherrimus	5.2	30	12	6	6	90	-12	222	5.8	44	9	14	102	-6	272	7.8	86	23	20	17	138	11	422	8.5	100	26	24	19	150	17	472	472
4463	Scrophularia heterophylla laciniata	6.4	52	12	6	6	100	-3	373	6.8	61	9	16	114	1	412	8	90	21	20	19	156	16	530	8.5	100	24	24	20	170	21	569	569
4465	Heracleum sphondylium transsilvanicum	5	25	18	12	12	90	-3	354	5.6	40	21	16	97	1	411	7.4	85	28	50	19	118	16	583	8	100	31	60	20	125	21	640	640
4466	Pulmonaria filarszkyana	4.8	25	18	12	12	90	-3	337	5.2	40	21	16	97	1	397	6.5	85	28	50	19	118	16	579	7	100	31	60	20	125	21	640	640
4467	Festuca picturata	4.1	17	16	12	12	90	-12	270	4.6	29	18	14	105.2	-5	344	6.2	67	28	36	18	150.8	14	566	6.8	80	31	42	20	166	21	640	640
4468	Cirsium waldsteinii	4.1	17	16	12	12	90	-12	354	4.6	29	18	14	105.2	-5	411	6.2	67	24	36	18	150.8	14	583	6.8	80	26	42	20	166	21	640	640
4469	Heracleum carpaticum	4.1	17	16	12	12	90	-12	354	4.6	29	18	14	105.2	-5	411	6.2	67	24	36	18	150.8	14	583	6.8	80	26	42	20	166	21	640	640
4470	Schedonorus pratensis apenninus	4.8	25	18	12	12	90	-3	354	5.2	40	21	16	101	1	411	6.5	85	28	50	19	134	16	583	7	100	31	60	20	145	21	640	640
4471	Senecio rupestris	4.9	27	8	9	9	45	-12	255	5.3	41	16	14	71	-5	334	6.5	85	22	38	18	149	14	568	7	100	26	46	20	175	21	646	646
4472	Veratrum lobelianum	4.9	27	8	12	12	45	-12	255	5.3	41	18	14	62	-5	306	6.5	85	22	39	18	113	14	456	7	100	26	46	20	130	21	506	506
4473	Geranium phaeum	4.9	27	8	12	12	45	-12	35	5.3	41	18	14	65	-5	142	6.5	85	22	39	18	125	14	464	7	100	26	46	20	145	21	572	572
4474	Rumex obtusifolius subalpinus	4.9	27	8	12	12	90	-12	303	5.3	41	18	14	101	-5	355	6.5	85	22	39	18	134	14	511	7	100	26	46	20	145	21	563	563
4475	Cirsium boujartii 	4.9	27	8	12	12	90	-12	303	5.3	41	18	14	101	-5	355	6.5	85	22	39	18	134	14	511	7	100	26	46	20	145	21	563	563
4476	Petasites kablikianus	4.9	27	8	12	12	90	-12	35	5.4	41	18	14	101	-5	142	6.9	85	22	39	18	134	14	464	7.5	100	26	46	20	145	21	572	572
4477	Telekia speciosa	4.9	27	8	12	12	90	-12	35	5.3	41	18	14	108	-5	142	6.5	85	22	39	18	162	14	464	7	100	26	46	20	180	21	572	572
4478	Juncus conglomeratus	3.8	13	12	4	4	145	-7	527	4.1	16	16	18	154	13	565	5	28	50	53	30	181	73	678	5.4	32	60	66	35	190	93	715	715
4479	Juncus glaucus	3.8	13	12	4	4	145	-7	527	4.1	16	16	18	154	13	565	5	28	50	53	30	181	73	678	5.4	32	60	66	35	190	93	715	715
4480	Peucedanum rochelianum	3.8	13	12	4	4	145	-7	527	4.1	16	16	18	154	13	565	5	28	50	53	30	181	73	678	5.4	32	60	66	35	190	93	715	715
4482	Centaurium erythraea	4.2	18	7	8	8	170	-22	54	4.8	34	19	13	196	-12	210	6.8	83	27	54	19	274	16	676	7.5	100	33	66	21	300	26	831	831
4483	Veronica serpyllifolia	5	28	7	8	8	170	-22	725	5.5	42	12	19	12	176	-17	747	7	85	27	54	15	194	-2	810	7.5	100	33	66	16	200	2	831
4485	Euphorbia stricta	4.2	18	17	6	6	175	-22	623	4.6	27	9	12	184	-15	648	6	57	25	20	16	211	5	722	6.5	67	28	24	18	220	12	747	747
4486	Cerastium fontanum	4.2	18	17	6	6	175	-22	623	4.6	27	9	12	184	-15	648	6	57	25	20	16	211	5	722	6.5	67	28	24	18	220	12	747	747
4487	Carex bigelowii dacica	3.1	4	15	38	38	80	-12	242	3.5	9	50	14	95	-6	310	4.9	26	35	87	17	140	11	515	5.4	32	40	100	19	155	17	584	584
4488	Plantago gentianoides	4.4	22	15	12	12	65	-12	199	4.7	26	21	14	83	-6	252	5.6	40	35	50	17	137	11	410	6	45	40	60	19	155	17	463	463
4489	Sphagnum teres	4.7	25	15	38	38	80	-12	17	4.9	29	50	14	95	-6	27	5.7	41	35	87	17	140	11	59	6	45	40	100	19	155	17	69	69
4490	Gymnadenia frivaldii	4.7	25	15	38	38	80	-12	340	4.9	29	50	14	95	-6	365	5.7	41	35	87	17	140	11	439	6	45	40	100	19	155	17	463	463
4491	Carex distans	5.4	32	12	38	38	115	-3	424	5.8	45	43	15	136	1	461	7	86	34	59	18	199	13	574	7.5	100	40	65	19	220	17	611	611
4492	Blysmus compressus	5.4	32	12	38	38	115	-3	424	5.7	45	43	15	128	1	461	6.6	86	34	59	18	167	13	574	7	100	40	65	19	180	17	611	611
4493	Valeriana dioica simplicifolia	4.2	19	12	38	38	90	-12	242	4.8	35	43	14	108	-6	316	6.8	83	34	59	17	162	11	537	7.5	100	40	65	19	180	17	611	611
4494	Swertia perennis	5.4	32	12	38	38	115	-3	424	5.7	45	43	15	128	1	461	6.6	86	34	59	18	167	13	574	7	100	40	65	19	180	17	611	611
4495	Cardamine amara opicii 	4	17	22	24	24	65	-12	242	4.6	33	30	14	84	-5	310	6.4	83	40	49	18	141	14	515	7	100	45	56	20	160	21	584	584
4496	Glyceria nemoralis	4	17	22	24	24	65	-12	242	4.7	33	30	14	84	-5	310	6.8	83	40	49	18	141	14	515	7.5	100	45	56	20	160	21	584	584
4497	Heliosperma pusillum	4	17	22	24	24	65	-12	242	4.7	33	30	14	84	-5	310	6.8	83	40	49	18	141	14	515	7.5	100	45	56	20	160	21	584	584
4498	Epilobium nutans	4	17	22	24	24	65	-12	242	4.3	20	30	14	84	-5	310	5.2	30	40	49	18	141	14	515	5.6	34	45	56	20	160	21	584	584
4499	Epilobium alsinifolium	4	17	22	24	24	65	-12	242	4.3	20	30	14	84	-5	310	5.2	30	40	49	18	141	14	515	5.6	34	45	56	20	160	21	584	584
4500	Jacobaea carniolica	3.1	4	24	12	12	75	-12	270	3.5	8	17	14	89	-5	311	4.7	23	29	32	18	131	14	434	5.1	28	31	38	20	145	21	475	475
4501	Saxifraga carpatica	3.9	16	24	12	12	75	-12	270	4.1	18	17	14	89	-5	311	4.9	26	29	32	18	131	14	434	5.2	29	31	38	20	145	21	475	475
4502	Veronica baumgarteni	3.9	16	20	12	12	75	-12	222	4.6	32	22	17	14	89	-5	272	6.7	83	28	32	18	131	14	424	7.5	100	31	38	20	145	21	475
4503	Poa nyaradyana	3.9	16	24	12	12	75	-12	270	4.1	18	17	14	89	-5	311	4.9	26	29	32	18	131	14	434	5.2	29	31	38	20	145	21	475	475
4504	Doronicum clusii	3.9	16	24	12	12	75	-12	270	4.1	18	17	14	89	-5	311	4.9	26	29	32	18	131	14	434	5.2	29	31	38	20	145	21	475	475
4505	Doronicum carpaticum	3.9	16	20	12	12	75	-12	222	4.6	32	17	14	89	-5	272	6.7	83	28	32	18	131	14	424	7.5	100	31	38	20	145	21	475	475
4506	Papaver corona-sancti-stephani	5.7	36	12	6	6	65	-12	222	6.1	48	12	14	81	-6	252	7.5	87	23	31	17	129	11	344	8	100	26	38	19	145	17	375	375
4507	Arabidopsis neglecta	5.7	36	12	6	6	65	-12	222	6.1	48	12	14	81	-6	252	7.5	87	23	31	17	129	11	344	8	100	26	38	19	145	17	375	375
4508	Saxifraga moschata	5.7	36	12	6	6	65	-12	222	6.1	48	12	14	81	-6	258	7.5	87	23	31	17	129	11	368	8	100	26	38	19	145	17	405	405
4509	Rhodiola rosea	5.7	36	12	6	6	65	-12	222	6.1	48	12	14	81	-6	252	7.5	87	23	31	17	129	11	344	8	100	26	38	19	145	17	375	375
4510	Festuca nitida flaccida	5.7	36	12	6	6	65	-12	222	6.1	48	12	14	81	-6	252	7.5	87	23	31	17	129	11	344	8	100	26	38	19	145	17	375	375
4511	Poa laxa	5.7	36	12	6	6	65	-12	222	6.1	48	12	14	81	-6	252	7.5	87	23	31	17	129	11	344	8	100	26	38	19	145	17	375	375
4512	Saxifraga adscendens	5.7	36	12	6	6	65	-12	222	6.1	48	12	14	81	-6	252	7.5	87	23	31	17	129	11	344	8	100	26	38	19	145	17	375	375
4513	Saxifraga bryoides	5.7	36	12	6	6	65	-12	222	6.1	48	12	14	81	-6	252	7.5	87	23	31	17	129	11	344	8	100	26	38	19	145	17	375	375
4514	Artemisia umbelliformis eriantha	5.7	36	12	6	6	65	-12	222	6.1	48	12	14	81	-6	258	7.5	87	23	31	17	129	11	368	8	100	26	38	19	145	17	405	405
4515	Hylotelephium vulgare	5	25	18	6	6	105	-3	364	5.5	40	8	16	119	1	420	7	85	28	17	19	161	16	590	7.5	100	31	20	20	175	21	646	646
4516	Parietaria officinalis	5	25	15	6	6	105	-7	364	5.5	40	10	15	123	-1	420	7	85	27	22	18	177	15	590	7.5	100	31	26	20	195	21	646	646
4517	Arabidopsis arenosa borbasii	5	25	18	6	6	105	-3	364	5.5	40	8	16	119	1	420	7	85	28	17	19	161	16	590	7.5	100	31	20	20	175	21	646	646
4518	Saxifraga luteoviridis	5.7	36	12	6	6	100	-12	0	6.1	48	12	14	107	-6	0	7.5	87	21	31	17	128	11	0	8	100	24	38	19	135	17	0	0
4519	Trisetum alpestre	5.7	36	12	6	6	100	-12	291	6.1	48	12	14	107	-6	314	7.5	87	21	31	17	128	11	382	8	100	24	38	19	135	17	405	405
4520	Gagea serotina	5.7	36	12	6	6	100	-12	291	6.1	48	12	14	107	-6	314	7.5	87	21	31	17	128	11	382	8	100	24	38	19	135	17	405	405
4521	Cystopteris regia	5.7	36	12	6	6	100	-12	291	6.1	48	12	14	107	-6	314	7.5	87	21	31	17	128	11	382	8	100	24	38	19	135	17	405	405
4522	Campanula carpatica	5.7	36	12	6	6	100	-12	291	6.1	48	12	14	117	-6	368	7.5	87	21	31	17	168	11	597	8	100	24	38	19	185	17	674	674
4523	Draba kotschyi	5.7	36	12	6	6	100	-12	0	6.1	48	12	14	117	-6	0	7.5	87	21	31	17	168	11	0	8	100	24	38	19	185	17	0	0
4524	Saxifraga mutata demissa	5.7	36	12	6	6	100	-12	0	6.1	48	12	14	117	-6	0	7.5	87	21	31	17	168	11	0	8	100	24	38	19	185	17	0	0
4525	Silene nutans dubia	5.7	36	12	6	6	100	-12	291	6.1	48	12	14	115	-6	368	7.5	87	21	31	17	160	11	597	8	100	24	38	19	175	17	674	674
4526	Atocion lerchenfeldianum	5.3	31	12	6	6	115	-3	349	5.4	36	12	15	128	1	361	5.8	51	34	31	18	167	13	394	6	56	40	38	19	180	17	405	405
4527	Senecio doronicum transylvanicus	5.3	31	12	6	6	115	-3	349	5.4	36	12	15	128	1	361	5.8	51	34	31	18	167	13	394	6	56	40	38	19	180	17	405	405
4528	Asplenium trichomanes quadrivalens	5.2	30	12	6	6	115	-7	436	5.8	44	9	15	128	-2	484	7.8	86	21	20	18	167	12	626	8.5	100	24	24	19	180	17	674	674
4529	Sedum hispanicum	4.4	21	12	6	6	115	-7	345	5.2	36	9	15	128	-2	411	7.6	84	21	20	18	167	12	608	8.5	100	24	24	19	180	17	674	674
4530	Jovibarba heuffelii	4.2	18	15	4	4	100	-3	345	4.5	23	10	15	113	1	382	5.6	39	27	31	18	152	13	495	6	45	31	38	19	165	17	533	533
4531	Veronica bachofenii	4.2	18	15	4	4	100	-3	345	4.5	23	18	10	15	113	1	382	5.6	39	27	31	18	152	13	495	6	45	31	38	19	165	17	533
4532	Ranunculus crenatus	4.4	18	15	4	4	65	-12	199	5	34	10	14	77	-7	249	6.9	83	27	31	17	113	7	397	7.6	100	31	38	18	125	12	447	447
4533	Carex pyrenaica	4.1	17	15	4	4	65	-12	199	4.6	33	10	14	77	-7	234	6.4	83	27	31	17	113	7	340	7	100	31	38	18	125	12	375	375
4534	Poa granitica disparilis	4.1	17	15	4	4	65	-12	199	4.6	33	10	14	77	-7	234	6.4	83	27	31	17	113	7	340	7	100	31	38	18	125	12	375	375
4535	Dichodon cerastoides	4.4	18	15	4	4	65	-12	199	5	34	10	14	77	-7	249	6.9	83	27	31	17	113	7	397	7.6	100	31	38	18	125	12	447	447
4536	Oligotrichum hercynicum	4.1	17	15	4	4	65	-12	119	4.6	33	10	14	77	-7	148	6.4	83	27	31	17	113	7	234	7	100	31	38	18	125	12	262	262
4537	Anthelia juratzkana	4.1	17	15	4	4	65	-12	119	4.6	33	10	14	77	-7	148	6.4	83	27	31	17	113	7	234	7	100	31	38	18	125	12	262	262
4538	Festuca vaginata	5.4	32	12	6	6	165	-46	581	5.8	45	8	8	175	-34	615	7	86	16	14	15	205	0	718	7.5	100	18	17	18	215	12	752	752
4539	Colchicum arenarium	6.2	45	12	6	6	175	-12	581	6.6	56	8	14	183	-7	615	8	89	16	14	17	207	7	718	8.5	100	18	17	18	215	12	752	752
4540	Lomelosia argentea	5.4	32	12	6	6	165	-46	581	5.8	45	8	8	175	-34	647	7	86	16	14	15	205	0	844	7.5	100	18	17	18	215	12	910	910
4541	Dianthus pontederae	5.4	32	12	6	6	165	-46	581	5.8	45	8	8	175	-34	615	7	86	16	14	15	205	0	718	7.5	100	18	17	18	215	12	752	752
4542	Pilosella echioides	5.4	32	12	6	6	165	-46	581	5.8	45	8	8	175	-34	615	7	86	16	14	15	205	0	718	7.5	100	18	17	18	215	12	752	752
4544	Stipa borysthenica	5.4	32	12	6	6	175	-46	767	5.8	45	8	7	183	-38	795	7	86	16	14	12	207	-15	881	7.5	100	18	17	14	215	-8	910	910
4545	Gypsophila perfoliata	5.4	32	12	6	6	175	-46	767	5.8	45	8	7	183	-38	795	7	86	16	14	12	207	-15	881	7.5	100	18	17	14	215	-8	910	910
4546	Polygonum arenarium	5.4	32	12	6	6	175	-46	767	5.8	45	8	7	183	-38	795	7	86	16	14	12	207	-15	881	7.5	100	18	17	14	215	-8	910	910
4547	Carex colchica	4.1	17	12	6	6	175	-46	767	4.6	33	8	7	183	-38	795	6.4	83	16	14	12	207	-15	881	7	100	18	17	14	215	-8	910	910
4548	Ephedra distachya	5.4	32	12	6	6	175	-46	767	6	45	8	7	183	-38	795	7.8	86	16	14	12	207	-15	881	8.5	100	18	17	14	215	-8	910	910
4549	Silene thymifolia	5.4	32	12	6	6	175	-46	767	5.8	45	8	7	183	-38	795	7	86	16	14	12	207	-15	881	7.5	100	18	17	14	215	-8	910	910
4550	Thymelaea passerina	5.4	32	12	6	6	175	-46	767	5.8	45	8	7	183	-38	795	7	86	16	14	12	207	-15	881	7.5	100	18	17	14	215	-8	910	910
4551	Dianthus bessarabicus	5.4	32	12	6	6	175	-46	767	5.8	45	8	7	183	-38	795	7	86	16	14	12	207	-15	881	7.5	100	18	17	14	215	-8	910	910
4552	Stachys recta recta	5.4	32	12	6	6	175	-46	767	5.8	45	8	7	183	-38	795	7	86	16	14	12	207	-15	881	7.5	100	18	17	14	215	-8	910	910
4553	Astragalus varius	5.4	32	12	6	6	175	-46	767	6	45	8	7	183	-38	795	7.8	86	16	14	12	207	-15	881	8.5	100	18	17	14	215	-8	910	910
4554	Erysimum quadrangulum	5.4	32	12	6	6	175	-46	767	6	45	8	7	183	-38	795	7.8	86	16	14	12	207	-15	881	8.5	100	18	17	14	215	-8	910	910
4555	Onobrychis arenaria	5.4	32	12	6	6	175	-46	767	6	45	8	7	183	-38	795	7.8	86	16	14	12	207	-15	881	8.5	100	18	17	14	215	-8	910	910
4556	Heliotropium curassavicum	5.4	32	12	6	6	185	-46	749	5.8	45	14	7	193	-38	781	7	86	16	38	12	217	-15	878	7.5	100	18	46	14	225	-8	910	910
4557	Calibrachoa parviflora	5.4	32	12	6	6	185	-46	749	5.8	45	14	7	193	-38	781	7	86	16	38	12	217	-15	878	7.5	100	18	46	14	225	-8	910	910
4558	Polygonum rurivagum	5.4	32	12	6	6	185	-46	749	5.8	45	14	7	193	-38	781	7	86	16	38	12	217	-15	878	7.5	100	18	46	14	225	-8	910	910
4559	Amaranthus deflexus	5.4	32	12	6	6	185	-46	749	5.8	45	14	7	193	-38	781	7	86	16	38	12	217	-15	878	7.5	100	18	46	14	225	-8	910	910
4560	Amaranthus crispus	5.4	32	12	6	6	185	-46	749	5.8	45	14	7	193	-38	781	7	86	16	38	12	217	-15	878	7.5	100	18	46	14	225	-8	910	910
4561	Dysphania ambrosioides	5.4	32	12	6	6	185	-46	749	5.8	45	14	7	193	-38	781	7	86	16	38	12	217	-15	878	7.5	100	18	46	14	225	-8	910	910
4562	Solanum retroflexum	5.4	32	12	6	6	185	-46	749	5.8	45	14	7	193	-38	781	7	86	16	38	12	217	-15	878	7.5	100	18	46	14	225	-8	910	910
4563	Solanum triflorum	5.4	32	12	6	6	185	-46	749	5.8	45	14	7	193	-38	781	7	86	16	38	12	217	-15	878	7.5	100	18	46	14	225	-8	910	910
4564	Lepidium didymum	5.4	32	12	6	6	185	-46	749	5.8	45	14	7	193	-38	781	7	86	16	38	12	217	-15	878	7.5	100	18	46	14	225	-8	910	910
4565	Oxybasis glauca	5.4	32	8	6	6	165	-46	749	5.8	45	14	8	177	-34	781	7	86	16	38	15	213	0	878	7.5	100	18	46	18	225	12	910	910
4566	Artemisia annua	5.4	32	12	6	6	185	-46	749	5.8	45	14	7	193	-38	781	7	86	16	38	12	217	-15	878	7.5	100	18	46	14	225	-8	910	910
4567	Pulmonaria rubra	4.8	25	18	12	12	100	-3	35	5.2	40	20	16	109	1	46	6.5	85	28	46	19	136	16	78	7	100	31	55	20	145	21	88	88
4568	Primula auricula hungarica	5.4	32	14	6	6	175	-12	43	5.8	45	9	14	183	-7	60	7	86	22	20	17	207	7	108	7.5	100	24	24	18	215	12	125	125
4569	Polygonatum hirtum	5.4	32	12	6	6	175	-36	24	6	45	9	10	181	-25	101	7.8	86	21	20	16	199	6	332	8.5	100	24	24	19	205	17	409	409
4570	Arum orientale	5.4	32	10	6	6	175	-36	0	6	45	9	9	181	-30	0	7.8	86	21	20	12	199	-13	0	8.5	100	24	24	14	205	-8	0	0
4571	Fraxinus excelsior coriariifolia	5.4	32	12	6	6	175	-36	679	6	45	9	9	181	-30	713	7.8	86	21	20	12	199	-13	815	8.5	100	24	24	14	205	-8	849	849
4572	Anthriscus cerefolium	5.4	32	10	6	6	175	-36	193	6	45	9	9	181	-30	240	7.8	86	21	20	12	199	-13	381	8.5	100	24	24	14	205	-8	428	428
4573	Allium rotundum	5.4	32	12	6	6	175	-36	193	6	45	9	9	181	-30	240	7.8	86	21	20	12	199	-13	381	8.5	100	24	24	14	205	-8	428	428
4574	Crocus flavus	5.4	32	12	6	6	185	-36	54	5.8	45	9	9	189	-30	88	7	86	21	20	12	201	-13	190	7.5	100	24	24	14	205	-8	224	224
4575	Verbascum phlomoides	5.4	32	12	6	6	185	-36	54	5.8	45	9	9	189	-30	88	7	86	21	20	12	201	-13	190	7.5	100	24	24	14	205	-8	224	224
4577	Ornithogalum fimbriatum	5.4	32	12	6	6	185	-41	97	5.8	45	9	8	190	-34	160	7	86	21	20	12	205	-14	346	7.5	100	24	24	14	210	-8	409	409
4578	Verbascum phoeniceum	5.4	32	12	6	6	185	-41	97	5.8	45	14	9	8	190	-34	160	7	86	21	20	12	205	-14	346	7.5	100	24	24	14	210	-8	409
4579	Viola jordanii	5.4	32	12	6	6	185	-41	97	5.8	45	14	9	8	190	-34	160	7	86	21	20	12	205	-14	346	7.5	100	24	24	14	210	-8	409
4580	Bromopsis benekenii	5.4	32	12	6	6	185	-41	97	5.8	45	9	8	190	-34	160	7	86	21	20	12	205	-14	346	7.5	100	24	24	14	210	-8	409	409
4581	Cirsium erisithales 	5.2	30	12	6	6	105	-7	76	5.8	44	9	18	119	14	104	7.8	86	21	20	31	161	77	188	8.5	100	24	24	36	175	98	216	216
4582	Spiraea chamaedryfolia	5.2	30	12	6	6	105	-7	84	5.8	44	9	15	118	-2	84	7.8	86	21	20	18	157	12	84	8.5	100	24	24	19	170	17	84	84
4583	Hieracium bifidum	5.2	30	12	6	6	105	-7	76	5.8	44	9	15	118	-2	123	7.8	86	21	20	18	157	12	264	8.5	100	24	24	19	170	17	311	311
4584	Genista radiata	6.2	45	12	6	6	100	-3	105	6.6	56	9	16	119	1	147	8	89	21	20	19	176	16	270	8.5	100	24	24	20	195	21	311	311
4585	Fraxinus pallisiae	5.4	32	12	18	18	180	-41	691	5.8	45	25	8	184	-34	719	7	86	21	47	12	196	-14	802	7.5	100	24	55	14	200	-8	830	830
4586	Morus alba	5.4	32	12	18	18	180	-41	691	5.8	45	25	8	184	-34	719	7	86	21	47	12	196	-14	802	7.5	100	24	55	14	200	-8	830	830
4587	Prunus cerasifera	5.4	32	12	8	8	165	-41	430	5.8	45	11	9	172	-28	510	7	86	21	23	17	193	8	750	7.5	100	24	27	20	200	21	830	830
4588	Spiraea salicifolia	4.1	17	18	26	26	125	-3	413	4.4	22	30	18	138	11	413	5.6	39	47	42	27	177	54	413	6	45	55	46	30	190	69	413	413
4589	Euonymus nanus	4.1	17	18	26	26	125	-3	413	4.4	22	30	18	138	11	413	5.6	39	47	42	27	177	54	413	6	45	55	46	30	190	69	413	413
4590	Polemonium caeruleum	4.1	17	18	26	26	125	-3	41	4.4	22	30	18	138	11	53	5.6	39	47	42	27	177	54	90	6	45	55	46	30	190	69	102	102
4591	Sphagnum flexuosum	4.2	18	18	40	40	125	-3	48	4.7	34	45	18	138	11	63	6.4	83	47	60	27	177	54	110	7	100	55	65	30	190	69	126	126
4593	Helleborus purpurascens	4.6	24	15	5	5	40	-17	4	5.1	39	8	17	67	10	91	6.9	84	25	18	35	148	94	352	7.5	100	28	22	41	175	122	653	653
4594	Trifolium pallidum	4.4	21	12	8	8	185	-7	709	4.9	36	15	14	192	-3	733	6.4	84	23	38	17	213	8	807	7	100	26	46	18	220	12	832	832
4595	Medicago arabica	4.4	21	12	8	8	185	-7	5	4.9	36	15	14	192	-3	25	6.4	84	23	38	17	213	8	86	7	100	26	46	18	220	12	106	832
4596	Vicia sativa	4.4	21	10	8	8	185	-7	709	4.9	36	13	15	15	204	0	733	6.4	84	22	38	19	261	19	807	7	100	26	46	21	280	26	832
4597	Clinopodium nepeta glandulosum	5	25	15	6	6	105	-7	234	5.5	40	9	15	123	-1	272	7	85	27	20	18	177	15	387	7.5	100	31	24	20	195	21	426	426
4598	Hieracium rotundatum	3.2	4	18	4	4	115	-12	21	3.6	9	6	14	120	-7	40	4.8	24	24	15	17	135	7	97	5.2	30	26	18	18	140	12	116	116
4599	Soldanella hungarica major	3.2	4	18	4	4	115	-12	21	3.6	9	6	14	120	-7	40	4.8	24	24	15	17	135	7	97	5.2	30	26	18	18	140	12	116	116
4600	Cistus creticus	3	3	18	4	4	220	-31	641	3.8	22	7	10	244	-24	748	6.2	80	30	18	14	316	-4	1072	7	100	33	22	16	340	2	1180	1180
4601	Eryngium tricuspidatum bocconei	3	3	20	4	4	220	-31	191	3.4	12	7	10	236	-26	270	4.9	40	30	18	13	284	-12	510	5.4	50	33	22	14	300	-8	590	590
4602	Calicotome infesta	3	3	12	4	4	220	-31	641	3.9	22	8	12	244	-16	748	6.6	80	28	20	21	316	26	1749	7.5	100	33	24	24	340	41	1809	1809
4604	Cytinus hypocistis	3	3	20	5	5	220	-31	191	3.6	10	8	10	244	-22	270	5.4	32	30	18	16	316	3	510	6	40	33	22	18	340	12	590	590
4605	Tuberaria lignosa	4.4	21	16	4	4	250	20	703	5.1	36	7	22	264	29	806	7.2	84	24	18	28	306	59	1116	8	100	26	22	30	320	69	1220	1220
4607	Micromeria graeca	4.2	18	16	4	4	250	-22	141	4.8	34	7	14	266	-3	186	6.7	83	24	18	26	314	50	321	7.4	100	26	22	30	330	69	366	366
4608	Sonchus bulbosus	4	16	16	4	4	250	20	141	4.4	24	7	22	264	29	186	5.9	48	24	18	28	306	59	321	6.4	57	26	22	30	320	69	366	366
4609	Leptodictyum riparium	4	16	7	40	40	125	-46	48	4.9	32	52	13	160	-12	63	7.6	83	45	88	34	265	88	1472	8.5	100	55	100	41	300	122	1588	1588
4610	Fissidens crassipes	4	16	7	100	100	190	-46	1009	4.9	32	100	13	212	-12	1124	7.6	83	23	100	34	278	88	1472	8.5	100	28	100	41	300	122	1588	1588
4611	Lotus conimbricensis	3.8	13	12	38	38	220	-31	1130	4.3	21	50	10	234	-22	1221	5.9	47	23	87	16	276	3	1496	6.5	56	26	100	18	290	12	1588	1588
4612	Isoetes durieui	3.8	13	12	38	38	220	-31	1130	4.3	21	50	10	234	-22	1221	5.9	47	23	87	16	276	3	1496	6.5	56	26	100	18	290	12	1588	1588
4613	Lotus angustissimus	3.8	13	12	38	38	220	-31	1130	4.3	21	50	10	234	-22	1221	5.9	47	23	87	16	276	3	1496	6.5	56	26	100	18	290	12	1588	1588
4614	Lythrum hyssopifolia	3.8	13	12	38	38	220	-31	1130	4.3	21	50	10	234	-22	1221	5.9	47	23	87	16	276	3	1496	6.5	56	26	100	18	290	12	1588	1588
4615	Heliotropium supinum	3.8	13	7	38	38	250	-22	1038	4.3	21	42	13	268	-12	1154	5.9	47	15	54	19	322	16	1502	6.5	56	18	58	21	340	26	1618	1618
4616	Crypsis schoenoides	3.8	13	7	38	38	250	-22	1038	4.4	30	42	13	268	-12	1154	6.3	82	15	54	19	322	16	1502	7	100	18	58	21	340	26	1618	1618
4617	Euphorbia chamaesyce	3.8	13	7	38	38	250	-22	1038	4.4	30	42	13	268	-12	1154	6.3	82	15	54	19	322	16	1502	7	100	18	58	21	340	26	1618	1618
4618	Paspalum distichum	3.8	13	7	38	38	250	-22	1038	4.4	30	42	13	268	-12	1154	6.3	82	15	54	19	322	16	1502	7	100	18	58	21	340	26	1618	1618
4619	Plantago major intermedia	3.8	13	7	24	24	145	-22	1038	4.4	30	30	13	184	-12	1154	6.3	82	15	51	19	301	16	1502	7	100	18	58	21	340	26	1618	1618
4620	Helminthotheca echioides	3.8	13	7	12	12	250	-22	1038	4.4	30	21	13	268	-12	1154	6.3	82	15	48	19	322	16	1502	7	100	18	58	21	340	26	1618	1618
4621	Symphyotrichum squamatum	3.8	13	7	32	32	250	-22	1038	4.4	30	37	13	268	-12	1154	6.3	82	17	52	19	322	16	1502	7	100	20	58	21	340	26	1618	1618
4622	Centaurea sphaerocephala	4.3	20	18	8	8	250	-22	1326	4.8	36	11	13	268	-12	1412	6.4	84	28	20	19	322	16	1670	7	100	31	24	21	340	26	1756	1756
4623	Euphorbia terracina	4.3	20	18	8	8	250	-22	1326	4.8	36	11	13	268	-12	1412	6.4	84	28	20	19	322	16	1670	7	100	31	24	21	340	26	1756	1756
4624	Echinophora spinosa	4.3	20	18	8	8	250	-22	1326	4.8	36	11	13	268	-12	1412	6.4	84	28	20	19	322	16	1670	7	100	31	24	21	340	26	1756	1756
4625	Cutandia divaricata	4.3	20	18	8	8	250	-22	1326	4.8	36	11	13	268	-12	1412	6.4	84	28	20	19	322	16	1670	7	100	31	24	21	340	26	1756	1756
4626	Launaea fragilis	4.3	20	18	8	8	250	-22	1326	4.8	36	11	13	268	-12	1412	6.4	84	28	20	19	322	16	1670	7	100	31	24	21	340	26	1756	1756
4627	Cyperus capitatus	4.3	20	18	8	8	250	-22	1326	4.8	36	11	13	268	-12	1412	6.4	84	28	20	19	322	16	1670	7	100	31	24	21	340	26	1756	1756
4628	Sporobolus virginicus	5	28	18	8	8	250	-22	1326	5.6	42	11	13	268	-12	1412	7.4	85	28	20	19	322	16	1670	8	100	31	24	21	340	26	1756	1756
4629	Ononis variegata	4.3	20	18	8	8	250	-22	1326	4.8	36	11	13	268	-12	1412	6.4	84	28	20	19	322	16	1670	7	100	31	24	21	340	26	1756	1756
4630	Erodium laciniatum	4.3	20	18	8	8	250	-22	1326	4.9	36	11	13	268	-12	1412	6.8	84	28	20	19	322	16	1670	7.5	100	31	24	21	340	26	1756	1756
4631	Carex extensa	4.3	20	14	18	18	220	-22	1054	4.9	36	23	13	244	-12	1194	6.8	84	23	40	19	316	16	1614	7.5	100	26	46	21	340	26	1754	1754
4632	Lotus preslii	4.3	20	14	18	18	220	-22	1054	4.9	36	23	13	244	-12	1194	6.8	84	23	40	19	316	16	1614	7.5	100	26	46	21	340	26	1754	1754
4633	Juncus subulatus	4.3	20	14	18	18	220	-22	1054	4.9	36	23	13	244	-8	1194	6.8	84	23	40	22	316	31	1614	7.5	100	26	46	25	340	45	1754	1754
4634	Phyla nodiflora	4.3	20	14	18	18	220	-22	1054	4.8	36	23	13	244	-12	1194	6.4	84	23	40	19	316	16	1614	7	100	26	46	21	340	26	1754	1754
4635	Tamarix gallica	4.3	20	14	18	18	220	-22	1054	4.8	36	23	13	244	-12	1194	6.4	84	23	40	19	316	16	1614	7	100	26	46	21	340	26	1754	1754
4636	Cyperus distachyos	4.3	20	14	18	18	220	-22	1054	4.9	36	23	13	244	-12	1194	6.8	84	23	40	19	316	16	1614	7.5	100	26	46	21	340	26	1754	1754
4637	Polypogon monspeliensis	4.3	20	14	18	18	220	-22	1054	4.9	36	23	13	244	-12	1194	6.8	84	23	40	19	316	16	1614	7.5	100	26	46	21	340	26	1754	1754
4638	Plantago crassifolia	4.6	21	16	38	38	220	-22	1651	5.3	36	43	13	244	-12	1682	7.7	84	29	60	19	316	16	1778	8.5	100	33	66	21	340	26	1810	1810
4639	Daucus carota carota	4.6	21	14	26	26	220	-22	1651	5.3	36	34	13	244	-12	1682	7.7	84	29	58	19	316	16	1778	8.5	100	33	66	21	340	26	1810	1810
4640	Limonium narbonense	4.6	21	16	38	38	220	-22	1651	5.2	36	43	13	244	-12	1682	7.3	84	29	60	19	316	16	1778	8	100	33	66	21	340	26	1810	1810
4641	Blackstonia perfoliata serotina	4.6	21	16	38	38	220	-22	1651	5.1	36	43	13	244	-12	1682	6.6	84	29	60	19	316	16	1778	7.2	100	33	66	21	340	26	1810	1810
4642	Parapholis filiformis	4.6	21	16	38	38	220	-22	1651	5.1	36	43	13	244	-12	1682	6.6	84	29	60	19	316	16	1778	7.2	100	33	66	21	340	26	1810	1810
4643	Limonium virgatum	4.6	21	16	38	38	220	-22	1651	5.3	36	43	13	244	-12	1682	7.7	84	29	60	19	316	16	1778	8.5	100	33	66	21	340	26	1810	1810
4644	Limbarda crithmoides longifolia	4.6	21	16	38	38	220	-22	1651	5.3	36	43	13	244	-12	1682	7.7	84	29	60	19	316	16	1778	8.5	100	33	66	21	340	26	1810	1810
4645	Arthrocaulon meridionalis	4.3	20	12	38	38	230	-22	1216	4.9	36	50	14	252	-4	1339	6.8	84	23	87	25	318	47	1708	7.5	100	26	100	29	340	65	1831	1831
4646	Limonium pachynense	4.3	20	12	38	38	230	-12	1216	4.9	36	50	16	252	3	1339	6.8	84	23	87	25	318	49	1708	7.5	100	26	100	29	340	65	1831	1831
4647	Myriolimon ferulaceum	6.2	49	10	24	24	300	-12	1554	6.6	59	39	14	311.2	-7	1621	8	89	18	84	17	344.8	7	1823	8.5	100	20	100	18	356	12	1891	1891
4648	Sarcocornia fruticosa	6.2	49	10	24	24	220	-12	1554	6.6	59	39	14	247.2	-7	1621	8	89	18	84	17	328.8	7	1823	8.5	100	20	100	18	356	12	1891	1891
4649	Sarcocornia perennis alpini	6.2	49	10	24	24	300	-12	1554	6.6	59	39	14	311.2	-7	1621	8	89	18	84	17	344.8	7	1823	8.5	100	20	100	18	356	12	1891	1891
4650	Aeluropus lagopoides	6.2	49	10	24	24	300	-12	1554	6.6	59	39	14	311.2	-7	1621	8	89	18	84	17	344.8	7	1823	8.5	100	20	100	18	356	12	1891	1891
4651	Salsola soda	6.2	49	10	17	17	300	-27	1582	6.6	59	22	11	310	-19	1650	8	89	18	40	16	340	4	1854	8.5	100	20	46	18	350	12	1923	1923
4652	Rhynchostegiella tenella	6.5	56	24	43.8	43.8	115	-27	823	6.9	64	48	11	162	-20	908	8.1	91	27	61	15	303	0	1163	8.5	100	28	66	17	350	6	1248	1248
4653	Bartramia stricta	3.5	10	15	5	5	210	-31	384	4.2	28	8	13	230	-11	428	6.3	82	23	18	25	290	49	563	7	100	26	22	30	310	69	608	608
4654	Targionia hypophylla	3.5	10	15	5	5	210	-31	1280	4.2	28	8	13	230	-11	1328	6.3	82	23	18	25	290	49	1472	7	100	26	22	30	310	69	1520	1520
4655	Anogramma leptophylla	3.5	10	15	5	5	210	-31	1280	4.2	28	8	13	230	-11	1328	6.3	82	23	18	25	290	49	1472	7	100	26	22	30	310	69	1520	1520
4656	Polypodium cambricum	3.5	10	15	5	5	210	-31	1280	4.2	28	8	13	230	-11	1328	6.3	82	23	18	25	290	49	1472	7	100	26	22	30	310	69	1520	1520
4657	Asplenium obovatum	3.5	10	15	5	5	210	-31	1280	4.2	28	8	13	230	-11	1328	6.3	82	23	18	25	290	49	1472	7	100	26	22	30	310	69	1520	1520
4658	Grimmia trichophylla	3.5	10	15	5	5	210	-31	384	4.2	28	8	13	230	-11	428	6.3	82	23	18	25	290	49	563	7	100	26	22	30	310	69	608	608
4659	Bryum dichotomum	3.5	10	15	5	5	210	-31	384	4.2	28	8	13	230	-11	428	6.3	82	23	18	25	290	49	563	7	100	26	22	30	310	69	608	608
4660	Urtica pilulifera	6.2	49	7	8	8	220	-31	1130	6.6	59	15	10	240	-25	1237	8	89	15	38	13	300	-9	1561	8.5	100	18	46	15	320	-4	1669	1669
4661	Silybum marianum	6.2	49	7	8	8	220	-31	1130	6.4	59	15	10	240	-23	1237	7.2	89	15	38	15	300	-1	1561	7.5	100	18	46	17	320	6	1669	1669
4662	Notobasis syriaca	6.2	49	7	8	8	220	-31	1130	6.6	59	15	10	240	-25	1237	8	89	15	38	13	300	-9	1561	8.5	100	18	46	15	320	-4	1669	1669
4663	Cynoglossum creticum	6.2	49	7	8	8	220	-31	1130	6.4	59	15	10	240	-25	1237	7.2	89	15	38	13	300	-9	1561	7.5	100	18	46	15	320	-4	1669	1669
4664	Onopordum illyricum	6.2	49	7	8	8	220	-31	1130	6.4	59	15	10	240	-25	1237	7.2	89	15	38	13	300	-9	1561	7.5	100	18	46	15	320	-4	1669	1669
4665	Glebionis coronaria	6.2	49	7	8	8	220	-31	1130	6.4	59	15	10	240	-25	1237	7.2	89	15	38	13	300	-9	1561	7.5	100	18	46	15	320	-4	1669	1669
4666	Hordeum murinum leporinum	4.2	18	7	8	8	220	-31	1130	4.8	34	15	11	242	-19	1237	6.8	83	15	38	18	308	14	1580	7.5	100	18	46	21	330	26	1680	1680
4667	Rumex pulcher	6.2	49	7	8	8	220	-31	1130	6.4	59	15	10	240	-25	1237	7.2	89	15	38	13	300	-9	1561	7.5	100	18	46	15	320	-4	1669	1669
4668	Conium maculatum	6.2	49	7	24	24	220	-31	1166	6.4	59	29	10	240	-22	1280	7.2	89	15	44	16	300	3	1623	7.5	100	18	50	18	320	12	1738	1738
4669	Ballota nigra ruderalis	6.2	49	7	24	24	220	-31	1166	6.4	59	29	10	240	-22	1280	7.2	89	15	44	16	300	3	1623	7.5	100	18	50	18	320	12	1738	1738
4670	Malva nicaeensis	6.2	49	7	12	12	220	-31	1213	6.4	59	19	10	240	-22	1260	7.2	89	15	42	16	300	3	1403	7.5	100	18	50	18	320	12	1451	1738
4671	Sinapis alba	6.2	49	7	24	24	220	-31	1166	6.4	59	29	10	240	-22	1280	7.2	89	15	44	16	300	3	1623	7.5	100	18	50	18	320	12	1738	1738
4672	Artemisia arborescens	5.2	31	7	12	12	200	-17	1002	5.6	44	18	13	224	-8	1137	7	86	15	39	19	296	17	1544	7.5	100	18	46	21	320	26	1680	1680
4673	Atriplex halimus	5.2	27	7	10	10	200	-22	1002	5.6	41	17	13	226	-12	1137	7	85	15	38	19	304	16	1544	7.5	100	18	46	21	330	26	1680	1680
4674	Medicago intertexta ciliaris	5.5	34	7	12	12	280	-17	1456	5.9	47	18	13	292	-11	1525	7.1	86	15	39	16	328	6	1732	7.5	100	18	46	18	340	12	1801	1755
4675	Ridolfia segetum	5.2	31	7	12	12	280	-17	1582	5.6	44	18	13	292	-11	1616	7	86	15	39	16	328	6	1720	7.5	100	18	46	18	340	12	1755	1755
4676	Krubera peregrina	5.2	31	7	12	12	280	-17	1582	5.6	44	18	13	292	-11	1616	7	86	15	39	16	328	6	1720	7.5	100	18	46	18	340	12	1755	1755
4677	Ranunculus trilobus	4.2	18	7	12	12	280	-17	1582	4.4	21	18	13	292	-11	1616	5.2	30	15	39	16	328	6	1720	5.5	33	18	46	18	340	12	1755	1755
4678	Melilotus messanensis	5.2	31	7	12	12	280	-17	1582	5.6	44	18	13	292	-11	1616	7	86	15	39	16	328	6	1720	7.5	100	18	46	18	340	12	1755	1755
4679	Silene fuscata	5.2	31	7	12	12	280	-17	1582	5.6	44	18	13	292	-11	1616	7	86	15	39	16	328	6	1720	7.5	100	18	46	18	340	12	1755	1755
4680	Melilotus sulcatus	5.2	31	7	12	12	280	-17	1582	5.6	44	18	13	292	-11	1616	7	86	15	39	16	328	6	1720	7.5	100	18	46	18	340	12	1755	1755
4681	Bupleurum odontites	5.2	31	7	12	12	280	-17	1582	5.6	44	18	13	292	-11	1616	7	86	15	39	16	328	6	1720	7.5	100	18	46	18	340	12	1755	1755
4682	Polygonum patulum	5.2	31	7	12	12	280	-17	1582	5.6	44	18	13	292	-11	1616	7	86	15	39	16	328	6	1720	7.5	100	18	46	18	340	12	1755	1755
4683	Phalaris canariensis canariensis	5.2	31	7	12	12	280	-17	1582	5.6	44	18	13	292	-11	1616	7	86	15	39	16	328	6	1720	7.5	100	18	46	18	340	12	1755	1755
4684	Phalaris brachystachys	5.2	31	7	12	12	280	-17	1582	5.6	44	18	13	292	-11	1616	7	86	15	39	16	328	6	1720	7.5	100	18	46	18	340	12	1755	1755
4685	Avena barbata	5.2	31	7	12	12	230	-27	1582	5.6	44	18	12	252	-19	1616	7	86	15	39	16	318	4	1720	7.5	100	18	46	18	340	12	1755	1755
4686	Kickxia spuria integrifolia	5.2	31	7	12	12	280	-17	1582	5.6	44	18	13	292	-11	1616	7	86	15	39	16	328	6	1720	7.5	100	18	46	18	340	12	1755	1755
4687	Echinochloa colona	5.2	31	7	12	12	200	-17	991	5.6	44	18	14	224	-6	1146	7	86	15	39	20	296	25	1611	7.5	100	18	46	23	320	36	1767	1767
4688	Cyperus rotundus	5.2	31	7	12	12	200	-17	991	5.6	44	18	14	224	-6	1146	7	86	15	39	20	296	25	1611	7.5	100	18	46	23	320	36	1767	1767
4689	Setaria verticillata	5.2	31	7	12	12	200	-17	991	5.5	44	18	14	224	-6	1146	6.6	86	15	39	20	296	25	1611	7	100	18	46	23	320	36	1767	1767
4690	Amaranthus blitoides	5.2	31	7	12	12	200	-17	991	5.6	44	18	14	224	-6	1146	7	86	15	39	20	296	25	1611	7.5	100	18	46	23	320	36	1767	1767
4691	Eragrostis cilianensis	5.2	31	7	12	12	200	-17	991	5.6	44	18	14	224	-6	1146	7	86	15	39	20	296	25	1611	7.5	100	18	46	23	320	36	1767	1767
4692	Amaranthus graecizans	5.2	31	7	12	12	200	-17	991	5.6	44	18	14	224	-6	1146	7	86	15	39	20	296	25	1611	7.5	100	18	46	23	320	36	1767	1767
4693	Setaria verticilliformis	5.2	31	7	12	12	200	-17	991	5.6	44	18	14	224	-6	1146	7	86	15	39	20	296	25	1611	7.5	100	18	46	23	320	36	1767	1767
4694	Sisymbrium orientale	4.2	18	7	6	6	230	-27	1181	4.8	34	9	11	250	-19	1280	6.8	83	15	18	16	310	4	1580	7.5	100	18	22	18	330	12	1680	1680
4696	Rostraria cristata	4.2	18	7	6	6	230	-27	1181	4.8	34	9	11	250	-19	1280	6.8	83	15	18	16	310	4	1580	7.5	100	18	22	18	330	12	1680	1680
4697	Reseda alba	4.2	18	7	6	6	230	-27	1181	4.8	34	9	11	250	-19	1280	6.8	83	15	18	16	310	4	1580	7.5	100	18	22	18	330	12	1680	1680
4698	Galactites tomentosus	4.2	18	7	6	6	230	-27	1181	4.8	34	9	11	250	-19	1280	6.8	83	15	18	16	310	4	1580	7.5	100	18	22	18	330	12	1680	1680
4699	Echium plantagineum	4.2	18	7	6	6	230	-27	1181	4.8	34	9	11	250	-19	1280	6.8	83	15	18	16	310	4	1580	7.5	100	18	22	18	330	12	1680	1680
4700	Anisantha madritensis	4.2	18	7	6	6	230	-27	1181	4.8	34	9	11	250	-19	1280	6.8	83	15	18	16	310	4	1580	7.5	100	18	22	18	330	12	1680	1680
4701	Malva sylvestris	4.2	18	7	6	6	230	-27	4	4.8	34	9	11	250	-19	71	6.8	83	15	18	16	310	4	271	7.5	100	18	22	18	330	12	337	1680
4702	Chenopodiastrum murale	4.2	18	7	6	6	230	-27	1181	4.8	34	9	11	250	-19	1280	6.8	83	15	18	16	310	4	1580	7.5	100	18	22	18	330	12	1680	1680
4703	Erigeron bonariensis	4.2	18	7	6	6	230	-27	1181	4.8	34	9	11	250	-19	1280	6.8	83	15	18	16	310	4	1580	7.5	100	18	22	18	330	12	1680	1680
4704	Parietaria judaica	4.2	18	7	6	6	230	-27	1181	4.8	34	9	12	252	-17	1280	6.8	83	15	18	18	318	10	1580	7.5	100	18	22	20	340	20	1680	1680
4705	Lobularia maritima	4.2	18	7	6	6	230	-27	1181	4.8	34	9	11	250	-19	1280	6.8	83	15	18	16	310	4	1580	7.5	100	18	22	18	330	12	1680	1680
4706	Mesembryanthemum crystallinum	6.2	49	7	8	8	250	-7	1213	6.4	59	14	15	270	0	1339	7.2	89	14	35	19	330	19	1717	7.5	100	16	42	21	350	26	1844	1844
4707	Mesembryanthemum nodiflorum	5.5	35	7	8	8	250	-7	1213	5.9	48	14	15	270	0	1339	7.1	87	14	35	19	330	19	1717	7.5	100	16	42	21	350	26	1844	1844
4708	Plantago bellardi	4.2	18	17	6	6	240	-22	1122	4.5	23	8	13	254	-10	1181	5.6	39	25	14	20	296	24	1358	6	45	28	16	23	310	36	1417	1417
4709	Aira cupaniana	3.8	13	17	6	6	240	-22	1122	4.2	19	8	13	254	-10	1181	5.5	38	25	14	20	296	24	1358	6	45	28	16	23	310	36	1417	1417
4710	Vulpia ciliata	4.2	18	17	6	6	240	-22	1122	4.5	23	19	8	13	254	-10	1181	5.6	39	25	14	20	296	24	1358	6	45	28	16	23	310	36	1417
4711	Linaria pelisseriana	4.2	18	17	6	6	240	-22	1122	4.5	23	8	13	254	-10	1181	5.6	39	25	14	20	296	24	1358	6	45	28	16	23	310	36	1417	1417
4712	Coleostephus myconis	4.2	18	17	6	6	240	-22	1122	4.5	23	8	13	254	-10	1181	5.6	39	25	14	20	296	24	1358	6	45	28	16	23	310	36	1417	1417
4713	Ornithopus compressus	4.2	18	17	6	6	240	-22	1122	4.5	23	8	13	254	-10	1181	5.6	39	25	14	20	296	24	1358	6	45	28	16	23	310	36	1417	1417
4714	Filago gallica	3.3	6	17	6	6	240	-22	1122	3.8	13	8	13	254	-10	1181	5.4	37	25	14	20	296	24	1358	6	45	28	16	23	310	36	1417	1417
4715	Rumex bucephalophorus	4.2	18	17	6	6	240	-22	1122	4.5	23	8	13	254	-10	1181	5.6	39	25	14	20	296	24	1358	6	45	28	16	23	310	36	1417	1417
4716	Ornithopus pinnatus	4.2	18	17	6	6	240	-22	1122	4.5	23	8	13	254	-10	1181	5.6	39	25	14	20	296	24	1358	6	45	28	16	23	310	36	1417	1417
4717	Sedum caeruleum	5.7	35	12	6	6	240	-22	1582	6.1	48	9	12	260	-15	1625	7.5	87	21	20	16	320	5	1757	8	100	24	24	18	340	12	1801	1801
4718	Sedum rubens	5.7	35	12	6	6	240	-22	1582	6.1	48	9	12	260	-15	1625	7.5	87	21	20	16	320	5	1757	8	100	24	24	18	340	12	1801	1801
4719	Sedum caespitosum	5.7	35	12	6	6	240	-22	1582	6.1	48	9	12	260	-15	1625	7.5	87	21	20	16	320	5	1757	8	100	24	24	18	340	12	1801	1801
4720	Moraea sisyrinchium	5.7	35	12	6	6	240	-22	1582	6.1	48	9	12	260	-15	1625	7.5	87	21	20	16	320	5	1757	8	100	24	24	18	340	12	1801	1801
4721	Plantago afra	5.7	35	12	6	6	240	-22	1582	6.1	48	9	12	260	-15	1625	7.5	87	21	20	16	320	5	1757	8	100	24	24	18	340	12	1801	1801
4722	Hypochaeris achyrophorus	5.5	27	12	6	6	240	-22	1582	6	41	9	12	260	-15	1625	7.5	85	21	20	16	320	5	1757	8	100	24	24	18	340	12	1801	1801
4724	Sagina apetala	5.7	35	12	6	6	240	-22	1582	6.1	48	9	12	260	-15	1625	7.5	87	21	20	16	320	5	1757	8	100	24	24	18	340	12	1801	1801
4725	Sedum stellatum	5.7	35	12	6	6	240	-22	1456	6.1	48	9	12	260	-15	1491	7.5	87	21	20	16	320	5	1598	8	100	24	24	18	340	12	1634	1634
4726	Trisetaria annua	5.7	35	12	6	6	240	-22	1456	6.1	48	9	12	260	-15	1525	7.5	87	21	20	16	320	5	1732	8	100	24	24	18	340	12	1801	1801
4727	Trifolium nigrescens	5.7	35	12	6	6	240	-22	1456	6.1	48	9	12	260	-15	1525	7.5	87	21	20	16	320	5	1732	8	100	24	24	18	340	12	1801	1801
4728	Plantago lagopus	5.7	35	12	6	6	240	-22	1456	6.1	48	9	12	260	-15	1525	7.5	87	21	20	16	320	5	1732	8	100	24	24	18	340	12	1801	1801
4729	Stipellula capensis	5.5	27	12	6	6	240	-22	1456	6	41	9	12	260	-15	1525	7.5	85	21	20	16	320	5	1732	8	100	24	24	18	340	12	1801	1801
4730	Hedypnois rhagadioloides	5.5	27	12	6	6	240	-22	1456	6	41	9	12	260	-15	1525	7.5	85	21	20	16	320	5	1732	8	100	24	24	18	340	12	1801	1801
4731	Ononis viscosa breviflora	5.7	35	12	6	6	240	-22	1456	6.1	48	9	12	260	-15	1525	7.5	87	21	20	16	320	5	1732	8	100	24	24	18	340	12	1801	1801
4732	Anisantha fasciculata	5.7	35	12	6	6	240	-22	1456	6.1	48	9	12	260	-15	1525	7.5	87	21	20	16	320	5	1732	8	100	24	24	18	340	12	1801	1801
4733	Hippocrepis ciliata	5.7	35	12	6	6	240	-22	1456	6.1	48	9	12	260	-15	1525	7.5	87	21	20	16	320	5	1732	8	100	24	24	18	340	12	1801	1801
4734	Echium parviflorum	5.7	35	12	6	6	240	-22	1456	6.1	48	9	12	260	-15	1525	7.5	87	21	20	16	320	5	1732	8	100	24	24	18	340	12	1801	1801
4735	Sulla spinosissima	5.7	35	12	6	6	240	-22	1456	6.1	48	9	12	260	-15	1525	7.5	87	21	20	16	320	5	1732	8	100	24	24	18	340	12	1801	1801
4736	Medicago littoralis	5.7	35	12	6	6	240	-22	63	6.1	48	9	12	260	-15	245	7.5	87	21	20	16	320	5	790	8	100	24	24	18	340	12	972	1801
4737	Crupina crupinastrum	5.7	35	12	6	6	240	-22	1456	6.1	48	9	12	260	-15	1525	7.5	87	21	20	16	320	5	1732	8	100	24	24	18	340	12	1801	1801
4738	Silene nocturna	5.7	35	12	6	6	240	-22	1456	6.1	48	9	12	260	-15	1525	7.5	87	21	20	16	320	5	1732	8	100	24	24	18	340	12	1801	1801
4739	Linum strictum	5.7	35	12	6	6	240	-22	1456	6.1	48	9	12	260	-15	1525	7.5	87	21	20	16	320	5	1732	8	100	24	24	18	340	12	1801	1801
4740	Filago eriocephala	5.7	35	12	6	6	240	-22	1456	6.1	48	9	12	260	-15	1525	7.5	87	21	20	16	320	5	1732	8	100	24	24	18	340	12	1801	1801
4741	Ononis reclinata 	5.7	35	12	6	6	240	-22	1456	6.1	48	9	12	260	-15	1525	7.5	87	21	20	16	320	5	1732	8	100	24	24	18	340	12	1801	1801
4742	Trifolium stellatum	5.7	35	12	6	6	240	-22	1456	6.1	48	9	12	260	-15	1525	7.5	87	21	20	16	320	5	1732	8	100	24	24	18	340	12	1801	1801
4743	Hyoseris scabra	5.7	35	12	6	6	240	-22	1456	6.1	48	9	12	260	-15	1525	7.5	87	21	20	16	320	5	1732	8	100	24	24	18	340	12	1801	1801
4744	Parapholis incurva	5.7	35	12	6	6	240	-22	1456	6.1	48	9	12	260	-15	1525	7.5	87	21	20	16	320	5	1732	8	100	24	24	18	340	12	1801	1801
4745	Atractylis cancellata	5.7	35	12	6	6	240	-22	1456	6.1	48	9	12	260	-15	1525	7.5	87	21	20	16	320	5	1732	8	100	24	24	18	340	12	1801	1801
4746	Medicago turbinata	5.7	35	12	6	6	240	-22	16	6.1	48	9	12	260	-15	43	7.5	87	21	20	16	320	5	122	8	100	24	24	18	340	12	148	1801
4747	Eryngium dichotomum	5.5	27	12	12	12	230	-22	1232	5.9	41	15	12	252	-15	1330	7.1	85	21	24	16	318	5	1626	7.5	100	24	28	18	340	12	1725	1725
4748	Moricandia arvensis	5.5	27	12	12	12	230	-22	1232	5.9	41	15	12	252	-15	1330	7.1	85	21	24	16	318	5	1626	7.5	100	24	28	18	340	12	1725	1725
4749	Capparis sicula	5.5	27	12	12	12	230	-22	1232	5.9	41	15	12	252	-15	1330	7.1	85	21	24	16	318	5	1626	7.5	100	24	28	18	340	12	1725	1725
4750	Lygeum spartum	5.5	27	12	12	12	230	-22	1232	5.9	41	15	12	252	-15	1330	7.1	85	21	24	16	318	5	1626	7.5	100	24	28	18	340	12	1725	1725
4751	Pallenis spinosa	5.5	27	12	12	12	230	-22	1232	5.9	41	15	12	252	-15	1330	7.1	85	21	24	16	318	5	1626	7.5	100	24	28	18	340	12	1725	1725
4752	Carlina hispanica	4.2	18	12	12	12	230	-22	1232	4.8	34	15	13	252	-10	1330	6.8	83	21	24	20	318	24	1626	7.5	100	24	28	23	340	36	1725	1725
4753	Squilla pancration	5.5	27	12	12	12	230	-22	1232	5.9	41	15	12	252	-15	1330	7.1	85	21	24	16	318	5	1626	7.5	100	24	28	18	340	12	1725	1725
4754	Asphodelus ramosus ramosus	5.5	27	12	12	12	230	-22	1232	5.9	41	15	12	252	-15	1330	7.1	85	21	24	16	318	5	1626	7.5	100	24	28	18	340	12	1725	1725
4755	Carlina lanata	5.5	27	12	12	12	230	-22	1232	5.9	41	15	12	252	-15	1330	7.1	85	21	24	16	318	5	1626	7.5	100	24	28	18	340	12	1725	1725
4756	Hyparrhenia hirta	4.2	18	12	6	6	230	-22	1232	4.8	34	10	12	252	-13	1330	6.8	83	23	23	18	318	11	1626	7.5	100	26	28	20	340	20	1725	1725
4757	Foeniculum vulgare piperitum	5.2	30	12	12	12	230	-22	1232	5.6	44	15	13	252	-10	1330	7	86	23	24	20	318	24	1626	7.5	100	26	28	23	340	36	1725	1725
4758	Lathyrus clymenum	5.5	27	12	12	12	230	-22	1232	5.9	41	15	12	252	-15	1330	7.1	85	21	24	16	318	5	1626	7.5	100	24	28	18	340	12	1725	1725
4759	Cachrys libanotis	5.5	27	12	12	12	230	-22	1232	5.9	41	15	12	252	-15	1330	7.1	85	21	24	16	318	5	1626	7.5	100	24	28	18	340	12	1725	1725
4760	Reichardia picroides	5.5	27	12	12	12	230	-22	1232	5.9	41	15	12	252	-15	1330	7.1	85	21	24	16	318	5	1626	7.5	100	24	28	18	340	12	1725	1725
4761	Verbascum sinuatum	5.5	27	12	12	12	230	-22	1232	5.9	41	14	15	12	252	-15	1330	7.1	85	21	24	16	318	5	1626	7.5	100	24	28	18	340	12	1725
4762	Clinopodium nepeta	5.5	27	12	12	12	230	-22	1232	5.9	41	15	12	252	-15	1330	7.1	85	21	24	16	318	5	1626	7.5	100	24	28	18	340	12	1725	1725
4763	Centaurea sicula	5.5	27	12	12	12	230	-22	1232	5.8	41	15	12	252	-15	1330	6.7	85	21	24	16	318	5	1626	7	100	24	28	18	340	12	1725	1725
4764	Sideritis romana	5.5	27	12	12	12	230	-22	1232	5.8	41	15	12	252	-15	1330	6.7	85	21	24	16	318	5	1626	7	100	24	28	18	340	12	1725	1725
4765	Galium aetnicum	3.8	13	18	12	12	230	-3	1164	4.3	21	15	16	244	2	1221	5.9	47	26	24	19	286	20	1394	6.5	56	29	28	21	300	26	1452	1452
4766	Gypsophila arrostii	3.8	13	18	12	12	230	-3	1164	4.3	21	15	16	244	2	1221	5.9	47	26	24	19	286	20	1394	6.5	56	29	28	21	300	26	1452	1452
4767	Carlina gummifera	3.8	13	18	12	12	230	-3	1164	4.4	30	15	16	244	2	1221	6.3	82	26	24	19	286	20	1394	7	100	29	28	21	300	26	1452	1452
4768	Urospermum dalechampii	3.8	13	18	12	12	230	-3	1164	4.3	21	15	16	244	2	1221	5.9	47	26	24	19	286	20	1394	6.5	56	29	28	21	300	26	1452	1452
4769	Dianthus graminifolius	4.4	21	12	8	8	285	-7	1561	5	36	11	14	296	-3	1608	6.8	84	23	20	17	329	8	1752	7.5	100	26	24	18	340	12	1800	1800
4770	Kundmannia sicula	5.5	27	12	8	8	285	-7	1561	5.9	41	12	14	296	-3	1608	7.1	85	23	24	17	329	8	1752	7.5	100	26	28	18	340	12	1800	1800
4771	Hyoseris radiata	5.5	27	12	8	8	245	-22	1561	5.9	41	12	12	264	-13	1608	7.1	85	23	24	18	321	11	1752	7.5	100	26	28	20	340	20	1800	1800
4772	Ferula communis	5.5	27	12	8	8	285	-7	1561	5.9	41	12	14	296	-3	1608	7.1	85	23	24	17	329	8	1752	7.5	100	26	28	18	340	12	1800	1800
4773	Anthyllis vulneraria maura	5.5	27	12	8	8	265	-17	1561	5.9	41	12	13	280	-11	1608	7.1	85	23	24	16	325	6	1752	7.5	100	26	28	18	340	12	1800	1800
4774	Elaeoselinum meoides	4.4	21	12	8	8	285	-7	1561	4.8	33	11	14	296	-3	1608	6.3	72	23	20	17	329	8	1752	6.8	85	26	24	18	340	12	1800	1800
4775	Helictochloa cincinnata	5.5	27	12	8	8	265	-17	1561	5.9	41	12	13	280	-11	1608	7.1	85	23	24	16	325	6	1752	7.5	100	26	28	18	340	12	1800	1800
4776	Dactylorhiza saccifera	5.2	27	12	24	24	185	-27	911	5.6	41	30	12	204	-16	999	7	85	21	48	18	261	15	1263	7.5	100	24	55	21	280	26	1351	1351
4777	Cirsium creticum triumfettii	5.2	27	12	24	24	185	-27	911	5.6	41	30	12	204	-16	999	7	85	21	48	18	261	15	1263	7.5	100	24	55	21	280	26	1351	1351
4778	Oenanthe globulosa	5.2	27	12	24	24	185	-27	911	5.6	41	30	12	204	-16	999	7	85	21	48	18	261	15	1263	7.5	100	24	55	21	280	26	1351	1351
4779	Trifolium leucanthum	4	16	12	12	12	185	-27	911	4.7	32	20	12	204	-16	999	6.8	83	21	46	18	261	15	1263	7.5	100	24	55	21	280	26	1351	1351
4780	Trifolium incarnatum molinerii	4	16	12	12	12	185	-31	867	4.7	32	15	11	204	-19	968	6.8	83	21	24	18	261	14	1271	7.5	100	24	27	21	280	26	1372	1372
4781	Anthemis arvensis sphacelata	4	16	12	12	12	185	-31	867	4.7	32	15	11	204	-19	968	6.8	83	16	24	18	261	14	1271	7.5	100	18	27	21	280	26	1372	1372
4782	Plantago cupanii	4	16	12	12	12	185	-31	867	4.7	32	15	11	204	-19	968	6.8	83	21	24	18	261	14	1271	7.5	100	24	27	21	280	26	1372	1372
4783	Vulpia sicula	4	16	12	12	12	185	-31	867	4.7	32	14	15	11	204	-19	968	6.8	83	21	24	18	261	14	1271	7.5	100	24	27	21	280	26	1372
4784	Crepis vesicaria bivonana	4	16	12	12	12	185	-31	867	4.7	32	15	11	204	-19	968	6.8	83	21	24	18	261	14	1271	7.5	100	24	27	21	280	26	1372	1372
4785	Crepis leontodontoides	4	16	12	9	9	185	-31	867	4.7	32	12	11	204	-19	968	6.8	83	21	23	18	261	14	1271	7.5	100	24	27	21	280	26	1372	1372
4786	Cichorium pumilum	4	16	12	12	12	185	-31	867	4.7	32	15	11	204	-19	968	6.8	83	21	24	18	261	14	1271	7.5	100	24	27	21	280	26	1372	1372
4787	Panicum repens	5.2	27	12	12	12	260	-27	1010	5.6	41	18	12	276	-16	1166	7	85	21	39	18	324	15	1637	7.5	100	24	46	21	340	26	1794	1794
4788	Tamarix africana	5.2	27	12	12	12	260	-27	1122	5.6	41	18	12	276	-16	1263	7	85	21	39	18	324	15	1689	7.5	100	24	46	21	340	26	1831	1831
4789	Phagnalon rupestre illyricum	5.2	27	12	12	12	260	-27	1513	5.6	41	14	12	276	-16	1572	7	85	21	21	18	324	15	1749	7.5	100	24	24	21	340	26	1809	1809
4790	Teucrium capitatum	5.2	27	12	12	12	260	-27	1513	5.6	41	14	12	276	-16	1572	7	85	21	21	18	324	15	1749	7.5	100	24	24	21	340	26	1809	1809
4791	Fumana thymifolia	5.2	27	12	12	12	260	-27	1513	5.6	41	14	12	276	-16	1572	7	85	21	21	18	324	15	1749	7.5	100	24	24	21	340	26	1809	1809
4792	Fumana laevipes	5.2	27	12	12	12	260	-27	1513	5.6	41	14	12	276	-16	1572	7	85	21	21	18	324	15	1749	7.5	100	24	24	21	340	26	1809	1809
4794	Asphodelus ramosus	5.2	27	12	4	4	260	-27	1513	5.6	41	8	12	276	-16	1572	7	85	21	20	18	324	15	1749	7.5	100	24	24	21	340	26	1809	1809
4795	Phalaris coerulescens	5.2	27	12	24	24	185	-27	863	5.6	41	30	11	214	-21	1025	7	85	21	48	14	301	-3	1512	7.5	100	24	55	16	330	2	1675	1675
4796	Ulmus minor canescens	5.4	32	10	21	21	230	-31	1181	5.8	45	26	10	244	-26	1184	7	86	21	41	13	286	-12	1193	7.5	100	24	46	14	300	-8	1197	1197
4797	Salix pedicellata	5.4	32	10	21	21	230	-31	827	5.8	45	26	10	244	-26	853	7	86	21	41	13	286	-12	931	7.5	100	24	46	14	300	-8	957	957
4798	Dorycnium rectum	5.4	32	10	21	21	230	-31	331	5.8	45	26	10	244	-26	368	7	86	21	41	13	286	-12	479	7.5	100	24	46	14	300	-8	517	517
4799	Equisetum ramosissimum	5.4	32	10	21	21	230	-31	331	5.8	45	26	10	244	-26	368	7	86	21	41	13	286	-12	479	7.5	100	24	46	14	300	-8	517	517
4800	Fraxinus excelsior siciliensis	4.2	18	10	9	9	185	-31	942	4.7	34	16	10	194	-24	990	6.4	83	22	38	14	221	-4	1137	7	100	26	46	16	230	2	1186	1186
4801	Galium rotundifolium hirsutum	4.2	18	10	9	9	185	-31	204	4.7	34	16	10	194	-24	244	6.4	83	22	38	14	221	-4	365	7	100	26	46	16	230	2	406	406
4802	Asperula laevigata	4.2	18	10	9	9	185	-31	204	4.7	34	16	10	202	-24	244	6.4	83	22	38	14	253	-4	365	7	100	26	46	16	270	2	406	406
4803	Scutellaria rubicunda	4.2	18	10	9	9	195	-31	110	4.7	34	16	10	206	-24	143	6.4	83	22	38	14	239	-4	245	7	100	26	46	16	250	2	279	279
4804	Luzula sylvatica sicula	4.2	18	10	9	9	195	-31	110	4.7	34	16	10	212	-24	143	6.4	83	22	38	14	263	-4	245	7	100	26	46	16	280	2	279	279
4805	Silene italica sicula	4.2	18	10	9	9	195	-31	110	4.7	34	16	10	206	-24	143	6.4	83	22	38	14	239	-4	245	7	100	26	46	16	250	2	279	279
4806	Quercus leptobalanus	4.2	18	10	9	9	220	-31	724	4.6	25	16	10	234	-24	813	6	48	22	38	14	276	-4	1081	6.5	56	26	46	16	290	2	1171	1171
4807	Quercus congesta	4.2	18	10	9	9	185	-31	724	4.7	34	16	10	206	-24	813	6.4	83	22	38	14	269	-4	1081	7	100	26	46	16	290	2	1171	1171
4808	Symphytum gussonei	4.2	18	10	9	9	220	-31	206	4.6	25	16	10	234	-24	279	6	48	22	38	14	276	-4	500	6.5	56	26	46	16	290	2	574	574
4809	Melittis melissophyllum albida	4.2	18	10	9	9	220	-31	206	4.6	25	16	10	234	-24	279	6	48	22	38	14	276	-4	500	6.5	56	26	46	16	290	2	574	574
4810	Anthriscus nemorosa	4.2	18	10	9	9	220	-31	206	4.6	25	16	10	234	-24	279	6	48	22	38	14	276	-4	500	6.5	56	26	46	16	290	2	574	574
4811	Thalictrum calabricum	4.2	18	10	9	9	190	-31	206	4.7	34	16	10	210	-24	279	6.4	83	22	38	14	270	-4	500	7	100	26	46	16	290	2	574	574
4812	Dryopteris pallida	6.2	45	12	12	12	230	-22	56	6.5	56	15	13	252	-10	94	7.6	89	23	24	20	318	24	211	8	100	26	28	23	340	36	250	250
4813	Aristolochia clusii	6.2	45	12	12	12	230	-22	56	6.5	56	15	13	252	-10	94	7.6	89	23	24	20	318	24	211	8	100	26	28	23	340	36	250	250
4814	Euphorbia characias	4.2	18	10	4	4	250	-31	412	4.8	34	12	11	268	-20	498	6.8	83	21	37	17	322	9	758	7.5	100	24	46	20	340	20	845	845
4815	Teucrium fruticans	4.7	25	10	6	6	250	-31	412	5.1	40	14	11	268	-20	498	6.5	85	21	38	17	322	9	758	7	100	24	46	20	340	20	845	845
4816	Geocaryum capillifolium	4.2	18	18	8	8	185	-31	154	4.7	34	10	10	194	-24	187	6.4	83	28	19	14	221	-4	286	7	100	31	22	16	230	2	319	319
4817	Potentilla detommasii	4.2	18	18	8	8	185	-31	154	4.7	34	10	10	194	-24	187	6.4	83	28	19	14	221	-4	286	7	100	31	22	16	230	2	319	319
4818	Clinopodium vulgare arundanum	4.2	18	18	8	8	185	-31	154	4.7	34	10	10	202	-24	187	6.4	83	28	19	14	253	-4	286	7	100	31	22	16	270	2	319	319
4819	Melica minuta	4.2	18	18	8	8	185	-31	154	4.7	34	10	10	202	-24	187	6.4	83	28	19	14	253	-4	286	7	100	31	22	16	270	2	319	319
4820	Quercus pubescens pubescens	4.2	18	18	8	8	185	-31	852	4.7	34	10	11	216	-20	903	6.4	83	28	19	17	309	9	1056	7	100	31	22	20	340	20	1108	1108
4821	Paeonia mascula	4.2	18	18	8	8	185	-31	154	4.7	34	10	10	202	-24	187	6.4	83	28	19	14	253	-4	286	7	100	31	22	16	270	2	319	319
4822	Pimpinella anisoides	4.2	18	18	8	8	185	-31	154	4.7	34	10	10	202	-24	187	6.4	83	28	19	14	253	-4	286	7	100	31	22	16	270	2	319	319
4823	Quercus gussonei	4.2	18	18	8	8	195	-31	1040	4.7	34	10	10	212	-24	1125	6.4	83	28	19	14	263	-4	1383	7	100	31	22	16	280	2	1469	1469
4824	Iris foetidissima	4.2	18	18	8	8	195	-31	198	4.7	34	10	10	212	-24	244	6.4	83	28	19	14	263	-4	385	7	100	31	22	16	280	2	432	432
4825	Echinops siculus	4.2	18	18	8	8	195	-31	198	4.7	34	10	10	212	-24	244	6.4	83	28	19	14	263	-4	385	7	100	31	22	16	280	2	432	432
4826	Quercus × fontanesii	4.2	18	18	8	8	195	-31	1040	4.7	34	10	10	212	-24	1125	6.4	83	28	19	14	263	-4	1383	7	100	31	22	16	280	2	1469	1469
4827	Ranunculus neapolitanus	4.2	18	18	8	8	195	-31	198	4.7	34	10	10	212	-24	244	6.4	83	28	19	14	263	-4	385	7	100	31	22	16	280	2	432	432
4828	Prasium majus	5.4	32	12	4	4	240	-27	677	5.9	45	6	13	260	-11	794	7.4	86	27	14	22	320	34	1145	8	100	31	17	26	340	50	1262	1262
4829	Sarcopoterium spinosum	6.1	40	15	4	4	310	-27	1358	6.4	52	6	11	321	-21	1448	7.6	88	23	12	14	354	-3	1720	8	100	26	15	16	365	2	1811	1811
4830	Acanthus mollis	5.7	35	10	9	9	240	-22	53	6.1	48	12	12	260	-15	102	7.5	87	21	24	16	320	5	252	8	100	24	28	18	340	12	302	302
4831	Hedera helix helix	3	3	10	6	6	110	-46	53	4	22	13	13	152	-12	102	7	80	26	34	34	278	88	252	8	100	31	42	41	320	122	302	302
4832	Ficus carica	5.7	35	10	9	9	240	-22	1327	6.1	48	12	12	260	-15	1397	7.5	87	21	24	16	320	5	1609	8	100	24	28	18	340	12	1680	1680
4833	Carex flacca serrulata	4.2	18	10	9	9	190	-31	181	4.8	34	16	10	210	-24	258	6.8	83	22	38	14	270	-4	489	7.5	100	26	46	16	290	2	567	567
4834	Euphorbia amygdaloides arbuscula	4.2	18	10	9	9	190	-31	181	4.8	34	16	10	210	-24	258	6.8	83	22	38	14	270	-4	489	7.5	100	26	46	16	290	2	567	567
4835	Globularia alypum	5.7	35	10	9	9	240	-22	181	6.1	48	12	12	260	-15	258	7.5	87	21	24	16	320	5	489	8	100	24	28	18	340	12	567	567
4836	Pinus pinaster escarena	4.8	26	12	8	8	285	-7	1515	5.2	40	11	14	296	-3	1579	6.5	85	23	20	17	329	8	1771	7	100	26	24	18	340	12	1835	1835
4837	Genista aspalathoides	3	3	12	8	8	285	-7	606	3.8	22	11	14	296	-3	683	6.2	80	23	20	17	329	8	914	7	100	26	24	18	340	12	991	991
4838	Carex illegitima	4.8	26	12	8	8	285	-7	364	5.2	40	11	14	296	-3	430	6.5	85	23	20	17	329	8	628	7	100	26	24	18	340	12	694	694
4839	Pinus nigra laricio	3.2	5	15	4	4	175	-27	832	3.8	15	8	10	184	-23	872	5.6	45	27	22	13	211	-11	993	6.2	55	31	27	14	220	-7	1034	1034
4840	Epipactis microphylla	4.8	26	12	4	4	175	-27	120	5.2	40	8	10	184	-23	149	6.7	85	21	22	13	211	-11	236	7.2	100	24	27	14	220	-7	265	265
4841	Clinopodium vulgare orientale	4.8	26	12	4	4	175	-27	120	5.2	40	8	10	184	-23	149	6.7	85	21	22	13	211	-11	236	7.2	100	24	27	14	220	-7	265	265
4842	Thapsia garganica	4.8	26	12	4	4	175	-27	120	5.2	40	8	10	184	-23	149	6.5	85	21	22	13	211	-11	236	7	100	24	27	14	220	-7	265	265
4843	Helichrysum errerae	4.8	26	12	8	8	300	-7	1725	5.2	40	11	14	310	-3	1740	6.5	85	23	20	17	340	8	1788	7	100	26	24	18	350	12	1804	1804
4844	Matthiola incana rupestris	4.8	26	12	8	8	300	-7	709	5.2	40	11	14	310	-3	733	6.5	85	23	20	17	340	8	807	7	100	26	24	18	350	12	832	1804
4845	Thymelaea hirsuta	4.8	26	12	8	8	300	-7	1725	5.2	40	11	14	310	-3	1740	6.5	85	23	20	17	340	8	1788	7	100	26	24	18	350	12	1804	1804
4846	Jacobaea maritima bicolor	4.8	26	12	8	8	300	-7	1725	5.2	40	11	14	310	-3	1740	6.5	85	23	20	17	340	8	1788	7	100	26	24	18	350	12	1804	1804
4847	Lotus cytisoides	4.8	26	12	8	8	300	-7	1725	5.2	40	11	14	310	-3	1740	6.5	85	23	20	17	340	8	1788	7	100	26	24	18	350	12	1804	1804
4848	Limonium cosyrense	6.4	52	12	8	8	300	-7	1725	6.8	61	11	14	310	-3	1740	8	90	23	20	17	340	8	1788	8.5	100	26	24	18	350	12	1804	1804
4849	Silene sedoides	6.4	52	12	8	8	300	-7	1725	6.8	61	11	14	310	-3	1740	8	90	23	20	17	340	8	1788	8.5	100	26	24	18	350	12	1804	1804
4850	Plantago macrorrhiza	6.4	52	12	8	8	300	-7	1725	6.8	61	11	14	310	-3	1740	8	90	23	20	17	340	8	1788	8.5	100	26	24	18	350	12	1804	1804
4851	Euphorbia segetalis pinea	4.8	26	12	8	8	300	-7	1725	5.2	40	11	14	310	-3	1740	6.5	85	23	20	17	340	8	1788	7	100	26	24	18	350	12	1804	1804
4852	Sporobolus pumilus	4.9	26	12	14	14	230	-22	1634	5.5	40	19	12	252	-15	1669	7.3	85	23	36	17	318	5	1774	8	100	26	42	19	340	12	1810	1810
4853	Elytrigia elongata	4.9	26	12	14	14	230	-22	1634	5.5	40	19	12	252	-15	1669	7.3	85	23	36	17	318	5	1774	8	100	26	42	19	340	12	1810	1810
4854	Centranthus ruber	6.2	45	7	4	4	230	-22	1148	6.5	56	8	13	252	-10	1286	7.6	89	22	23	20	318	24	1701	8	100	26	28	23	340	36	1840	1840
4855	Sonchus tenerrimus	6.2	45	7	4	4	230	-22	1148	6.5	56	8	13	252	-10	1286	7.6	89	22	23	20	318	24	1701	8	100	26	28	23	340	36	1840	1840
4856	Antirrhinum siculum	6.2	45	7	4	4	230	-22	1148	6.5	56	8	13	252	-10	1286	7.6	89	22	23	20	318	24	1701	8	100	26	28	23	340	36	1840	1840
4857	Capparis spinosa	4.9	26	7	4	4	230	-22	1148	5.5	40	8	13	252	-10	1286	7.3	85	22	23	20	318	24	1701	8	100	26	28	23	340	36	1840	1840
4858	Veronica cymbalaria	4.9	26	7	4	4	230	-22	1148	5.5	40	10	8	13	252	-10	1286	7.3	85	22	23	20	318	24	1701	8	100	26	28	23	340	36	1840
4859	Ptilostemon niveus	4.9	26	7	4	4	220	-27	1088	5.4	40	8	11	232	-21	1139	6.9	85	22	23	14	268	-3	1292	7.5	100	26	28	16	280	2	1343	1343
4860	Jacobaea candida	4.9	26	7	4	4	220	-27	1088	5.4	40	8	11	232	-21	1139	6.9	85	22	23	14	268	-3	1292	7.5	100	26	28	16	280	2	1343	1343
4861	Arrhenatherum elatius sardoum	4.9	26	7	4	4	220	-27	1088	5.4	40	8	11	232	-21	1139	6.9	85	22	23	14	268	-3	1292	7.5	100	26	28	16	280	2	1343	1343
4862	Linaria purpurea	4.9	26	7	4	4	220	-27	1088	5.4	40	8	11	232	-21	1139	6.9	85	22	23	14	268	-3	1292	7.5	100	26	28	16	280	2	1343	1343
4863	Linaria simplex	4.9	26	7	4	4	220	-27	1088	5.4	40	8	11	232	-21	1139	6.9	85	22	23	14	268	-3	1292	7.5	100	26	28	16	280	2	1343	1343
4864	Rumex scutatus scutatus	4.9	26	7	4	4	220	-27	1088	5.4	40	8	11	232	-21	1139	6.9	85	22	23	14	268	-3	1292	7.5	100	26	28	16	280	2	1343	1343
4865	Scrophularia canina bicolor	4.9	26	7	4	4	220	-27	1088	5.4	40	8	11	232	-21	1139	6.9	85	22	23	14	268	-3	1292	7.5	100	26	28	16	280	2	1343	1343
4866	Helichrysum italicum siculum	4.9	26	7	4	4	220	-27	1088	5.4	40	8	11	232	-21	1139	6.9	85	22	23	14	268	-3	1292	7.5	100	26	28	16	280	2	1343	1343
4867	Hypochaeris laevigata	4.9	26	7	4	4	220	-27	1088	5.4	40	8	11	232	-21	1139	6.9	85	22	23	14	268	-3	1292	7.5	100	26	28	16	280	2	1343	1343
4868	Sideritis italica	4.9	26	7	4	4	220	-27	1088	5.4	40	8	11	232	-21	1139	6.9	85	22	23	14	268	-3	1292	7.5	100	26	28	16	280	2	1343	1343
4869	Tripolium sorrentinoi	5.7	35	10	9	9	240	-22	1375	6.1	48	12	12	260	-15	1445	7.5	87	21	24	16	320	5	1655	8	100	24	28	18	340	12	1725	1725
4870	Eryngium triquetrum	5.7	35	10	9	9	240	-22	1375	6.1	48	12	12	260	-15	1445	7.5	87	21	24	16	320	5	1655	8	100	24	28	18	340	12	1725	1725
4871	Hedysarum coronarium 	5.7	35	10	9	9	240	-22	1375	6.1	48	12	12	260	-15	1445	7.5	87	21	24	16	320	5	1655	8	100	24	28	18	340	12	1725	1725
4872	Lolium rigidum	5.7	35	10	9	9	240	-22	1375	6.1	48	12	12	260	-15	1445	7.5	87	21	24	16	320	5	1655	8	100	24	28	18	340	12	1725	1725
4873	Saxifraga oppositifolia rudolphiana	6	38	18	5	5	40	-27	176	6.4	50	7	16	50	2	218	7.6	87	24	14	34	80	92	342	8	100	26	17	41	90	122	728	728
4874	Euphorbia peplus	5.2	30	8	5	5	140	-36	481	5.5	44	9	9	156	-29	507	6.6	86	16	21	13	204	-10	585	7	100	18	25	15	220	-4	611	611
4875	Lamium album	3.3	6	7	4	4	90	-17	41	4.2	24	11	17	107	10	132	7	81	26	33	35	158	94	406	8	100	31	41	41	175	122	498	498
4876	Sempervivum arachnoideum	3.5	10	15	5	5	65	-22	183	3.8	14	8	17	85	6	286	5	27	27	19	35	145	93	595	5.4	32	31	23	41	165	122	603	603
4877	Sempervivum arachnoideum tomentosum	3.5	10	15	5	5	65	-22	183	3.8	14	8	17	85	6	286	5	27	27	19	35	145	93	595	5.4	32	31	23	41	165	122	603	603
4878	Sedum annuum	3.5	10	15	5	5	65	-22	183	3.8	14	8	17	85	6	286	5	27	27	19	35	145	93	595	5.4	32	31	23	41	165	122	603	603
4879	Carex bohemica	3.2	5	8	24	24	140	-31	397	4.2	24	30	10	149	-24	437	7.3	81	16	48	14	176	-4	557	8.4	100	18	55	16	185	2	598	598
4880	Radiola linoides	3.5	10	15	42	42	155	-36	395	4.2	28	46	9	162	-28	435	6.3	82	23	60	14	183	-5	557	7	100	26	65	16	190	2	598	598
4881	Veronica scutellata	3.5	10	15	42	42	155	-36	395	4.2	28	17	46	9	162	-28	316	6.3	82	23	60	14	183	-5	79	7	100	26	65	16	190	2	0
4882	Elatine hexandra	5	28	13	40	40	65	-46	435	5.4	42	45	13	90	-12	467	6.6	85	29	60	34	165	88	565	7	100	33	66	41	190	122	598	598
4883	Luzula pedemontana	4.2	18	18	12	12	165	2	230	4.6	23	18	17	177	9	269	5.8	40	26	39	22	213	32	386	6.2	46	28	46	24	225	40	425	425
4884	Phyteuma michelii	4.2	18	18	12	12	180	2	230	4.6	23	18	17	189	9	269	5.8	40	26	39	22	216	32	386	6.2	46	28	46	24	225	40	425	425
4885	Polygala nicaeensis	4.2	18	18	12	12	170	2	703	4.6	23	18	17	181	9	734	5.8	40	26	39	22	214	32	828	6.2	46	28	46	24	225	40	860	860
4886	Moenchia mantica	4.2	18	18	12	12	170	2	703	4.6	23	18	17	181	9	734	5.8	40	26	39	22	214	32	828	6.2	46	28	46	24	225	40	860	860
4887	Thymus longicaulis	4.2	18	18	12	12	170	2	703	4.6	23	18	17	181	9	734	5.8	40	26	39	22	214	32	828	6.2	46	28	46	24	225	40	860	860
4888	Xanthium orientale italicum	4.1	17	7	22	22	180	-4	727	4.8	33	9	28	16	188	4	776	7.2	83	15	48	21	212	28	923	8	100	18	55	23	220	36	972
4889	Saponaria officinalis	4.1	17	7	22	22	180	-4	727	4.3	19	26	16	188	4	776	4.9	27	15	41	21	212	28	923	5.2	30	18	46	23	220	36	972	972
4890	Eruca vesicaria	4.1	17	7	22	22	180	-4	727	4.8	33	28	16	188	4	776	7.2	83	15	48	21	212	28	923	8	100	18	55	23	220	36	972	972
4891	Puccinellia festuciformis	6.2	49	10	24	24	220	-12	868	6.6	59	39	14	247.2	-7	904	8	89	18	84	17	328.8	7	1012	8.5	100	20	100	18	356	12	1048	1048
4892	Rapistrum rugosum	5.2	30	18	4	4	200	2	747	5.6	44	6	18	212	15	788	7	86	28	15	27	248	55	912	7.5	100	31	18	30	260	69	954	954
4893	Avena fatua	5.2	30	18	4	4	200	-41	747	5.6	44	6	10	212	-30	788	7	86	28	15	16	248	1	912	7.5	100	31	18	18	260	12	954	954
4894	Clematis viticella	4.6	24	15	8	8	190	-4	107	5	39	14	17	210	6	164	6.5	84	20	35	23	270	39	336	7	100	22	42	26	290	50	394	394
4895	Knautia purpurea	6.2	49	15	4	4	180	-4	42	6.6	59	6	16	188	2	67	8	89	23	14	19	212	20	145	8.5	100	26	17	21	220	26	171	171
4896	Laburnum anagyroides	6.2	49	15	4	4	180	-4	65	6.5	59	6	16	188	2	97	7.6	89	23	14	19	212	20	195	8	100	26	17	21	220	26	228	228
4898	Dianthus barbatus	4.5	23	15	8	8	185	1	23	5	38	12	21	193	25	57	6.5	84	23	24	36	217	97	160	7	100	26	28	41	225	122	195	195
4899	Pulmonaria australis	4.5	23	15	8	8	185	1	43	5	38	12	21	193	25	81	6.5	84	23	24	36	217	97	198	7	100	26	28	41	225	122	237	237
4900	Lamium galeobdolon flavidum	4.4	21	10	6	6	110	-46	60	5	36	13	13	132	-12	108	6.8	84	26	34	34	198	88	252	7.5	100	31	42	41	220	122	301	301
4901	Asarum europaeum caucasicum	4.4	21	10	6	6	110	-46	60	5	36	13	13	132	-12	108	6.8	84	26	34	34	198	88	252	7.5	100	31	42	41	220	122	301	301
4902	Galium laevigatum	4.4	21	10	6	6	110	-46	60	5	36	13	13	132	-12	108	6.8	84	26	34	34	198	88	252	7.5	100	31	42	41	220	122	301	301
4903	Hemerocallis lilioasphodelus	5	28	16	6	6	145	17	83	5.5	42	9	22	153	33	117	7	85	24	20	32	177	81	219	7.5	100	26	24	36	185	98	253	253
4904	Genista sericea	4.2	18	17	4	4	165	12	31	4.4	21	7	21	176	29	68	5.3	31	28	17	32	209	80	179	5.6	35	31	21	36	220	98	217	217
4905	Melampyrum velebiticum	5.4	32	14	4	4	145	1	13	5.9	45	6	18	159	14	68	7.4	86	22	15	27	201	56	234	8	100	24	18	30	215	70	290	290
4906	Polypodium interjectum	5.4	32	14	4	4	145	1	13	5.9	45	6	18	159	14	68	7.4	86	22	15	27	201	56	234	8	100	24	18	30	215	70	290	290
4907	Geranium nodosum	5.2	30	12	6	6	170	1	119	5.5	44	9	17	178	8	142	6.6	86	18	18	21	202	29	211	7	100	20	21	23	210	36	235	235
4908	Adenostyles alpina australis	5.2	30	12	6	6	170	1	119	5.5	44	9	17	178	8	142	6.6	86	18	18	21	202	29	211	7	100	20	21	23	210	36	235	235
4909	Cardamine kitaibelii	5.2	30	12	6	6	170	1	119	5.5	44	9	17	180	8	142	6.6	86	18	18	21	210	29	211	7	100	20	21	23	220	36	235	235
4910	Pulmonaria vallarsae	4	16	21	4	4	185	-4	37	4.4	23	6	16	191	0	55	5.8	44	28	15	19	209	15	111	6.3	52	30	18	20	215	20	130	130
4911	Dactylorhiza fuchsii	4	16	21	4	4	185	-4	37	4.4	23	6	16	191	0	55	5.8	44	28	15	19	209	15	111	6.3	52	30	18	20	215	20	130	130
4912	Armeria filicaulis	4	16	24	4	4	140	-41	811	4.4	22	6	8	145	-34	815	5.7	40	36	15	12	160	-13	829	6.2	46	40	18	14	165	-7	834	834
4913	Arenaria aggregata	4	16	24	4	4	140	-41	811	4.4	22	6	8	145	-34	815	5.7	40	36	15	12	160	-13	829	6.2	46	40	18	14	165	-7	834	834
4914	Erodium foetidum cheilanthifolium	4	16	24	4	4	140	-41	811	4.4	22	6	8	145	-34	815	5.7	40	36	15	12	160	-13	829	6.2	46	40	18	14	165	-7	834	834
4915	Sideritis glacialis	4	16	24	4	4	140	-41	811	4.4	22	6	8	145	-34	815	5.7	40	36	15	12	160	-13	829	6.2	46	40	18	14	165	-7	834	834
4916	Jacobaea boissieri	4	16	24	4	4	140	-41	811	4.8	32	6	8	145	-34	815	7.2	83	36	15	12	160	-13	829	8	100	40	18	14	165	-7	834	834
4917	Jurinea humilis	4	16	24	4	4	140	-41	811	4.7	32	6	8	145	-34	815	6.8	83	36	15	12	160	-13	829	7.5	100	40	18	14	165	-7	834	834
4918	Agrostis nevadensis	4	16	24	4	4	140	-41	811	4.4	22	6	8	145	-34	815	5.7	40	36	15	12	160	-13	829	6.2	46	40	18	14	165	-7	834	834
4919	Astragalus sempervirens nevadensis	4	16	24	4	4	140	-41	811	4.7	32	6	8	145	-34	815	6.8	83	36	15	12	160	-13	829	7.5	100	40	18	14	165	-7	834	834
4920	Daphne oleoides	4.2	18	8	5	5	80	-36	112	5	34	8	12	108	-15	148	7.6	83	26	19	25	192	48	258	8.5	100	31	23	30	220	69	295	295
4921	Salix salviifolia	4.7	25	12	42	42	150	-36	652	5.2	40	45	9	166	-30	756	6.9	85	21	54	12	214	-13	1070	7.5	100	24	58	14	230	-8	1175	1175
4922	Paeonia broteroi	4.7	25	12	4	4	160	-36	414	5.4	40	6	9	184	-30	492	7.7	85	21	15	12	256	-13	726	8.5	100	24	18	14	280	-8	805	805
4923	Paeonia coriacea	6.2	49	12	4	4	185	-36	168	6.6	59	8	9	204	-29	280	8	89	23	20	13	261	-10	618	8.5	100	26	24	15	280	-4	731	731
4924	Rhamnus lycioides oleoides	5	28	12	8	8	300	-36	1358	5.4	42	12	11	310	-18	1450	6.6	85	23	27	22	340	32	1727	7	100	26	32	26	350	50	1820	1820
4925	Pseudorlaya pumila	4.2	18	18	4	4	240	-12	1244	4.7	34	6	16	264	4	1325	6.4	83	28	15	26	336	52	1571	7	100	31	18	30	360	69	1653	1653
4926	Silene ramosissima	4.2	18	18	4	4	240	-12	1244	4.7	34	6	16	264	4	1325	6.4	83	28	15	26	336	52	1571	7	100	31	18	30	360	69	1653	1653
4927	Zollikoferia resedaefolia	4.2	18	18	4	4	240	-12	1244	4.7	34	20	6	16	264	4	1325	6.4	83	28	15	26	336	52	1571	7	100	31	18	30	360	69	1653
4928	Ptychotis saxifraga	5.2	28	12	6	6	160	1	747	5.8	42	9	17	188	6	872	7.8	85	21	20	20	272	21	1249	8.5	100	24	24	21	300	26	1375	1375
4929	Linaria supina	5.2	28	12	6	6	160	1	747	5.8	42	9	17	184	6	872	7.8	85	21	20	20	256	21	1249	8.5	100	24	24	21	280	26	1375	1375
4930	Silene inaperta	4.2	18	20	6	6	220	1	1121	4.6	23	9	17	238	6	1182	5.8	40	28	20	20	292	21	1365	6.2	46	31	24	21	310	26	1426	1426
4931	Alopecurus myosuroides	5.2	30	12	40	40	185	1	827	5.6	44	43	17	204	6	929	7	86	18	54	20	261	21	1237	7.5	100	20	58	21	280	26	1340	1340
4932	Euphorbia illirica	5.2	28	8	22	22	175	6	76	5.8	42	28	18	182	12	136	7.8	85	16	48	21	203	30	317	8.5	100	18	55	23	210	36	378	378
4933	Cirsium monspessulanum	5.2	28	10	32	32	145	-17	659	5.8	42	37	13	154	-10	714	7.8	85	21	52	17	181	10	880	8.5	100	24	58	19	190	17	936	936
4934	Erodium rupestre	5.2	28	10	4	4	200	-12	983	5.8	42	8	14	212	-6	1039	7.8	85	21	20	17	248	11	1210	8.5	100	24	24	19	260	17	1267	1267
4935	Allium senescens	5.2	28	10	4	4	200	-12	983	5.8	42	8	14	212	-6	1039	7.8	85	21	20	17	248	11	1210	8.5	100	24	24	19	260	17	1267	1267
4936	Teucrium luteum	5.2	28	10	4	4	175	-12	983	5.8	42	8	14	192	-6	1039	7.8	85	21	20	17	243	11	1210	8.5	100	24	24	19	260	17	1267	1267
4937	Helianthemum italicum	5.2	28	10	4	4	125	-17	983	5.8	42	8	13	152	-8	1039	7.8	85	21	20	19	233	17	1210	8.5	100	24	24	21	260	26	1267	1267
4938	Dictamnus hispanicus	5.2	28	10	4	4	200	-12	1373	5.8	42	8	11	220	-7	1421	7.8	85	21	20	16	280	7	1567	8.5	100	24	24	18	300	12	1616	1616
4939	Vincetoxicum hirundinaria apodum	5.2	28	10	4	4	200	-12	1373	5.8	42	12	8	11	220	-7	1421	7.8	85	21	20	16	280	7	1567	8.5	100	24	24	18	300	12	1616
4940	Aristolochia pistolochia	5.2	28	10	4	4	200	-12	1373	5.8	42	8	11	220	-7	1421	7.8	85	21	20	16	280	7	1567	8.5	100	24	24	18	300	12	1616	1616
4941	Arundo donax	5.8	36	10	22	22	200	-31	105	6.2	48	26	10	222	-22	190	7.5	87	18	41	16	288	3	447	8	100	20	46	18	310	12	533	533
4942	Punica granatum	5.8	36	10	22	22	200	-31	1046	6.2	48	26	10	222	-22	1192	7.5	87	18	41	16	288	3	1630	8	100	20	46	18	310	12	1776	1776
4943	Mentha longifolia longifolia	5.8	36	10	22	22	200	-31	105	6.2	48	26	10	222	-22	190	7.5	87	18	41	16	288	3	447	8	100	20	46	18	310	12	533	533
4944	Petasites pyrenaicus	5.2	30	12	40	40	240	1	121	5.8	44	42	17	250	8	183	7.8	86	18	49	21	280	29	372	8.5	100	20	52	23	290	36	435	435
4945	Malva olbia	5.2	30	12	40	40	240	1	1181	5.8	44	42	17	250	8	1280	7.8	86	18	49	21	280	29	1580	8.5	100	20	52	23	290	36	1680	1451
4946	Clinopodium menthifolium ascendens	5.2	30	12	40	40	240	1	121	5.8	44	42	17	250	8	183	7.8	86	18	49	21	280	29	372	8.5	100	20	52	23	290	36	435	435
4947	Carex sylvatica paui 	5.2	30	12	12	12	190	1	113	5.4	34	18	17	210	8	134	6.1	47	18	36	21	270	29	199	6.4	52	20	42	23	290	36	221	568
4948	Carex sylvatica  sylvatica	4.7	25	12	12	12	190	1	185	5	30	18	17	210	8	261	6	46	18	36	21	270	29	491	6.4	52	20	42	23	290	36	568	221
4949	Linum salsoloides	5.8	36	10	4	4	160	2	506	6.2	48	7	17	178	8	564	7.5	87	18	17	21	232	29	738	8	100	20	21	23	250	36	797	797
4950	Catananche caerulea	5.8	36	10	4	4	175	1	506	6.2	48	7	17	190	8	564	7.5	87	18	17	21	235	29	738	8	100	20	21	23	250	36	797	797
4951	Onobrychis supina	5.8	36	10	4	4	160	1	506	6.2	48	7	17	178	8	564	7.5	87	18	17	21	232	29	738	8	100	20	21	23	250	36	797	797
4952	Coronilla minima minima	5.8	36	10	4	4	160	1	506	6.2	48	7	17	178	8	564	7.5	87	18	17	21	232	29	738	8	100	20	21	23	250	36	797	797
4953	Fumana ericoides	5.8	36	10	4	4	160	2	506	6.2	48	7	17	178	8	564	7.5	87	18	17	21	232	29	738	8	100	20	21	23	250	36	797	797
4954	Hippocrepis glauca	6.2	45	10	4	4	175	1	506	6.6	56	7	17	190	8	564	8	89	18	17	21	235	29	738	8.5	100	20	21	23	250	36	797	797
4955	Asperula cynanchica cynanchica	6.2	45	10	4	4	175	1	506	6.6	56	7	17	190	8	564	8	89	18	17	21	235	29	738	8.5	100	20	21	23	250	36	797	797
4956	Koeleria splendens	5.8	36	10	4	4	175	1	506	6.2	48	7	17	190	8	564	7.5	87	18	17	21	235	29	738	8	100	20	21	23	250	36	797	797
4957	Argyrolobium zanonii	5.8	36	10	4	4	175	1	506	6.2	48	7	17	190	8	564	7.5	87	18	17	21	235	29	738	8	100	20	21	23	250	36	797	797
4958	Lavandula angustifolia pyrenaica	6.2	46	12	4	4	160	-4	345	6.6	56	6	16	170	2	427	8	89	21	14	19	200	20	673	8.5	100	24	17	21	210	26	756	756
4959	Anthyllis montana	6.2	46	12	4	4	160	-4	345	6.6	56	6	16	170	2	427	8	89	21	14	19	200	20	673	8.5	100	24	17	21	210	26	756	756
4960	Helictochloa pratensis iberica	6.2	46	12	4	4	160	-12	621	6.6	56	6	14	180	-5	701	8	89	21	14	18	240	13	941	8.5	100	24	17	20	260	20	1021	1021
4961	Genista cinerea	6.2	46	12	4	4	160	-12	621	6.6	56	6	14	170	-5	701	8	89	21	14	18	200	13	941	8.5	100	24	17	20	210	20	1021	1021
4962	Astragalus hypoglottis hypoglottis	6.2	46	12	4	4	160	-12	621	6.6	56	6	14	170	-5	701	8	89	21	14	18	200	13	941	8.5	100	24	17	20	210	20	1021	1021
4963	Linum viscosum	6.2	46	12	4	4	160	-12	621	6.6	56	6	14	170	-5	701	8	89	21	14	18	200	13	941	8.5	100	24	17	20	210	20	1021	1021
4964	Lotus halophilus	6.2	46	12	4	4	160	-12	621	6.6	56	6	14	170	-5	701	8	89	21	14	18	200	13	941	8.5	100	24	17	20	210	20	1021	1021
4965	Astragalus monspessulanus monspessulanus	6.2	46	12	4	4	160	-12	749	6.6	56	6	14	172	-5	802	8	89	21	14	18	208	13	961	8.5	100	24	17	20	220	20	1014	1014
4966	Linum narbonense	6.2	46	12	4	4	170	-17	749	6.6	56	6	13	188	-9	802	8	89	21	14	18	242	12	961	8.5	100	24	17	20	260	20	1014	1014
4967	Helichrysum stoechas	6.2	46	12	4	4	170	-12	886	6.6	56	6	14	180	-5	913	8	89	21	14	18	210	13	994	8.5	100	24	17	20	220	20	1021	1021
4968	Thymus fontqueri 	6.2	46	12	4	4	170	-12	886	6.6	56	6	14	180	-5	913	8	89	21	14	18	210	13	994	8.5	100	24	17	20	220	20	1021	1021
4969	Teucrium aragonense	6.2	46	12	4	4	170	-12	886	6.6	56	6	14	180	-5	913	8	89	21	14	18	210	13	994	8.5	100	24	17	20	220	20	1021	1021
4970	Rhaponticum coniferum	6.2	46	12	4	4	190	-12	953	6.6	56	6	14	208	-7	1061	8	89	21	14	17	262	7	1386	8.5	100	24	17	18	280	12	1495	1495
4971	Medicago suffruticosa leiocarpa	6.2	46	12	4	4	175	-12	1456	6.6	56	6	14	196	-7	1525	8	89	21	14	17	259	7	1732	8.5	100	24	17	18	280	12	1801	1495
4972	Pseudopodospermum hispanicum	6.2	46	12	4	4	175	-12	953	6.6	56	6	14	196	-7	1061	8	89	21	14	17	259	7	1386	8.5	100	24	17	18	280	12	1495	1495
4973	Helianthemum origanifolium molle	6.2	46	12	4	4	175	-12	1241	6.6	56	6	14	196	-7	1312	8	89	21	14	17	259	7	1526	8.5	100	24	17	18	280	12	1598	1598
4974	Helictochloa bromoides	6.2	46	12	4	4	220	-22	1241	6.6	56	6	12	232	-17	1312	8	89	21	14	15	268	-2	1526	8.5	100	24	17	16	280	2	1598	1598
4975	Ononis minutissima	6.2	46	12	4	4	220	-22	1241	6.6	56	6	12	232	-17	1312	8	89	21	14	15	268	-2	1526	8.5	100	24	17	16	280	2	1598	1598
4976	Helianthemum cinereum	6.2	46	12	4	4	220	-22	1241	6.6	56	6	12	232	-17	1312	8	89	21	14	15	268	-2	1526	8.5	100	24	17	16	280	2	1598	1598
4977	Phlomis lychnitis 	6.2	46	12	4	4	220	-22	1241	6.6	56	6	12	232	-17	1312	8	89	21	14	15	268	-2	1526	8.5	100	24	17	16	280	2	1598	1598
4978	Staehelina dubia	6.2	46	12	4	4	220	-22	1241	6.6	56	6	12	232	-17	1312	8	89	21	14	15	268	-2	1526	8.5	100	24	17	16	280	2	1598	1598
4979	Thymus vulgaris aestivus	6.2	46	12	4	4	220	-22	1241	6.6	56	6	12	232	-17	1312	8	89	21	14	15	268	-2	1526	8.5	100	24	17	16	280	2	1598	1598
4980	Ononis natrix natrix	5.2	27	16	4	4	90	-22	415	5.6	41	6	13	107	-12	490	7	85	25	15	19	158	16	716	7.5	100	28	18	21	175	26	792	792
4981	Santolina benthamiana	5.2	27	16	4	4	90	-22	415	5.6	41	6	13	107	-12	490	7	85	25	15	19	158	16	716	7.5	100	28	18	21	175	26	792	792
4982	Satureja montana montana	5.2	27	16	4	4	90	-22	415	5.6	41	6	13	107	-12	490	7	85	25	15	19	158	16	716	7.5	100	28	18	21	175	26	792	792
5001	Angelica palustris	3.1	4	8	12	12	90	-46	1	4	23	21	10	116	-23	152	7	80	28	50	25	194	46	604	8	100	33	60	30	220	69	755	755
5002	Helosciadium repens	4.5	23	12	9	9	115	-46	325	5.1	38	16	10	136	-23	430	6.9	84	23	38	25	199	46	745	7.5	100	26	46	30	220	69	850	850
5003	Botrychium simplex	3.1	4	22	31	31	140	-12	404	3.3	6	36	14	150	-4	422	3.9	14	30	54	19	180	18	475	4.1	17	32	60	21	190	26	492	492
5004	Cypripedium calceolus	3.8	13	12	6	6	110	-22	9	4.6	30	12	17	126	6	177	7.1	82	27	31	35	174	93	682	8	100	31	38	41	190	122	850	850
5005	Lycopodium alpinum	3.1	4	18	4	4	65	-31	213	3.4	8	11	15	96	0	324	4.5	22	28	33	34	189	91	660	4.9	27	31	41.2	41	220	122	772	772
5006	Lycopodium complanatum	3	3	18	4	4	98	-36	6	3.3	7	10	14	116.4	-4	63	4.5	22	35	31	34	171.6	90	236	4.9	27	40	38	41	190	122	293	293
5007	Lycopodium × issleri	3.2	5	18	5	5	140	-46	433	3.5	9	8	7	150	-38	482	4.5	22	28	20	12	180	-15	629	4.9	27	31	24	14	190	-8	678	678
5008	Lycopodium × oellgaardii	3.1	4	18	4	4	90	-31	255	3.7	11	11	15	116	0	359	5.5	34	28	33	34	194	91	669	6.1	42	31	41.2	41	220	122	772	772
5009	Lycopodium tristachyum	3	3	18	4	4	90	-22	42	3.3	7	11	17	110	6	146	4.5	22	30	33	35	170	93	459	4.9	27	33	41.2	41	190	122	563	563
5010	Lycopodium × zeilleri	3.1	4	18	4	4	115	-36	44	3.4	8	6	12	130	-15	148	4.5	22	35	15	25	175	48	459	4.9	27	40	18	30	190	69	563	563
5011	Galanthus nivalis	3.8	13	10	12	12	110	-46	1	4.5	30	21	13	132	-12	70	6.7	82	27	48	34	198	88	277	7.5	100	32	58	41	220	122	346	346
5012	Jurinea cyanoides	4.9	27	12	5	5	115	-46	411	5.4	41	8	8	130	-36	450	6.9	85	23	19	14	175	-7	566	7.5	100	26	23	16	190	2	605	605
5013	Lycopodium clavatum	3	3	18	4	4	115	-36	266	3.4	8	6	12	130	-15	339	4.6	23	29	15	25	175	48	555	5	28	32	18	30	190	69	627	627
5014	Pulsatilla patens	4.5	23	15	6	6	105	-46	69	5.1	38	10	8	128	-34	187	6.9	84	27	23	15	197	0	540	7.5	100	31	28	18	220	12	658	658
5015	Saxifraga hirculus	3.1	4	15	38	38	115	-36	294	3.5	9	43	12	130	-15	405	4.9	26	29	60	25	175	48	739	5.4	32	33	66	30	190	69	850	850
5016	Thesium ebracteatum	3.3	6	15	6	6	105	-46	69	3.6	10	12	10	128	-23	180	4.5	22	27	30	25	197	46	515	4.8	26	31	37	30	220	69	627	627
5017	Trichomanes speciosum	3.4	8	15	5	5	65	20	206	3.8	13	9	22	70	29	225	5.2	30	27	21	28	85	59	283	5.7	36	31	26	30	90	69	303	303
5018	Bruchia vogesiaca	3.1	4	22	31	31	140	-12	80	3.3	6	36	14	150	-4	104	3.9	14	30	54	19	180	18	173	4.1	17	32	60	21	190	26	197	197
5019	Hamatocaulis lapponicus	3.1	4	15	39	39	115	-36	16	3.7	13	44	12	130	-15	81	5.7	42	29	60	25	175	48	275	6.4	52	33	66	30	190	69	340	340
5020	Hamatocaulis vernicosus	3.1	4	15	39	39	115	-36	16	3.7	13	44	12	130	-15	81	5.7	42	29	60	25	175	48	275	6.4	52	33	66	30	190	69	340	340
5021	Mannia triandra	3.7	12	12	4	4	65	-31	61	4.6	29	11	15	96	0	151	7.5	82	27	33	34	189	91	422	8.5	100	31	41	41	220	122	513	337
5022	Meesia longiseta	4.1	17	15	36	36	115	-7	146	4.8	33	42	17	125	8	183	7.2	83	29	60	26	155	53	293	8	100	33	66	30	165	69	330	148
5023	Scapania carinthiaca	3	3	18	6	6	90	-46	1	3.5	10	16	13	110	-12	41	5.3	31	51	49	34	170	88	161	5.9	38	60	60	41	190	122	200	200
5024	Sphagnum compactum	3	3	20	42	42	90	-7	13	3.3	7	45	17	116	8	101	4.5	22	52	56	26	194	53	366	4.9	27	60	60	30	220	69	454	454
5025	Sphagnum molle	3	3	20	40	40	100	-7	51	3.3	7	45	17	123	8	132	4.5	22	52	60	26	192	53	373	4.9	27	60	66	30	215	69	454	454
5026	Sphagnum obtusum	3.1	4	15	40	40	45	-36	16	3.5	9	45	15	74	0	133	4.7	24	51	60	37	161	105	483	5.2	30	60	66	45	190	141	600	600
5027	Sphagnum papillosum	3.1	4	15	42	42	90	-46	15	3.3	6	46	10	116	-23	176	3.9	15	51	61	25	194	46	658	4.2	18	60	66	30	220	69	819	819
5028	Sphagnum fuscum	3.1	4	22	8	8	100	-46	1	3.3	6	18	13	122	-12	45	3.9	15	52	49	34	188	88	176	4.2	18	60	60	41	210	122	219	219
5029	Cladonia ciliata	3	3	16	4	4	90	-46	12	3.7	13	16	10	116	-23	71	5.8	45	29	53	25	194	46	249	6.5	56	33	66	30	220	69	308	308
5030	Cladina portentosa	3	3	15	4	4	65	-36	1	3.8	22	8	14	96	-4	65	6.2	80	29	22	34	189	90	257	7	100	33	27	41	220	122	321	321
5031	Cladonia stellaris	3	3	18	8	8	55	11	10	3.3	7	14	22	73	33	44	4.3	20	28	32	36	127	99	144	4.7	25	31	38	41	145	122	177	177
5032	Cladonia stygia	3.1	4	15	5	5	40	-17	13	3.7	13	17	17	65	10	134	5.7	42	51	53	35	140	94	498	6.4	52	60	66	41	165	122	619	619
5033	Cladonia mitis	3	3	18	4	4	105	-46	2	3.8	22	8	10	128	-23	102	6.2	80	35	20	25	197	46	400	7	100	40	24	30	220	69	500	500
5034	Cladonia cervicornis verticillata	3.1	4	22	4	4	115	-36	49	3.5	8	6	10	130	-23	115	4.7	23	36	14	18	175	13	314	5.1	28	40	17	21	190	26	381	381
5035	Vicia sylvatica	3.8	13	15	5	5	115	-22	8	4.6	30	18	9	14	130	-5	44	7.1	82	27	23	24	175	43	154	8	100	31	28	28	190	60	190
5036	Taxus baccata	5.2	30	12	5	5	120	-27	18	5.6	44	8	13	140	-9	18	7	86	23	19	24	200	42	18	7.5	100	26	23	28	220	60	18	18
5037	Betula nana	3.1	4	20	58	58	95	-46	35	3.4	8	59	10	114	-23	35	4.5	22	52	64	25	171	46	35	4.9	27	60	66	30	190	69	35	35
5038	Buxus sempervirens	4.8	26	15	4	4	115	-46	19	5.4	40	7	10	144	-23	19	7.3	85	27	19	25	231	46	19	8	100	31	23	30	260	69	19	19
5039	Calla palustris	4.4	21	15	40	40	115	-46	21	4.9	36	52	10	135	-23	187	6.4	84	51	88	25	195	46	684	7	100	60	100	30	215	69	850	850
5040	Leucojum vernum	5	27	15	8	8	110	-27	4	5.5	41	19	16	126	2	125	7	85	27	54	34	174	92	488	7.5	100	31	66	41	190	122	609	609
5056	Crocus napolitanus	5.5	34	15	5	5	115	-12	5	5.8	47	8	16	136	4	33	6.7	86	23	17	26	199	52	117	7	100	26	21	30	220	69	145	145
5057	Myosotis rehsteineri	6.4	52	15	33	33	115	20	19	6.8	61	38	22	125	29	117	8	90	27	53	28	155	59	410	8.5	100	31	58	30	165	69	508	508
5058	Gentianella bohemica	3.2	5	18	15	15	90	-31	255	3.5	9	20	15	116	0	359	4.6	23	28	35	34	194	91	669	5	28	31	41.2	41	220	122	772	772
5059	Distichiphyllum carinatum	4.9	27	15	9	9	65	11	0	5.3	41	15	22	85	33	13	6.5	85	23	35	36	145	99	50	7	100	26	42.7	41	165	122	63	63
5060	Pulsatilla grandis	5	28	15	5	5	145	-46	345	5.4	42	9	7	154	-38	407	6.6	85	23	23	12	181	-15	596	7	100	26	28	14	190	-8	658	658
5061	Dicranum viride	4.7	25	10	4	4	115	-46	0	5.1	40	11	10	133	-23	14	6.5	85	26	35	25	187	46	55	7	100	31	43	30	205	69	68	68
5062	Buxbaumia viridis	3	3	16	8	8	90	-12	0	3.8	22	14	18	105	14	34	6.2	80	28	32	35	150	95	134	7	100	31	39	41	165	122	168	168
5063	Dichelyma capillaceum	3.7	12	15	9	9	110	-36	0	4.3	29	15	14	132	-4	79	6.3	82	25	36	34	198	90	318	7	100	28	43	41	220	122	397	397
5064	Notothylas orbicularis	5	28	12	4	4	140	-22	283	5.4	42	7	13	145	-12	337	6.6	85	23	18	19	160	16	499	7	100	26	22	21	165	26	553	553
5065	Orthotrichum rogeri	4.4	21	15	10	10	110	-36	0	4.9	36	16	14	126	-4	11	6.4	84	27	36	34	174	90	44	7	100	31	43	41	190	122	56	56
5066	Tayloria rudolphiana	4.1	17	10	12	12	110	-36	0	4.6	33	18	14	132	-4	15	6.4	83	26	36	34	198	90	63	7	100	31	42.2	41	220	122	78	78
5067	Bromus grossus	5.4	32	12	6	6	140	-27	442	5.8	45	12	11	155	-21	513	7	86	16	32	14	200	-3	726	7.5	100	18	39	16	215	2	797	797
5068	Gladiolus palustris	4	16	12	12	12	90	-36	306	4.9	32	21	12	110	-15	377	7.6	83	28	50	25	170	48	589	8.5	100	33	60	30	190	69	660	660
5069	Artemisia laciniata	6.2	45	15	8	8	90	-36	70	6.3	56	12	11	105	-21	70	6.8	89	23	27	20	150	21	70	7	100	26	32	23	165	36	70	70
