Adorni M. (2001) Analisi fitosociologica dei querceti a Quercus pubescens Willd. della Val Baganza (Parma, Appennino settentrionale). Inform. Bot. Ital. 33(2): 359-367. In: Fariselli R., Pezzi G., Buldrini F., Viciani D. 2024. La vegetazione dell’Emilia-Romagna. 2th ed. AMSActa - Institutional Research Repository by AlmaDL University of Bologna Digital Library. 724 p.  https://amsacta.unibo.it/id/eprint/7547/1/Vegetazione%20Emilia-Romagna%202%5E%20ed.pdf
AfF Südtirol - Amt für Forstplanung der Autonomen Provinz Bozen-Südtirol (Ed.) 2010.  [Forest typification South Tyrol, VOLUME 2], Publ.: Lanarepro, Lana, 313 p.,  https://assets-eu-01.kc-usercontent.com/e705ccf7-e606-0153-8112-2688ed406044/6f7b983a-6d8c-4894-b8e8-09efd20ca6b9/Waldtypisierung%20S%C3%BCdtirol%20Band%202.pdf
Aguilella A. 1985. Flora y vegetación de la Sierra del Toro y las Navas de Torrijas, “Estribaciones sudorientales del Macizo del Javalambre”. Tesis Doctoral. Facultad de Biología. Universidad de Valencia.
Aichinger E. 1956. Die Calluna-Heiden (Callunetum vulgaris) und die Erica carnea-Heiden (Ericetum carneae). Springer Wien 125 pp. https://wvw.zlibrary.to/dl/die-calluna-heiden-callunetum-vulgaris-und-die-erica-carnea-heiden-ericetum-carneae
Aichinger E. 1960. Vegetationskundliche Studien im Raume des Faaker Sees – Carinthia II – 150_70_2: 129 - 217. https://www.zobodat.at/pdf/CAR_150_70_2_0129-0217.pdf
Aita L., Corbetta F,. Orsino F. 1977. Osservazioni fitosociologiche sulla vegetazione forestale dell´ Appennino Lucano centro-settentrionale (I° Le cerrete). [Phytosociological observations on the forest vegetation of the central-northern Lucanian Apennines (I° Le cerrete)] Arch. Bot. Biogeogr. Ital., 53: 97-128.
Alcaraz F., Ríos S., Sánchez Gómez P. 1987 Vegetación forestal y de orlas en la riberas del SE de España. Universidad de La Laguna, serie informes, 22: 41-54. In: Garilleti R., Calleja J.A., Lara F. 2012 Vegetación ribereña de los ríos y ramblas de la España meridional (península y archipiélagos). Ed.: Ministerio de Agricultura, Alimentación y Medio Ambiente Madrid, 645 p.
Allegrezza M., Mentoni M., Tesei G. 2010 Geomorfologia e paesaggio vegetale: l’esempio della grande frana di Pescacci (Comune di Serra San Quirico – Appennino centrale). Fitosociologia vol. 47 (2): 57-97, https://www.scienzadellavegetazione.it/wp-content/uploads/2023/07/192.pdf
Allorge P. 1922. Les associations végétales du Vexin français. Thèse, Univ. Paris. 342 pp., 1 carte. Lesot, Nemours. https://musee-stendhal.bm-grenoble.fr/detailstatic.aspx?RSC_BASE=OAI_3&RSC_DOCID=_b64_b2FpLWJpYmxpb3RoZXF1ZS1tdXNldW0uZ3Jlbm9ibGUuZnItMTg2ODc=&TITLE=les-associations-vegetales-du-vexin-francais&_lg=fr-FR
Allorge P.1941. Essai de synthese phytogeographique du Pays basque. Bull. Soc. Bot. France, Paris: 88:291-356. https://www.tandfonline.com/doi/pdf/10.1080/00378941.1941.10834231?needAccess=true
Alonso, J.-J. Garcia-Abad (2024): Central Spain Vegetation: Utande-Hectad´s Relevés (30TWL02UTM Grid Cell). E-cienciaDatos, Dataset
Altehage C. 1955. Die Scheuchzeria - Moore des Hümmlings als wichtige Natururkunden Nordwestdeutschland – Veröffentlichungen des Naturwissenschaftlichen Vereins zu Osnabrück – 27: 21 - 36. https://www.zobodat.at/pdf/Veroeff-Natwiss-Ver-Osnabrueck_27_0021-0036.pdf
"Altehage C. 1957. Der ""Ahlder Pool"" im Kreise Lingen als wichtige atlantische Florenstätte Nordwestdeutschlands – Veröffentlichungen des Naturwissenschaftlichen Vereins zu Osnabrück – 28: 22 - 32. https://www.zobodat.at/pdf/Veroeff-Natwiss-Ver-Osnabrueck_28_0022-0032.pdf"
Altehage C. 1960. Die VegetationsverhäItnisse des Naturschutzgebietes Berger Keienvenn im Kreise Lingen – Veröffentlichungen des Naturwissenschaftlichen Vereins zu Osnabrück – 29: 17 - 36. https://www.zobodat.at/pdf/Veroeff-Natwiss-Ver-Osnabrueck_29_0017-0036.pdf
Amberg K. 1916.  The Pilatus in its plant-geographical and economic conditions. Luzern, Ziegler. 216 pp. 
Anders S., Beck W., Bolte A., Hofmann G., Jenssen M., Krakau U-K., Müller J. 2002. Ökologie und Vegetation der Wälder Nordostdeutschlands – Einfluss von Niederschlagsarmut und erhöhtem Stickstoffeintrag auf Kiefern- Eichen- und Buchen-Wald- und Forstökosysteme des nordostdeutschen Tieflandes. [Ecology and Vegetation of the Forests of Northeast Germany - Influence of Low Precipitation and Increased Nitrogen Input on Pine Oak and Beech Forest and Forest Ecosystems of the Northeast German Lowlands]. Eberswalde Publisher Dr Kessel Oberwinter 283 pp. 
Andreis C., Sartori F. (2009): Sintassonomia dei boschi Lombardi. Natura Bresciana. Ann. Mus. Civ. Sc. Nat., Brescia, 2009, 36: 173-178. https://www.comune.brescia.it/lfs/servizi/arteculturaeturismo/museoscienze/Documents/2009_36_173-178_Andreis_et_al.pdf
Antonietti A. 1968. Le associazioni forestali dell’orizzonte submontano del Cantone Ticino su substrati pedogenetici ricchi di carbonati [Forest associations in the submontane horizon of Canton Ticino on carbonate-rich pedogenetic substrates]. Mitt. Eidgenöss. Forsch.anst. Wald Schnee Landsch. 44, 2:81–226. https://www.doi.org/https://doi.org/10.3929/ethz-a-000410383
Arrigoni P.V. , Bartolini L. 1997. - Documenti per la Carta della Vegetatione della Calvana di Prato, in Toscana. Parlatorea 2:101-123. https://www.scienzadellavegetazione.it/wp-content/uploads/2023/07/Parlatorea_Vol_2.pdf
Arrigoni P.V. , Foggi B. Bechi N., Ricceri C. 1997. - Documenti per la Carta della Vegetatione del Monte Morello (Prov. Di Firenze. Parlatorea 2:73-100. https://www.scienzadellavegetazione.it/wp-content/uploads/2023/07/Parlatorea_Vol_2.pdf
Arrigoni P.V. 1997. Documenti per la carta della vegetazione delle Cerbaie (Toscana settentrionale) [Documents for the vegetation map of Cerbaie (northern Tuscany)]. Parlatorea 2:39–71. https://www.scienzadellavegetazione.it/wp-content/uploads/2023/07/Parlatorea_Vol_2.pdf
Arrigoni P.V. Di Tommaso P.L. 1997. - La vegetazione del Monte Argentario (Toscana meridionale). Parlatorea 2:5-38. https://www.scienzadellavegetazione.it/wp-content/uploads/2023/07/Parlatorea_Vol_2.pdf
Arrigoni P.V., Mazzanti A., Ricceri C. 1990. Contributo alla conoscenza dei boschi della Maremma grossetana [Contribution to the knowledge of the forests of the Grosseto Maremma]. Webbia 44:121-150.
Arrigoni, P.V.; Di Tommaso, P.L.; Camarda, I.; Satta, V. (1996): La vegetazione dell’Azienda Forestale “Sa Pruna” (Dorgali—Sardegnacentro-orientale). Parlatorea  1:47–59
Asensi A., Rivas-Martinez S. 1976. Contribucion al Conocimiento Fitosociologico de los Pinsapares de la Serrania de Rondo [Contribution to the Phytosociological Knowledge of the Pinsapares of Serrania de Rondo]. Anal. Inst. Bot. Cavanilles 33:239-247
Assini S.P. 2004. The alluvial vegetation of the Po river in the central-west Padana Plain (Po Plain-Northern Italy). Colloques Phytosociologiques Vol. XXVIII pp. 333-360
Auer C., Trepp W. 1954. 2 Vegetationsaufnahmen [2 vegetation releveés]. In. Kuoch R. 1954. Wälder der Schweizer Alpen im Verbreitungsgebiet der Weisstanne [Forests of the Swiss Alps in the distribution area of the silver fir]. Mitt.  Eidgenöss. Forsch.anst. Wald Schnee Landsch. 30:133–260
Bachmann H. 1982. Die Vegetation des Irrseebeckens. Gutachten Naturschutzabteilung Oberösterreich 0169:1-184. https://www.zobodat.at/pdf/GUTNAT_0169_0001-0184.pdf
Bajrak OM 1996. Syntaxonomy of broad-leaved forests of the left-Bank Dnieper region. Ukr Fitotsenot Zbirn Ser A 3:51–63 [in Ukrainian] 
Balátová-Tuláčková E. 1973. Mokré a vlhké louky v širším okolí Třebíče [Wet and damp meadows in the wider surroundings of Trebic]. Sborn. Přír. Klubu Západomorav. Muz. Třebíč 9:7–18
Barbero M Quézel P. 1976. Les groupements forestiers de Gréce Centro-Méridionale [Forestry groups in Central and Southern Greece]. Ecol Medit 2:3–86
Barbero M. Quezel P. 1986. Place et rôle de Juniperus thurifera dans les structures de vegetation des Alpes du Sud [The place and role of Juniperus thurifera in the vegetation structures of the Southern Alps]. Lazaroa 9:255-275
Bardet L. 1971. Contribution à l’étude écologique des forêts du plateau vaudois [Contribution to the ecological study of the forests of the Vaud plateau]. Lausanne, Service cantonal des Forêts. 137 pp.
Bardet L., 1965. Laubwälder [Deciduous forests], Kt. Waadt 1964/65. in. Ellenberg H., Klötzli F. 1972. Waldgesellschaften und Waldstandorte der Schweiz [Forest communities and forest sites in Switzerland]. Ed.. Dr. W. Bosshard, Direktor der Eidgenössischen Anstalt für das Forstliche Versuchswesen. Bd./Vol. 48 Heft/Fase. 4:494-930
Bartha D., Kevey B., Morschhauser T., Pócs T. 2021. Hazai erdőtársulásaink / Forest associations of Hungary. Publisher: Bartha Dénes. In book: Tilia 1:8-85
Bartsch J., Bartsch M. 1940. Vegetationskunde des Schwarzwaldes [Vegetation science of the Black Forest]. Pflanzensoziologie Gustav Fischer Jena 4:1-229
Bartsch J., Bartsch M., (1940): Vegetationskunde des Schwarzwaldes. Pflanzensoziologie 4 : 1-229
Baumann E. 1911. Die Vegetation des Untersees Bodensee [The vegetation of Untersee Lake Constance]. Arch. Hydrobiol. Planktonk., Suppl., 1 . 554 pp.
Becker T. 1998. Die Pflanzengesellschaften der Felsfluren und Magerrasen im unteren Unstruttal (Sachsen-Anhalt). Tuexenia 18: 153-206. https://www.zobodat.at/pdf/Tuexenia_NS_18_0153-0206.pdf
Beger H., 1922. Assoziationsstudien in der Waldstufe des Schanfiggs [Association studies in the forest stage of the Schanfigg]. Mitt. Bot. Museum Univ. Zürich, 96:1-147. 
Bellegard A.L. 1971. Steppic forestry. Lesnaya promishlenost Moskva [in Russian]
"Bellot F. 1965. La vegetación de Galicia. Anales del Instituto Botánico ""A.I.Cavanilles"" 24(1):3-306"
"Belmonte D. (1986).  Estudio de la flora y vegetacion de la comarca y sierra de Las Corchuelas.
Parque Natural de Monfrague, Cáceres., Tesis Doctoral. Madrid"
Belmonte Lopez D. 2008. La Vegetation del Montefragüe. Parque National Caceres Espana. Junta de Extremadura, Consejeria de Industria, Energia y Medio Ambiente, 768 p., http://extremambiente.juntaex.es/files/biblioteca_digital/La_Vegetacion_de_Monfrague.pdf
Berg, C., Dengler, J., Abdank, A., Isermann, M. (2004): Die Pflanzengesellschaften Mecklenburg-Vorpommerns und ihre Gefährdung [The plant communities of Mecklenburg-Vorpommern and their endangerment]. Weissdorn Verlag Jena. Textband: 606 S. + Tabellenband: 341 pp.
Berger-Landefeldt U., Sukopp H. 1965. Zur Synökologie der Sandtrockenrasen, insbesondere der Silbergrasflur – Verhandlungen des Botanischen Vereins Berlin Brandenburg – 102: 41 - 98. https://www.zobodat.at/pdf/Verh-Bot-Ver-Berlin-Brandenburg_102_0041-0098.pdf
Bergmeier E. 1990. Meso- und thermophile Saumgesellschaften. Trifolio-Geranieta Müller ex Müller 1962 – Botanik und Naturschutz in Hessen – BH_2: 136 - 141. https://www.zobodat.at/pdf/Botanik-Naturschutz-Hessen_BH_2_0136-0141.pdf
Bergmeier E. 1990. Wälder und Gebüsche des Niederen Olymp (Káto Olimbos, NO-Thessalien). Ein Beitrag zur systematischen und orographischen Vegetationsgliederung Griechenlands [Forests and shrubs of the Lower Olympus (Káto Olimbos, NE Thessaly). A contribution to the systematic and orographic vegetation classification of Greece]. Phytocoenologia 18  Berlin, Stuttgart 2-3:161 - 342
Bergmeier E.,  Dimopoulos P. 2008.  Identifying plant communities of thermophilous deciduous forest in Greece. Species composition distribution ecology and syntaxonomy Plant Biosystems 142, 2:228-254
Bergmeier E., Papaioannou H. 2008. Rizína marsh – a brief profile of a unique subalpine wetland in NW Greece. In: Dengler J., Dolnik C., Trepel M. [Eds.]: Flora, Vegetation and Nature Conservation from Schleswig-Holstein to South America - Festschrift for Klaus Dierßen on Occasion of his 60th Birthday, Mitteilungen der Arbeitsgemeinschaft Geobotanik in Schleswig-Holstein und Hamburg 65(3-4):287-300. Kiel
Besler W., Bornkamm R. 1982. Vegetationskundliche Untersuchungen im Gebiet des Spieser bei Unterjoch (Allgäu). Tuexenia 2:135-162. https://www.zobodat.at/pdf/Tuexenia_NS_2_0135-0162.pdf
Beudin T., Le Fouler A., Lafon P., Belaud A., Balia S., Caze G. (2021): Cartographie des habitats naturels et spatialisation des enjeux de biodiversité du Bassin d’Arcachon. Typologie des végétations et des habitats. Conservatoire botanique national Sud-Atlantique. Audenge: 295 p. + annexes
Beug J., Pott R. 1992. Die Vegetation von Stillgewässern der Emsaue zwischen Rheine und Meppen. Natur und Heimat, Münster: 52(3):71-96
Biondi E., Blasi C, Allegrezza M., Anzellotti I., Azzella M. M., Carli E., Casavecchia S., Copiz R., Del Vico E., Facioni L., Galdenzi D., Gasparri R., Lasen C., Pesaresi S., Poldini L., Sburlino G., Taffetani F., Vagge I., Zitti S., Zivkovic L, 2014 Plant communities of Italy: The Vegetation Prodrome. Plant Biosystem 148(4): 728-814. https://www.prodromo-vegetazione-italia.org/scheda/
"Biondi E., Brugiapaglia E., Tedeschini Lalli L. 1998. Indagine geobotanica sulla ""Caldara di Manziana"" (Italia Centrale) [Geobotanical survey on the ‘Caldara di Manziana’ (Central Italy)]. Fitosociologia 35:65-76."
"Biondi E., Casavecchia S., Frattaroli A.R., Pirone G., Pesaresi S., Di Martino L., Galassi S., Paradisi L., Ventrone F.,
 Angelini E., Ciaschetti G. 2008 Forest vegetation of the Upper Valley of the Vomano River (central Italy). Fitosociologia vol. 45 (1):117-160, https://www.scienzadellavegetazione.it/wp-content/uploads/2023/07/46.pdf "
Biondi E., Casavecchia S., Gigante  D. 2003 Contribution to the syntaxonomic knowledge of the Quercus ilex L. woods of the Central European Mediterranean Basin. Fitosociologia: 40 (1): 129-156, https://www.scienzadellavegetazione.it/wp-content/uploads/2023/07/483-1.pdf
Biondi E., Casavecchia S., Pinzi M., Allegrezza M., Baldoni  M. 2002 The syntaxonomy of the mesophilous woods of the Central and Northern Apennines (Italy). Fitosociologia 39(2):71-93, https://www.scienzadellavegetazione.it/wp-content/uploads/2023/07/552.pdf
Biondi E., Gigante D., Pignattelli S., Venanzoni R. 2001. I boschi a Quercus frainetto Ten. presenti nei territori centro-meridionali della penisola italiana [Quercus frainetto Ten. forests in central and southern Italy]. Fitosociologia 38:97–111.
Biondi E., Gigante D.,Pignattelli S., Venanzoni R. 2002 I boschi del piano collinare della Provincia di Terni. Fitosociologia 39 (1) - 135-160, https://www.scienzadellavegetazione.it/wp-content/uploads/2023/07/562.pdf
Biondi E., Vagge I. 2015. The forests of Pinus pinaster Aiton subsp. pinaster of the NW-Italian Tyrrhenian sector. Acta Botanica Gallica 162, 3:239-250
Blasi C, Di Pietro R, Filesi L. 2004. Syntaxonomical revision of Quercetalia pubescenti-petraeae in the Italian peninsula. Fitosociologia 41:87–164
Blasi C. 1984. Quercus cerris and Quercus frainetto woods in Latium (Central Italy). Ann. Bot. (Rome) 42:7–19.
Blasi C., Paura B. 1995. Su alcune stazioni a Quercus frainetto Ten. in Campania ed in Molise. Analisi fitosociologica e fitogeografica [On some Quercus frainetto Ten. stations in Campania and Molise. Phytosociological and phytogeographical analysis]. Ann. Bot. (Roma) 51 suppl. 10:353-366.
Blecic V., Lakusic R. 1967.  [Coppice and scrub forest of oriental hornbeam in Montenegro]. – Glas. Bot. Zavod. Bašt. Univ. Beogr. 2: 83–94. 
Blosat P., Schmidt W. 1975. Laubwaldgesellschaften im Unteren Eichsfeld. Mitteilungen der Floristisch-soziologischen Arbeitsgemeinschaft (alte Serie) NF 18: 239 - 257. https://www.zobodat.at/pdf/Mitt-flori-soz-Arb_NF_18_0239-0257.pdf
Boer A.C. 1942. Plantensociologische beschrijving van de orde der Phragmitetalia [Plant sociological description of the order of Phragmitetalia]. Nederl. Kruidkd. Arch., 52:237-302
Bohner A., Grims F., Sobotik M., Zechner L. 2003. Die Trespen-Halbtrockenrasen (Mesobrometum erecti Koch 1926) im mittleren Steirischen Ennstal (Steiermark, Österreich) - Ökologie, Soziologie und Naturschutz. Tuexenia 23:199-225, https://www.zobodat.at/pdf/Tuexenia_NS_23_0199-0225.pdf
Bolleter R. 1921. vegetationsstudien aus dem Weisstannental. Jahrbuch St. Gallische Naturwiss. Ges., St. Gallen 57:1-121
Bolós O. de 1956 De vegetatione notulae, II. Collectanea Botanica (Barcelona), 5:195-268, https://jolube.wordpress.com/wp-content/uploads/2008/03/bolos_1956_collbot_5.pdf
Bolós O. de 1973 La vegetacion de la Serrata Negra de Fraga. Mem. R. Acad. Clenc. Art. Barcelona, 3.a época, 769 Vol. XLII(6):268-313, https://jolube.wordpress.com/wp-content/uploads/2008/04/bolos_1973.pdf
Bolós O. de 1976 L’Aphyllanthion dans les Pays Catalans. Collectanea Botanica (Barcelona), 10 :107-141, https://scispace.com/pdf/l-aphyllanthion-dans-les-pays-catalans-34ngmx3wy5.pdf
Bolós O. de 1996 La Vegetació de les Illes Balears - comunitats de plantes. Bibliografia ISBN 84-7283-354-2 I. Institut d'Estudis Catalans, Barcelona, 272 p., https://publicacions.iec.cat/repository/pdf/00000337/00000058.pdf
Bolós O., de Monserrat P. 1984. Datos sobre algunas comunidades vegetales principalmente de los Pirineos de Aragón y de Navarra [Data on some plant communities, mainly in the Pyrenees of Aragon and Navarre]. Lazaroa 5:89-96 Madrid
Bonin G., Gamisans J. 1976. Contribution a l´etude des forets de l´etage supramediterranéen de l´Italie méridionale [Contribution to the study of the supramediterranean forests of southern Italy]. Doc. Phytosoc. 19-20:73-88.
Borhidi A. 1967. Die geobotanischen Verhältnisse der Eichen-Hainbuchenwälder Südosteuropas [The geobotanical conditions of the oak-hornbeam forests of south-eastern Europe]. Feddes Repert. 77:296-316
Borhidi A. 2003 Hungarian plant communities. Akadémiai Kiadó Budapest [in Hungarian] 
Borhidi A., Jarai-Komlodi M. 1959. Die Vegetation des Naturschutzgebiets des Balátasees [The vegetation of the Lake Baláta nature reserve]. Acta Bot. Acad. Sci. Hung., 5:259-320.
Borhidi A., Kevey B., Lendvai G., Seregélyes T. 2012. Plant communities of Hungary. Akadémiai Kiadó Budapest [in Hungarian] 544 pp.
Bornkamm R. 1977. Zu den Standortbedingungen einiger Sand-Therophytenrasen in Berlin (West) – Verhandlungen des Botanischen Vereins Berlin Brandenburg – 113: 27 - 39. https://www.zobodat.at/pdf/Verh-Bot-Ver-Berlin-Brandenburg_113_0027-0039.pdf
Botineau M., Bouzille J.B., Lahondere C. 1990. Quatrièmes journées phytosociologiques du Centre-ouest: les bois à chêne tauzin [Fourth Phytosociological Days of the Centre-West: Tauzin oak woods]. Bull. Soc. Bot. Centre-Ouest, NS 21:472-479
Boudouresque C. F., Belsher T., Marcot-Coqueugniot J. 1977. Végétation marine de l'île de Port-Cros (Parc national). XVII Phytobenthos du port de Port-Cros [Marine vegetation on the island of Port-Cros (National Park). XVII Phytobenthos in the Port-Cros harbour]. Trav. Sci. Parc Nation. Port-Cros, 3:89-120.
Bradis E.M. 1971. Vegetation of the Ukrainian SSR. Forests. Naukova dumka Kyiv. 460 pp.
Braun J. 2013. Die Vegetationsverhältnisse der Schneestufe in den Rätisch-Lepontischen Alpen. Neue Denkschrift Schweiz. Naturforschungsgesellschaft, Zürich 48:1-339
Braun W. (1970): Bestimmungsübersicht für die Kalkflachmoore und deren wichtigsten Kontaktgesellschaften im Bayerischen Alpenvorland. Ber. Bayer. Bot. Ges. 42:109-138
Braun-Blanquet J.  1928. Pflanzensoziologie. Grundzüge der Vegetationskunde [Plant sociology. Basics of vegetation science]. 1st edition, Berlin, Springer. 330 pp.
Braun-Blanquet J.  1932. Zur Kenntnis nordschweizerischer Waldgesellschaften [On the knowledge of northern Swiss forest communities]. Beih. Bot. Cent.bl. 49:7–42.
Braun-Blanquet J.  1959. Zur Vegetation der nordbündnerischen Föhntäler [The vegetation of the Föhn valleys in northern Graubünden]. Vegetatio 8:235–249
Braun-Blanquet J.  1964. Pflanzensoziologie. Grundzüge der Vegetationskunde [Plant sociology. Basics of vegetation science]. 3st edition, Wien, New York, Springer. 865 pp.
Braun-Blanquet J.  Pallmann H., Bach R. 1954. Pflanzensoziologische und bodenkundliche Untersuchungen im schweizerischen Nationalpark und seinen Nachbargebieten. II. Vegetation und Boden der Wald- und Zwergstrauch-Gesellschaften (Vaccinio-Piceetalia) [ Phytosociological and pedological studies in the Swiss National Park and its neighbouring areas. II Vegetation and soil of the forest and dwarf shrub communities (Vaccinio-Piceetalia)]. Ergeb. wiss. Unters. schweiz. Natl.park NF 4. 200 pp.
Braun-Blanquet J.  Richard F. 1949. Groupements végétaux et sols du bassin de Sierre [Plant groups and soils of the Sierre basin]. Bull. Murithienne 64:106–134
Braun-Blanquet J. , 1961. Die inneralpine Trockenvegetation [The inner alpine dry vegetation]. Geobot. sel. 1. Gustav Fischer, Stuttgart, 273 pp.
Braun-Blanquet J. 1950. Übersicht der Pflanzengesellschaften Rätiens VI [Overview of the plant communities of Raetia VI]. Vegetatio 2:341–360. 
Braun-Blanquet J. 1967. Vegetationsskizzen aus dem Baskenland mit Ausblicken auf das weitere Ibero-Atlantikum. II. Teil [Vegetation sketches from the Basque Country with views of the wider Ibero-Atlantic region. Part II.]. Plant Ecol 14:1–126, https://e-veg.net/eveg/web/de/app/22663 
Braun-Blanquet J. 1979. Fitosociología. Blume. Madrid. 820 pp.
Braun-Blanquet J., Jenny H. 1926a. Vegetationsentwicklung und Bodenbildung in der alpinen Stufe der Zentralalpen [Vegetation development and soil formation in the alpine level of the Central Alps]. Denkschr. Schweiz. Naturf. Ges. Zürich, 63:183-349.
Braun-Blanquet J., Pinto  da Silva A.R., Rozeira A., Fontes F. 1952 Résultats de deux excursions géobotaniques à travers le Portugal septentrional et moyen. I. Une incursion dans la Serra da Estrela. - Agronomía Lusitana 14 : 305-323
Braun-Blanquet J., Roussine N., Négre B. 1952. Les groupements végétaux de la France Méditerannéenne [Plant groups in Mediterranean France]. Centre national de la recherche scientifique, Paris. 297 pp., https://e-veg.net/eveg/web/de/app/22663
Braun-Blanquet J., Trepp W., Bach R.; Richard F. 1964. Pflanzensoziologische und bodenkundliche Beobachtungen im Samnaun [Plant sociological and pedological observations in Samnaun]. Jahresber. Nat.forsch. Ges. Graubünden 1961/62, 1962/63) NF 40:3–48
Braun-Blanquet, J. & M. Denis, 1926b. L'évolution de la végétation au lac des Esclauzes Monts-Dore. In Braun-Blanquet J., études phytosociologiques en Auvergne [ The evolution of the vegetation at the Lac des Esclauzes Monts-Dore. In Braun-Blanquet J., phytosociological studies in Auvergne.]. Arvernia, 2:53-56.
Braun-Blanquet, J. & W.C. de Leeuw, 1936. Vegetationsskizze von Ameland [Vegetation sketch of Ameland]. Nederl. Kruidkd. Arch., 46:359-393. 
Braun-Blanquet, J. 1935. Prodome des Groupements Vegetaux (Classe des Rudereto-Secalinetea messicules, culturaux et nitrophiles-ruderales du cercle de vegetation mediterraneen) [Prodome of Vegetal Groups (Class of Rudereto-Secalinetea messicules, cultivated and nitrophilous-ruderales of the Mediterranean vegetation circle)]. Imprimerie Mari-Lavic. Monpellier.  38 pp.
Braun-Blanquet, J.,  Tüxen (1951): Irische Pflanzengesellschaften. Veröff. Geobot. Inst., Zürich.  Rübel 25:224-415 + Annexes
Braun-Blanquet, J., Roussine, N., Nègre R., 1952. Les groupements végétaux de la France méditerranéenne. CNRS, Paris, 297 p. 
Brockmann-Jerosch H.  1907. Die Pflanzengesellschaften der Schweizeralpen. 1. Teil. Die Flora des Puschlav (Bez. Bernina, Kt. Graubünden) und ihre Pflanzengesellschaften [The plant communities of the Swiss Alps. Part 1. The flora of Poschiavo (Bernina district, Canton Grisons) and its plant communities]. Leipzig, Engelmann. 438 pp.
Brullo S., Guarino R., Minissale P., Scelsi F., Spampinato G. 2004. Indagine ﬁtosociologica sulla vegetazione forestale dell’Egeo meridionale [phytosociological survey on the forest vegetation of the South Aegean]. Colloq Phytosoc 28.401–466.
Brullo S., Marcenó C. 1974. La vegetazione estiva dei bacini artificiali siciliani. Lav. Ist. Bot. e Giard. Col. Palermo. 25:184-194.
Brullo S., Scelsi F., Spampinato G. 2001. La vegetazione dell’Aspromonte [The vegetation of Aspromonte]. 368 pp. Laruffa Ed., Reggio Calabria.
Brullo S., Spampinato G. 1999. Syntaxonomy of hygrophilous woods of the Alno-Quercion roboris. Annali di Botanica Vol. LVII p. 133-146, https://www.researchgate.net/publication/279501249_Syntaxonomy_of_hygrophilous_woods_of_the_Alno-Quercion_roboris
Brzeg A., Wika S. 2017. Potentillo albae-Quercetum Libbert 1933 nom. invers. in the central region of the Wyżyna Krakowsko-Częstochowska. Bad Fizjograf Ser B Bot 7:7–38
Brêthes A. 2010. Le Carici flaccae-Quercetum roboris ass. nov. Une nouvelle association phytosociologique en région Centre [Carici flaccae-Quercetum roboris ass. nov. A new phytosociological association in the Centre region]. Revue forestière française, 2010, 62 (3-4):247-260
Bulokhov AD 1989. Ecological and phytocoenological structure of oak forests of the southern Nechernozemie region. In: Current state of forests of the Bryansk region and rational environmental management. collection of scientific papers. MFGO USSR Moskva 71 pp. [in Russian]
Bulokhov AD Semenishchenkov YA 2013. Botanical-geographical peculiarities of xeromesophytic broad-leaved forests of the alliance of Quercion petraeae Zolyomi et Jakucs ex Jakucs 1960 of the Southern Nechernozemie region of Russia. Byull Bryan Otdel Russ Bot Obsch 1:10-24 [in Russian]
Bulokhov AD Solomeshch AI 1991. Syntaxonomy of forest vegetation of the Southern Nechernozemie region. I. Order Quercetalia pubescentis Br.-Bl. 1931. Manuscript. VINITI Moskva. 10:99-891. [In Russian]
Bulokhov AD Solomeshch AI 2003. Ecologic-floristic classification of forests of the southern Nechernozemye of Russia. Izdatelostvo BGU Bryansk [in Russian]
Burkart M., Dierschke H., Hölzel N., Nowak B., Fartmann T. (2004): Molinio-Arrhenatheretea (E1) Kulturgrasland und verwandte Vegetationstypen - Teil 2: Molinietalia Futter- und Streuwiesen feucht-nasser Standorte und Klassenübersicht Molinio-Arhenatheretea. Synopsis der Pflanzengesellschaften Deutschlands Heft 9, Göttingen 110 p.
Burrichter E. 1954. Die Halbtrolkenrasen im Teutoburger Wald bei Iburg und Laer – Natur und Heimat – 14: 39 - 45. https://www.zobodat.at/pdf/Natur-und-Heimat_14_0039-0045.pdf
Burrichter E. 1963. Das Linarietum spuriae Krusem. et Vlieger 1939 in der Westfälischen Bucht - aus dem Botanischen Institut der Universität Münster – Mitteilungen der Floristisch-soziologischen Arbeitsgemeinschaft (alte Serie) – NF_10: 109 - 115. https://www.zobodat.at/pdf/Mitt-flori-soz-Arb_NF_10_0109-0115.pdf
Burrichter E., Wittig R. 1974. Das Hündfelder Moor, seine Vegetation und seine Bedeutung für den Naturschutz – Abhandlungen aus dem Westfälischen Provinzial-Museum für Naturkunde – 36_1_1974: 3 - 20. https://www.zobodat.at/pdf/Abh-Westf-Mus-Naturkde_36_1_1974_0003-0020.pdf
Burrichter E., Wittig R. 1977. Der Flattergras-Buchenwald in Westfalen – Mitteilungen der Floristisch-soziologischen Arbeitsgemeinschaft (alte Serie). NF 19-20:377 - 382. https://www.zobodat.at/pdf/Mitt-flori-soz-Arb_NF_19-20_0377-0382.pdf
Bäschlin K. 1945. Über den Föhrenwald [About the pine forest]. Mitt. Aargau. Nat.forsch. Ges. 22:138–157
Böcker R. 1978. Vegetations- und Grundwasserverhältnisse im Landschaftsschutzgebiet Tegeler Fließtal (Berlin-West). Verhandlungen des Botanischen Vereins Berlin Brandenburg 114:1-164. https://www.zobodat.at/pdf/Verh-Bot-Ver-Berlin-Brandenburg_114_0001-0164.pdf
"Böhnert W., Reichhoff L. 1978. Die Pflanzengesellschaften des Naturschutzgebietes ""Steckby-Lödderitzer Forst"". Hercynia 15:106-114. https://www.zobodat.at/pdf/Hercynia_15_0106-0114.pdf"
Bøeuf R. 2010 Le référentiel des types forestiers d’Alsace. apports phytosociologiques [The repository of forest types in Alsace: phytosociological contributions]. Rev For Franç 62:331–364
Callauch R. 1981. Ackerunkraut-Gesellschaften auf biologisch und konventionell bewirtschafteten Äckern in der weiteren Umgebung von Göttingen. Tuexenia - Mitteilungen der Floristisch-soziologischen Arbeitsgemeinschaft NS 1:25-37. https://www.zobodat.at/pdf/Tuexenia_NS_1_0025-0037.pdf
Camerano P., Gottero F., Terzuolo P. G., Varese P. (2008): Tipi forestali del Piemonte. Istituto per le Piante da Legno e l’Ambiente – IPLA S.p.A. Regione Piemonte, Blu Edizioni, Torino: 216 S.
Cano E., Cano-Ortiz A., Fuentes J.C.P., Quinto-Canas R., Igbareyeh J., del Río S. Gomes C.J.P.2022.  Ecological and Syntaxonomic Analysis of Pinus halepensis Mill. in the Iberian Peninsula and Balearic Islands. Land 11, 369pp.
Cano E., Valle F. 1990. Formationes Boscosas en Sierra Morena Oriental (Andalucia, Espana). Acta Botanica Malacitana 15:231-237, Malaga
Cantorala A.L., Alonso-Redondob R., García-Gonzálezb M. E., Penasc A., del Río S. (2022): Phytosociological analysis of the endemic Quercus faginea forests on the Iberian Peninsula. Plant Biosystems. Manuskript TPLB-2022-0015. 60 p.
Carbiener R. 1969. Subalpine primäre Hochgrasprärien im herzynischen Gebirgsraum Europas, mit besonderer Berücksichtigung der Vogesen und des Massif Central - ein Beitrag zur pflanzensoziologischen und landschaftsökologischen Kenntnis des Calamagrostion arundinaceae. Mitteilungen der Floristisch-Soziologischen Arbeitsgemeinschaft, 14:322-345 + Tab.. https://www.tuexenia.de/publications/mittflorsoz/Mitt_FlorSoz_1969_14_322-345.pdf
Carreras J., Carrillo E., Ninot J.M., Vigo J. 1997. Contribution to the phytocoenological knowledge of Pyrenean forests. Fragmenta Floristica el Geobotanica 42(1): 95-129. Krakow. PL ISSN 0015-93 Ix., https://jolube.wordpress.com/wp-content/uploads/2008/03/carrerasal_1997_forests.pdf
Carstensen U. 1955. Laichkrautgesellschaften an Kleingewässern Schleswig-Holsteins [Pondweed communities in small bodies of water in Schleswig-Holstein]. Schriften des Naturwissenschaftlichen Vereins für Schleswig-Holstein, 27:144-170.
Casavecchia S., Paradisi L., Pesaresi S., Biondi E. 2014 Phytosociological study of the eastern slopes of Alpe della Luna (northernApennines, Italy). Plant Sociology, Vol. 51(1):89-136, https://www.researchgate.net/publication/289622529_Phytosociological_study_of_the_eastern_slopes_of_Alpe_della_Luna_northern_Apennines_Italy
Catorci A., Vitanzi A., Ballelli S. 2010 Phytosociological Study of beech and beech-mixed woods in Monti Sibillini National Park (Central Appenines, Italy). Haquetiq 9(1):23-75, DoI: 10.2478/v10028-010-0007-x, https://www.researchgate.net/publication/250166221_Phytosociological_Study_of_Beech_and_Beech-Mixed_Woods_in_Monti_Sibillini_National_Park_Central_Apennines_Italy
Chemeris, E. V. 2004. Vegetation cover of the headwaters wetlands of the Upper Volga region. Rybinsk: OAO Rybinsky Dom Pechati, 158 p. + xxvi. [Чемерис Е. В. 2004. Растительный покров истоковых ветландов Верхнего Поволжья. Рыбинск: ОАО «Рыбинский Дом печати»,  158 с. + xxvi.]
Chouard P. 1924. Monographies phytosociologiques. I. La région de Brigueil l'Ainé (Confolentais) [Phytosociological monographs. I. The Brigueil l'Ainé region (Confolentais)]. Bull. Soc. Bot. Fra., 71 :1130-1158. 
Christiansen W. 1927. Die Aussendeichsvegetation von Schleswig-Holstein mit besonderer Berücksichtigung von Föhr [The outer dike vegetation of Schleswig-Holstein with special consideration of Föhr]. Föhrer Heimatbücher, 16 :1-29. [= Engler Bot. Jahrb., 61pp.]
Chytry M. 1997. Thermophilous oak forests in the Czech Republic. Syntaxonomical revision of the Quercetalia pubescenti-petraeae. Fol Geobot 32:221–258
Chytry M., Horák J 1997. Plant communities of the thermophilous oak forests in Moravia. Preslia 68:193–240
Chytry, M., Mucina, L.,  Vicherek, J., Pokorny-Strudl, M., Strudl, M., Koó, A. J., Maglocky, S. (1997): Die Pflanzengesellschaften der westpannonischen Zwergstrauchheiden und azidophilen Trockenrasen. Cramer Berlin Stuttgart: 118 p.
Chytrý M. (ed.) 2007. Vegetace České republiky. 1. Travinná a keříčková vegetace [Vegetation of the Czech Republic. 1. Grassland and Heathland Vegetation], 528 pp, Academiabooks, Praha. 
Chytrý M. (ed.) 2009. Vegetace České republiky. 2. Ruderální, plevelová, skalní a suťová vegetace [Vegetation of the Czech Republic. 2. Ruderal, weed, rock and scree vegetation] 524pp. Academiabooks, Praha.
Chytrý M. (ed.) 2011. Vegetace České republiky. 3. Vodní a mokřadní vegetace [Vegetation of the Czech Republic 3. Aquatic and Wetland Vegetation]. 828 pp. Academiabooks, Praha.
Chytrý M. (ed.) 2013. .Vegetace České republiky. 4., Lesní a křovinná vegetace [Vegetation of the Czech Republic 4., Forest and scrub vegetation] Praha . Academia, 551 pp. 
Chytrý M. 1994. Xerothermic oak forests in the Middle Váh Basin and the southern part of Stázowská Hornatina Upland. Slovakia Scripta-Biology Brno 22-23 1992- 1993. p. 121-134
Ciaramella D., Marei M., Landi M., Chytrý K., Angiolini C., Bonari G. (2024): Vegetation diversity of Pinus pinaster forests in the Italian Peninsula. Vegetation Classification and Survey 5:289-300
Ciosek M. 2006. The ladybells Adenophora liliifolia (L.) Besser in forest near Kisielany (Siedlce Upland E Poland). Biodivers Res Conserv 34:324–328
Closuit R. 1958. Le châtaignier dans la vallé suisse du Rhône. Mitt. Eidgenöss. Forsch.anst. Wald Schnee Landsch. 34, 3:183–220
"Clément B., Gloaguen J.C., Touffet J. 1975. Contribution à l'étude phytosociologique des forêts de Bretagne. Colloques Phytosociologiques ""La végétation des forêts caducifoliées acidiphiles"" [Contribution to the phytosociological study of the forests of Brittany. Phytosociological colloquia ‘The vegetation of acidiphilous deciduous forests’]. Lille 1974. III:53-72 + tab"
Comps B., Letouzey J., Timbal J. 1980. Essai de synthèse phytosociologique sur les hêtraies collinéennes du domaine atlantique français [Phytosociological study of the hilly beech forests of the French Atlantic region]. Doc. Phytosoc. 5:177-211.
Comps B., Letouzey J., Timbal J. 1986. Etude synsystématique des hêtraies pyrénéennes et des régions limitrophes (Espagne et Piémont aquitain) [Systematic study of beech forests in the Pyrenees and neighbouring regions (Spain and the Aquitaine Piedmont)]. Phytocoenologia 14, 4:145-236. Berlin, Stuttgart,  
Corbetta F. (1968) La vegetazione della valli del litorale ferrarese e ravennate. Not. Fitosoc. 5: 67-98.
Corbetta F. (1976) Lineamenti vegetazionali della Sacca di Bellocchio (Foce del Reno). Ric. biol. selv. 7:247-270
Corbetta F., Puppi G., Speranza M., Zanotti A. L. 1984 Vegetational Outlines of north Adriatic Coasts. Acta Bot. Croat. 43, 191—206. https://hrcak.srce.hr/file/234421
Corillion R. 1957. Les Charophycées de France et d'Europe Occidentale [Charophyceae of France and Western Europe]. Bull. Soc. Sci. Bretagne, 32:1-499. [= Thèse Univ. Rennes, 1955]
Costa J.C., Aguiar C., Capelo J.,  Lousã M., Castro Antunes J.H., Honrado J.J., Izco Sevillano J., Ladero Alvarez M. 2003. A classe Cytisetea scopario-striati em Portugal Continental. Lisboa, Quercetea 4: 45-70
Costa J.C., Lousa M., Capelo J., Esperito-Santo M.D., Izco-Sevillano J., Arsenio P. 2000. The coastal vegetation of the Potuguese divisory sector: dune cliffs and low shrub communities. Finisterra, XXXV, 69, pp. 69-93
Costa M., Higueres J., Morla C. 1990. Abedulares de la Sierra De San Mamede (Orense, Espana). Acta Botánica Malacitana, 15:253 - 265, Malaga 
Costa M., Peris J.B. Stübing G.1987. Hedero helicis-Quercetum rotundifoliae: una nueva serie de vegetación valenciano-tarraconense. Lazaroa, 7: 85-91.
Costache I. 2007. The Potentillo micranthae- Quercetum dalechampii association in the lower basin of the Mutru river - Romania. Buletinul Grădinii Botanice Iaşi Tomul 14: 99-108
Crespo M.B., Alonso M.A., Martínez-Azorín M. 2021. Datos sobre las comunidades ibéricas de Pinguiculion longifoliae F. Casas 1970 (Cl. Adiantetea capilli-veneris Br.-Bl. in Br.-Bl., Roussine & Nègre 1952). Acta Botanica Malacitana 46:1-8,  DOI:http://doi.org/10.24310/abm.v46i.10790
Dafis S.A. 1962. Struktur- und Zuwachsanalysen von natürlichen Föhrenwäldern [Structure and increment analyses of natural pine forests]. Beitr. geobot. Landesaufn. Schweiz 41, 86 pp.
Dakskobler I., Sadar Z., Carni A. (2017): Phytosociological analysis of Quercus cerris woods in the submediterranean phytogeographical Region of Slovenia. Folia Biologica et Geologica, Ljubljana, 58(2):5-43. http://dx.doi.org/10.3986/fbg0026
Daﬁs S. 1973. Classiﬁcation of forest vegetation in Greece. Epist. Epet. Geopon. Dasolog. Schol. Tm. Dasolog. Aristot. Panepist. Thessalonikis [Sci. Ann. School Agric. Forest. Sect. Forest. Aristot. Univ. Thessalonika] 15:75–88 + map. (In Greek.).
Del Favero R., Carrero G., Dissegna M., Giaggio C., Savio D., Zen S., Abramo E., Andrich O., Corona P., Cassol M., Lasen C., Marcetti M. 2000 Biodiversita e Indicatori nei tipi forestali del Veneto. Pubblicazione dalla Regione del Veneto -Direzione regionale delle foreste e dell’Economia montana in collaborazione con l’Accademia Italiana di Scienze Forestali Mestre -Venezia Italy, 333 p., https://www.regione.veneto.it/web/agricoltura-e-foreste/pubblicazioni-on-line
Diaz González T.E. 1975. La vegetación del litoral occidental asturiano. Revista Fac. Ci. univ. Oviedo 15(2)-16:369-545 
Diaz-Gonzales T.E., Penas-Merino A. 1984. Glycerio declinatae-Catabrosetum aquaticae. Una nueva asociacion orocantabrica de la Glycerio-Sparganion. Studia Bot. 3 : 247-254
Diekjobst H. 1967a. Struktur, Standort und anthropogene Überformung der natürlichen Vegetation im Kalkgebiet der Beckumer Berge (Westfälische Bucht) – Abhandlungen aus dem Westfälischen Provinzial-Museum für Naturkunde – 29_2_1967: 1 - 39  https://www.zobodat.at/pdf/Abh-Westf-Mus-Naturkde_29_2_1967_0001-0039.pdf
Diekjobst H. 1967b. Das wärmeliebende Schlehen-Liguster-Gebüsch (Ligustro-Prunetum) in der Westfälischen Bucht – Natur und Heimat – 27: 19 - 25. https://www.zobodat.at/pdf/Natur-und-Heimat_27_0019-0025.pdf
Diekjobst H., Ant H. 1967. Die Pioniergesellschaften der Schlammflächen trockengefallener Talsperrsohlen – Decheniana – 118: 139 - 144. https://www.zobodat.at/pdf/Decheniana_118_0139-0144.pdf
Diemont W. H. 1938. Zur Soziologie und Synoekologie der Buchen- und Buchenmischwälder der nordwestdeutschen Mittelgebirge. Mitteilungen der Floristisch-Soziologischen Arbeitsgemeinschaft in Niedersachsen 4: 1 - 182, https://www.zobodat.at/pdf/Mitt-Flor-Soz-Arge-Niedersachsen_4_0001-0182.pdf
Dierschke H. (1997): Synopsis der Pflanzengesellschaften Deutschlands Heft 3 Molinio-Arrhenatheretea (E 1) KuIturgrasland und verwandte Vegetationstypen Teil 1: Arrhenatheretalia  - Wiesen und Weiden frischer Standorte [Synopsis of the Plant Communities of Germany Issue 3 Molinio-Arrhenatheretea (E 1) Cultivated grasslands and related vegetation types Part 1: Arrhenatheretalia - meadows and pastures of fresh habitats].  Floristisch - soziologische Arbeitsgemeinschaft und die Reinhold - Tüxen - Gesellschaft Göttingen: 77 p.
Dierschke H. 1974. Zur Syntaxonomie der Klasse Trifolio-Geranietea* . Mitteilungen der Floristisch-soziologischen Arbeitsgemeinschaft (alte Serie) – NF 17: 27 - 38. https://www.zobodat.at/pdf/Mitt-flori-soz-Arb_NF_17_0027-0038.pdf
Dierschke H. 1989. Artenreiche Buchenwald-Gesellschaften Nordwest-Deutschlands. Ber.d.Reinh.Tüxen-Ges. 1:107-148. Göttingen. https://www.zobodat.at/pdf/Ber-Reinh-Tuexen-Ges_1_0107-0148.pdf
Dierschke H., Bohn U. 2004. Eutraphente Rotbuchenwälder in Europa [Eutrophic beech forests in Europe]. Tuexenia 24:19-56. Göttingen
Dierschke H., Jeckel G. 1977. Das Calystegio-Archangelicetum litoralis Pass. (1957) 1959 in Nordwest-Deutschland – Mitteilungen der Floristisch-soziologischen Arbeitsgemeinschaft (alte Serie). NF19-20:115-124. https://www.zobodat.at/pdf/Mitt-flori-soz-Arb_NF_19-20_0115-0124.pdf
Dierschke H., Jeckel G. 1980. Flutrasen-Gesellschaften des Agropyro-Rumicion im Allertal (NW-Deutschland). Mitteilungen der Floristisch-soziologischen Arbeitsgemeinschaft (alte Serie) NF 22:77-81. https://www.tuexenia.de/publications/mittflorsoz/Mitt_FlorSoz_1980_22_77-81.pdf
Dierschke H., Vogel A. 1981. Wiesen- und Magerrasen-Gesellschaften des Westharzes. Tuexenia - Mitteilungen der Floristisch-soziologischen Arbeitsgemeinschaft NS 1:139-183. https://www.zobodat.at/pdf/Tuexenia_NS_1_0139-0183.pdf
Dierßen K. 1973a. Die Cratoneurum-Gesellschaft einiger Quellbäche in den Bückebergen bei Bad Eilsen – Mitteilungen der Floristisch-soziologischen Arbeitsgemeinschaft (alte Serie) – NF_15-16_1973: 22 - 27  https://www.zobodat.at/pdf/Mitt-flori-soz-Arb_NF_15-16_1973_0022-0027.pdf
Dierßen K. 1973b. Die Vegetation des Gildehauser Venns (Kreis Grafschaft Bentheim) – Berichte der Naturhistorischen Gesellschaft Hannover – BH_8: 3 - 120. https://www.zobodat.at/pdf/Ber-Nathist-Ges-Hannover_BH_8_0003-0120.pdf
Dircksen J. 1968. Die wichtigsten Pflanzengesellschaften der Insel Trischen – Natur und Heimat – 28: 184 - 190. https://www.zobodat.at/pdf/Natur-und-Heimat_28_0184-0190.pdf
Domokos E., Csizmadia B., Elekes T. 2017. Phytosociological study concerning habitats with Fritillaria meleagris on the course of the Nirajul Mare River (Mureș county, Romania). Studia Universitatis “Vasile Goldiş”, Seria Ştiinţele Vieţii 27(3):163-170
Donita N., Bandiu C., Biris I.A., Gancz V., Apostol J., Marcu C. 2008. Harta forestieră a României pe unităţi ecosistemice, scara 1:500.000 [Forest Map of Romania – based on forest ecosystem types, scale 1:500.000]. – Editura Silvică, Bucuresti.
Doniţã N., Paucã-Comãnescu M., Popescu A., Mihãilescu S., Biriş I.-A. 2005. Habitatele din Romania, Editura Tehnicã Silvicã Bucureşti, 443 p., https://propark.ro/images/uploads/file/publicatii/Habitatele%20din%20Romania.pdf
Doroftei M., Dumitrița S.C., Mierla M. 2024. Phytocoenology and distribution of the species Gymnospermium odessanum in Romania. DOI: https://doi.org/10.3897/arphapreprints.e140064
Douda J., Boublík K., Slezák M., Biurrun I., Nociar J., Havrdová A., Doudová J., Aćić S., Brisse H., Brunet J., Chytrý M., Claessens H., Csiky J., Didukh Y., Dimopoulos P., Dullinger S., FitzPatrick Ú., Guisan A., Horchler P.J., Hrivnák R., Jandt U., Kąck, Z., Kevey B., Landucci F., Lecomte H., Lenoir J., Paal J., Paternoster D., Pauli H., Pielech R., Rodwell J.S., Roelandt B., Svenning J.-C., Šibík J., Šilc U., Škvorc Ž., Tsiripidis I., Tzonev R.T., Wohlgemuth T., Zimmermann N.E. 2016. Vegetation classification and biogeography of European floodplain forests and alder carrs. Appl Veg Sci, 19:147-163. 
Dullinger S., Dirnböck T, Grabherr G. (2001): Die subalpine und alpine Vegetation der Schneealpe (Steiermark, Österreich). Mirt. naturwiss. Ver. Steiermark Graz, 131:83-127
Durin L., Géhu J.M., Noirfalise A & Sougnez N 1967. Les Hêtraies atlantiques et leur essaim climacique dans le nord-Ouest et l'Ouest de la France [Atlantic beech forests and their climatic swarms in north-western and western France]. Bulletin de la Société Botanique du Nord de la France, numéro spécial XXème anniversaire . 20:59-89 + 7 tab.
Dutoit D. 1934. Contribution à l’étude de la végétation du Massif de Naye sur Montreux [Contribution to the study of the vegetation of the Massif de Naye on Montreux]. Mém. Soc. vaud. Sci. Nat. 4:365–413
Dzwonko Z., Loster S. 2000. Syntaxonomy and Phytogeographical Differentiation of the Fagus Woods in the Southwest Balkan Peninsula. Journal of Vegetation Science Vol. 11(5):667-678. Wiley
Dzwonko Z., Loster S., Dubiel E., Drenkovski R. 1999. Syntaxonomic analysis of beechwoods in Macedonia (former Republic of Yugoslavia) Phytocoenologia 29(2):153 - 175
Dúbravková D., Hegedüšová K., Janišová M., Škodová I. 2010. New vegetation data of dry grasslands in the Western Carpathians and the northern Pannonian Basin. Tuexenia 30: 357–374. Göttingen
Eggler J. 1933. Die Pflanzengesellschaften der Umgebung von Graz – Repertorium specierum novarum regni vegetabilis – BH_73: 1 - 216. https://www.zobodat.at/pdf/Repertorium-spec-nov-regni-veg_BH_73_0001-0216.pdf
Eggler J. 1951. Walduntersuchungen in Mittelsteiermark (Eichen- und Föhren-Mischwälder). – Mitteilungen des naturwissenschaftlichen Vereins für Steiermark – 79_80: 8 - 101. https://www.zobodat.at/pdf/MittNatVerSt_79_80_0008-0101.pdf
Eggler J. 1953. Mittelsteirische Rotbuchenwälder (Das Fagetum mediostiriacum calcareum). – Mitteilungen des naturwissenschaftlichen Vereins für Steiermark – 83: 13 - 30. https://www.zobodat.at/pdf/MittNatVerSt_83_0013-0030.pdf
Eggler J. 1954. Vegetationsaufnahmen alpiner Rasengesellschaften in Oberkärnten und Osttirol (Mit 4 Tabellen) – Carinthia II – 144_64: 99 - 105. https://www.zobodat.at/pdf/CAR_144_64_0099-0105.pdf
Eggler J. 1958. Wiesen und Wälder des Saßtales in Steiermark. – Mitteilungen des naturwissenschaftlichen Vereins für Steiermark – 88: 23 - 50. https://www.zobodat.at/pdf/MittNatVerSt_88_0023-0050.pdf
Eggler J. 1959.  Wiesen und Wälder im oststeirisch-burgenländischen Grenzgebiet. – Mitteilungen des naturwissenschaftlichen Vereins für Steiermark – 89: 5 - 34. https://www.zobodat.at/pdf/MittNatVerSt_89_0005-0034.pdf
Eggler J. 1961. Teichrandgesellschaften auf dem Neumarkter-Sattel in Obersteiermark. – Mitteilungen des naturwissenschaftlichen Vereins für Steiermark – 91: 9 - 30. https://www.zobodat.at/pdf/MittNatVerSt_91_0009-0030.pdf
Eggler J.1955. Ein Beitrag zur Serpentinvegetation in der Gulsen bei Kraubath in Obersteiermark. – Mitteilungen des naturwissenschaftlichen Vereins für Steiermark – 85: 27 - 72. https://www.zobodat.at/pdf/MittNatVerSt_85_0027-0072.pdf
Ellenberg H. 1974. Zeigerwerte der Gefäßpflanzen Mitteleuropas. [Indicator values of the vascular plants of Central Europe]. Scripta Botanica (Göttingen) 122 pp.
Ellenberg H. 1979. Zeigerwerte der Gefäßpflanzen Mitteleuropas. [Indicator values of the vascular plants of Central Europe]. Scripta Botanica (Göttingen) 2th ed. 97 pp.
Ellenberg H. 1996. Vegetation Mitteleuropas mit den Alpen in ökologischer dynamischer und historischer Sicht. [Vegetation of Central Europe with the Alps in Ecological Dynamic and Historical Perspective] 5th edition Ulmer Stuttgart. 1096 pp]
Ellenberg H. 2001. Zeigerwerte der Gefäßpflanzen Mitteleuropas. [Indicator values of the vascular plants of Central Europe]. Scripta Botanica (Göttingen). 3th ed. 262 pp
Ellenberg H., Klötzli F. 1972. Waldgesellschaften und Waldstandorte der Schweiz [Forest communities and forest sites in Switzerland]. Ed.. Dr. W. Bosshard, Direktor der Eidgenössischen Anstalt für das Forstliche Versuchswesen 48(4):494-930
Em H. 1961 . Subalpska bukova suma na makedonskite planini [The beech forest in the pre-Alpine region of the Macedonian mountains]. - Sum. Pregled, Skopje 5:21 -35
Em H. 1978. o nekim osobenostima borovih suma Makedonije - I. reliktne crnoborove zajednice. Poroc. Vzhodnoalp.-dinar. dr. preuc. veget. 14:129-145
Erich Oberdorfer, Alberto Hofmann (1967): Beitrag zur Kenntnis der Vegetation des Nordapennin – Beiträge zur naturkundlichen Forschung in Südwestdeutschland – 26: 83 - 139. https://www.zobodat.at/pdf/Beitr-natukdl-Forsch-Suedwestdtschl_26_0083-0139.pdf
Ermakov N.B., Korolyuk A.Y., Lashchinsky N.N. 1991. Floristic classification of the mesophilous grass-rich forests of southern Siberia. Preprint Novosibirsk [in Russian] 96 pp.
Eskuche U. 1952. Hopfenbuchenwald, Tessin [Hop hornbeam forest, Ticino]. In. Ellenberg H., Klötzli F. 1972. Waldgesellschaften und Waldstandorte der Schweiz. Ed.. Dr. W. Bosshard, Direktor der Eidgenössischen Anstalt für das Forstliche Versuchswesen. 48(4):494-930
Espírito Santo D., Arsenio P. 2005. Influence of land use on the composition of plant communities from seasonal pond ecosystems in the Guadiana Valley Natural Park (Portugal). Phytocoenologia 35(2-2):267-281, Berlin-Stuttgart
Esteso F., Peris J.B., Stübing G. 1991. Die Zwergstrauch-Gesellschaften auf basenhaltigen Böden der La Mancha-Region in Spanien. Tuexenia 11: 235-251. Göttingen 
Etter H. 1943. Pflanzensoziologische und bodenkundliche Studien an schweizerischen Laubwäldern [Phytosociological and pedological studies of Swiss deciduous forests]. Mitt. Eidgenöss. Forsch.anst. Wald Schnee Landsch. 23)1):3–132
Etter H. 1947. Über die Waldvegetation am Südostrand des schweizerischen Mittellandes [About the forest vegetation on the south-eastern edge of the Swiss Plateau]. Mitt. Eidgenöss. Forsch.anst. Wald Schnee Landsch. 25(1):141–210
Etter H., Morier-Genoud P.-D. 1963. Etude phytosociologique des forêts du Canton de Genève [Phytosociological study of the forests of the Canton of Geneva]. Mitt. Eidgenöss. Forsch.anst. Wald Schnee Landsch. 39(2):113–148
FOTIADI G.P. (2004): DEFINITION DER PHYTOSOZIOLOGISCHEN EINHEITEN DES WALDES DES GRIECHISCHEN TEILS DES BELES-GEBIRGES UND DER GEBIRGSKETTE DES KRUSSISCHEN GEBIRGES. ΓΕΩΡΓΙΟΥ Π. ΦΩΤΙΑ∆Η (2004): ΚΑΘΟΡΙΣΜΟΣ ΤΩΝ ∆ΑΣΙΚΩΝ ΦΥΤΟΚΟΙΝΩΝΙΟΛΟΓΙΚΩΝ ΜΟΝΑ∆ΩΝ ΤΟΥ ΕΛΛΗΝΙΚΟΥ ΤΜΗΜΑΤΟΣ ΤΟΥ ΟΡΟΥΣ ΜΠΕΛΕΣ ΚΑΙ ΤΗΣ ΟΡΟΣΕΙΡΑΣ ΤΩΝ ΚΡΟΥΣΙΩΝ [Fotiadi G.P. 2004. Definition of the forest phyto-sociological units of the greek part of the mountain Beles and the mountain range of Croissants. PhD Thesis.Aristoteles University Thessaloniki 383 p. 
Faber A. 1936. Über Waldgesellschaften auf Kalksteinböden und ihre Entwicklung im Schwäbisch-Fränkischen Stufenland und auf der Alb [On forest communities on limestone soils and their development in the Swabian-Franconian stepped landscape and on the Alb].  Anh. Versammlungsber. Landesgr. Württ. Deutsch. Forstver., pp. 1-53
Fariselli R., Pezzi G., Buldrini F., Viciani D. 2024. La vegetazione dell’Emilia-Romagna. 2th ed. AMSActa - Institutional Research Repository by AlmaDL University of Bologna Digital Library. 724 p.  https://amsacta.unibo.it/id/eprint/7547/1/Vegetazione%20Emilia-Romagna%202%5E%20ed.pdf
Ferrari C. 1971. La vegetazione dei Calanchi nelle Argille Scagliose del Monte Paderno. Not. Fitosoc. 6:31-51
Fijalkowski D. 1960a. Szata roślinna jezior Leczynsko-Wlodawskich i przylegajacych do nich torfowisk [Vegetation of the Leczynsko-Wlodawskie Lakes and adjacent peat bogs]. Ann. Univ. Mariae Curie-Skłodowska, Sect. B, 14:131–206.
Fijalkowski D. 1960b. Stosunki geobotaniczne torfowiska „Dubeczno“ koło Włodawy [Geobotanical relations of the peat bog ‘Dubeczno’ near Włodawa]. Roczn. Nauk Roln., Ser. A, Rosl. 80:449–496.
Fischer W. 1977. Vegetation und Flora des Naturschutzgebietes Himmelreichsee. Naturschutzarbeit Berlin Brandenburg, Potsdam (Germany): 13(3):72-88
Fischer W., 1985. Flora und Vegetation eines Rieselfeldgebietes bei Potsdam [Flora and vegetation of a drainage field near Potsdam]. Gleditschia, 16:57-68.
Foucault B. de 1980. Les prairies permanentes du bocage virois basse-Normandie, France. typologie phytosociologique et essai de reconstitution des séries évolutives herbagères [The permanent grasslands of the Virois bocage in Lower Normandy, France. Phytosociological typology and attempt to reconstruct grassland evolutionary series]. Doc. Phytosoc., N.S., 5:1-109. Lille
Foucault B. de 1988. Notes photosociologiques sur la quatorzieme session de la Socoete Botanique du Centre-Ouest en Cardgne et Capcir [Photosociological notes on the fourteenth session of the Socoete Botanique du Centre-Ouest in Cardgne and Capcir]. Bulletin de la societe de botanique du Centre-Ouest, nouvelle serie19:387-400
Foucault B. de 1995. Contribution à une monographie phytosociologique de la Hague (Manche, France) [Contribution to a phytosociological monograph of La Hague (Manche, France)]. Bull. Soc. Bot. Nord Fra., 48 (4):45-90.
Foucault B. de, Catteau E. 2012 Contribution au prodrome des végétations de France : les Agrostietea stoloniferae Oberd. 1983. J. Bot. Soc. Bot. France 59 : 5-131, http://phytosocio.fr/download/PVF/Agrostietea%20stoloniferae%20005_132.pdf
Foucault B. de, Julve P. 1991. Donneés phytosociologiques sur la dix-septiéme session de la S.B.C.O. en Languedoc-Roussillon; reflexions sur les associations arborescentes mediterraneennes [Phytosociological data on the seventeenth session of the S.B.C.O. in Languedoc-Roussillon; reflections on Mediterranean tree associations]. Bulletin de la societe de botanique du Centre-Ouest, nouvelle serie 22:391-420
Franz W. R. 1991. Zum Vorkommen von Cardamine trifolia L. in azonal verbreiteten Pflanzengesellschaften Kärntens (Österreich). – In. Illyrische Einstrahlungen im ostalpin.-dinarischen Raum [On the occurrence of Cardamine trifolia L. in azonally distributed plant communities in Carinthia (Austria). - In. Illyrian irradiations in the eastern Alpine-Dinaric region]. Symposium in Keszthely, 25.–29. Juni 1990. pp. 19–32.
Franz W.R, K osch M., Leute , G.H. 1990. Zur Flora und Vegetation der Kapuziner- und Schlangeninsel im Wörthersee (Kärnten, Österreich).- Flora in vegetacija dveh otokov (Kapuziner- in Schlangeninsel) v Vrbksem jezeru (Koroska, Avstrija).- Razprave IV. Razreda SAZU, Ljubljana XXXI 3:37-76.
Frehner H.K. 1963. Waldgesellschaften im westlichen Aargauer Mittelland. Promotionsarbeit. ETH Zürich [Forest communities in the western Aargau Mittelland. Doctoral thesis. ETH Zurich]. Beiträge zur geobotanischen Landesaufnahme der Schweiz Heft 44, Publisher Hans Huber Bern (Switzerland), 107 pp.
Freitag H., Markus C., Wippel I. 1959. Die Wasser- und Sumpfgesellschaften im Magdeburger Urstromtal südlich des Fläming [The water and marsh communities in the Magdeburg glacial valley south of the Fläming]. Wiss. Z. Päd. Hochsch. Potsdam, Math. -Nat., 4:65-92
"Frey E. (1922): Die Vegetationsverhältnisse der Grimselgegend im Gebiet der zukünftigen Stauseen - Ein Beitrag zur Kenntnis der Besiedlungsweise von kalkarmen Silikatfels und Silikatschuttböden. Mitteilungen der Naturforschenden Gesellschaft Bern, 6:
85-281."
Fukarek F. 1961. Die Vegetation des Darß und ihre Geschichte [The vegetation of the Darss and its history]. Pflanzensoziologie 12, 321 pp. Gustav Fischer, Jena. 
Förster M. (2005): Zur Artenstruktur und Systematik xerothermer Eichenmischwälder in Deutschland - eine Stellungnahme. Tuexenia 25: 29-61
Gamisans J., Hebrard JP. 1979. A propos de la végétation des foréts d’Epire et de Macédoine grecque occidentale [About the vegetation of the forests of Epirus and western Greek Macedonia]. Doc Phytosoc 4:289–341 + tab.
Gamisans J., Hebrard JP. 1980. A propos de la végétation des foréts en Gréce du nord-est (Macédoine orientale et Thrace occidentale) [About the vegetation of the foreshore in north-eastern Greece (Eastern Macedonia and Western Thrace)]. Doc Phytosoc 5:243–289 +tab.
Gams H. 1927. Von den Follatères zur Dent de Morcles. Vegetationsmonographie aus dem Wallis [From the Follatères to the Dent de Morcles. Vegetation monograph from the Valais]. Beitr. geobot. Landesaufn. Schweiz 15, 760 pp.
Garcia-Baquero G. 2005. Flora y vegetación del Alto Oja (Sierra de La Demanda, La Rioja, España). Ed.: Universidad del Pais Vasco, GuineanA 11:1-246, https://addi.ehu.es/bitstream/handle/10810/38434/4305-15135-1-PB.pdf?sequence=1&isAllowed=y
Garilleti R., Calleja J.A., Lara F. 2012 Vegetación ribereña de los ríos y ramblas de la España meridional (península y archipiélagos). Ed.: Ministerio de Agricultura, Alimentación y Medio Ambiente Madrid, 645 p., https://www.researchgate.net/profile/Francisco-Lara-6/publication/235609862_La_vegetacion_riberena_de_los_rios_y_ramblas_de_la_Espana_meridional_peninsula_y_archipielagos/links/584fd24108aecb6bd8d1dca0/La-vegetacion-riberena-de-los-rios-y-ramblas-de-la-Espana-meridional-peninsula-y-archipielagos.pdf
Gayova Y., Korotchenko I. 2013. Forest vegetation with Daphne cneorum L. in the territory of Cherkassy-Chigirin Geobotanical District. Sci Bull NLTU Univ 23:27-33 [in Ukrainian]
Gehu J.M. 1969. Application en phytosociologie de la cartographie en reseaux [Phytosociological application of network mapping]. Bulletin de la societe de botanique du nord de la France.22(1):1-28. Publ. Institute de Botanique Lille. 
Gehu J.M., Costa M., Biondi E. 1990 Les Junipereta macrocarpae sur Sable. Acta Botánica Malacitana, 15: 303 -309
Gehu J.M., Franck J. 1982. La végétation du littoral Nord-Pas de Calais [Vegetation on the Nord-Pas de Calais coast]. Bailleul. 362 pp. 
Geissler P. 1976. Zur Vegetation alpiner Fließgewässer. Pflanzensoziologisch-ökologische Untersuchungen hygrophiler Moosgesellschaften in den östlichen Schweizer Alpen [On the vegetation of alpine watercourses. Phytosociological-ecological investigations of hygrophilous moss communities in the eastern Swiss Alps]. - Beitr. z. Kryptogamenflora d. Schweiz 14(2), 52 pp. + tab.
Gensac P. 1967a. Les forêts d’Epicéa de Tarentaise [The Tarentaise spruce forests]. Rev. gén. Bot. 74: 425–528.
Gensac P. 1967b. Feuille de Bourg-Saint-Maurice (XXXV-31) et de Moûtiers (XXX-32). Les groupements végétaux au contact des pessières de Tarentaise [Leaves of Bourg-Saint-Maurice (XXXV-31) and Moûtiers (XXX-32). Plant groups in contact with the Tarentaise spruce forests]. Documents pour la Carte de la Végétation des Alpes 5:7–61.
Gianguzzi L.,. Bazan  G. 2019. The Olea europaea L. var. sylvestris (Mill.) Lehr. forests in the Mediterranean area. Plant Sociology 56(2)3-34, DOI 10.7338/pls2019562/01
Gillet F. 1986. Les phytocoenoses forestières du Jura nord-occidental. Essai de phytosociologie intégrée [Forest plant communities in the north-western Jura. An attempt at integrated phytosociology]. Theses, Univ. Besançon, 604 pp.
Gillner V. 1960. Vegetations- und Standortuntersuchungen in den Strandwiesen der schwedischen Westküste [Vegetation and site investigations in the beach meadows of the Swedish west coast]. Acta Phytogeogr. Suecica, 43:1-198
Glavac V. 1964a. Nadelwälder, Kanton Uri [Coniferous forests, Canton Uri]. unpubl. In: Ellenberg H., Klötzli F. 1972. Waldgesellschaften und Waldstandorte der Schweiz [Forest communities and forest sites in Switzerland]. Ed.. Dr. W. Bosshard, Direktor der Eidgenössischen Anstalt für das Forstliche Versuchswesen. 48(4):494-930
Glavac V. 1964b. Laub- und Nadelwälder, östliches Berner Oberland [Deciduous and coniferous forests, eastern Bernese Oberland]. unpubl. In: Ellenberg H., Klötzli F. 1972. Waldgesellschaften und Waldstandorte der Schweiz [Forest communities and forest sites in Switzerland]. Ed.. Dr. W. Bosshard, Direktor der Eidgenössischen Anstalt für das Forstliche Versuchswesen. 48(4):494-930
"Glavac V., Raus T. 1982. Über die Pflanzengesellschaften des Landschafts- und Naturschutzgebietes ""Dönche"" in Kassel. Tuexenia - Mitteilungen der Floristisch-soziologischen Arbeitsgemeinschaft NS 2:73-113. https://www.zobodat.at/pdf/Tuexenia_NS_2_0073-0113.pdf"
Gomez Mercado F., Valle F. 1990. Notas fitosociologicas sobre las comunidades arboreas de las Sierras de Cazorla y Segura. Acta Botánica Malacitana 15:239-246, Malaga
Goncharenko I. 2003. Analysis of the plant cover of the north-east Forest-steppe of Ukraine. Ukr Fitotsenot Zbirn Ser A 19.1–204 [in Ukrainian]
Goncharenko I. Semenishchenkov Y. Tsakalos J.L. Mucina L 2020. Thermophilous oak forests of the steppe and forest-steppe zones of Ukraine and Western Russia. Biologia https.//doi.org/10.2478/s11756-019-00413-w
González-Garzia V., Diaz González T.E. 2021. Evaluación Ambiental del Valle de Bustamores (Villamanín, León). Boletín del Instituto de Estudios Asturianos. Instituto de Estudios Asturianos (Oviedo, Spain) 55(1):71-129
Gortani L., Gortani M. (1905): Flora Friulana con speciale riguardo alla Carnia. Batt. Doretti, Udine: 744 S.
Grabherr G. 1979. Variability and ecology of the alpine dwarf shrub community Loiseleurio-Cetrarietum. Vegetatio 41: 111-120
Grabherr G., Mucina L. 1989. Übersicht der Wälder und Waldstandorte in Vorarlberg. Lebensraum Vorarlberg 3: 9–41
Grabherr G., Mucina L. 1993. Die Pflanzengesellschaften Österreichs Teil II. Natürliche waldfreie Vegetation [The plant communities of Austria Part II. Natural forest-free vegetation] Gustav Fischer Publisher Jena Stuttgart New York, 524 pp
Gribova S.A, Isachenko T.I, Lavrenko E.M 1980. Vegetation of the European part of the USSR. Nauka Leningrad, 236 pp. [in Russian]
Gruber, M. 1968. Ostrya carpinifolia Scop. dans le secteur préligurien. Bull. Soc. Bot. France 115: 207–218
Grünig P. 1946. Über die Voraussetzungen und Möglichkeiten des Waldbaus auf Standorten der schweizerischen Querceto-Lithospermeten. Dipl.-Arb. ETHZ, Inst. Waldbau. 73 S. [On the requirements and possibilities of silviculture on sites of the Swiss Querceto-Lithospermeten. Diploma thesis ETHZ, Institute of Silviculture. 73 p.] In. Ellenberg H., Klötzli F. 1972. Waldgesellschaften und Waldstandorte der Schweiz. Ed.. Dr. W. Bosshard, Direktor der Eidgenössischen Anstalt für das Forstliche Versuchswesen. 48(4):494-930
Guinochet M. 1955. Carte phytosociologique de Pontarlier (5-6) [Phytosociological map of Pontarlier (5-6)]. IGN. Paris. 
Gutte P., Hilbig W. 1975. Übersicht über die Pflanzengesellschaften des südlichen Teiles der DDR XI. Die Ruderalvegetation. Hercynia 12: 1 - 39. https://www.zobodat.at/pdf/Hercynia_12_0001-0039.pdf
Görs S. 1966. Die Pflanzengesellschaften der Rebhänge am Spitzberg [The plant communities of the Spitzberg vineyards]. J. Die Natur- und Landschaftsschutzgebiete Baden-Württ., Vol. 3, p. 476-534
Görs S. 1974. Nitrophile Saumgesellschaften im Gebiet des Taubergiessen. In: Das Taubergiessengebiet [Nitrophilous fringe communities in the Taubergiessen area. In: The Taubergiessen area]. Die Natur- und Landschaftsschutzgebiete Baden-Württemberg, 7:207-283. 
Görs S., Müller T. 1969. Beitrag zur Kenntnis der nitrophilen Saumgesellschaften Südwestdeutschlands - aus der Landesstelle für Naturschutz und Landschaftspflege Baden-Württemberg, Ludwigsburg – Mitteilungen der Floristisch-soziologischen Arbeitsgemeinschaft (alte Serie) – NF_14: 153 - 168. https://www.zobodat.at/pdf/Mitt-flori-soz-Arb_NF_14_0153-0168.pdf
Habeck F., Reif A. 1994. Die Waldgesellschaften der montanen und subalpinen Stufe des Ostabfalls des Olymp, Griechenland [The forest communities of the montane and subalpine stage of the eastern slope of Mount Olympus, Greece]. Phytocoenologia 22:501-536. Berlin, Stuttgart
Haderlapp P. 1982. Alpine Vegetation der Steiner Alpen. Carinthia II - Sonderhefte 40:1-56. https://www.zobodat.at/pdf/CAR-SH_40_0001-0056.pdf
Harmsen G.W. 1936. Systematische Beobachtungen der Nordwesteuropäischen Seegrasformen [Systematic observations of Northwest European seagrass forms]. Ned. Kruidk. Arch., 46:852-877.
Hartmann F.K., Jahn G. 1967. Waldgesellschaften des mitteleuropäischen Gebirgsraumes nördlich der Alpen [Forest communities of the Central European mountain region north of the Alps] Gustav Fischer Jena 636 p.
Hegedüšová K., Žarnovičan H., Kanka R., Šuvada R., Kollár J., Galvánek D. & Roleček J. 2021. Thermophilous oak forests in Slovakia: clasification of vegetation and an expert system. Preslia 93:89–123.
Heinis F. 1933. Die Pflanzengesellschaften der Richtifluh bei Waldenburg [The plant communities of the Richtifluh near Waldenburg]. Verh. Nat.forsch. Ges. Basel 44:336–364
Heinken T., Zippel E. (1999): Die Sand-Kiefernwälder (Dicrano-Pinion) im norddeutschen Tiefland: syntaxonomische, standörtliche und geographische Gliederung. Tuexenia 19:55-106.
Heinz Lienenbecker (1971): Die Pflanzengesellschaften im Raum Bielefeld - Halle – Berichte des Naturwissenschaftlichen Verein für Bielefeld und Umgegend – 20: 67 - 170. https://www.zobodat.at/pdf/Ber-Natwiss-Ver-Bielefeld_20_0067-0170.pdf
Heiselmayer P. 1982. Die Pflanzengesellschaften des Tappenkars (Radstädter Tauern). Stapfia 0010:161 202. https://www.zobodat.at/pdf/STAPFIA_0010_0161-0202.pdf
Heller H. 1963. Struktur und Dynamik von Auenwäldern [Structure and dynamics of alluvial forests]. Beitr. geobot. Landesaufn. Schweiz 42, 75 pp.
Hijny S. 1957. Ein Beitrag zur ökologischen Gliederung der Makrophyten in den Niederungsgewässern der Tschechoslowakei [A contribution to the ecological organisation of macrophytes in the lowland waters of Czechoslovakia]. Preslia 29:349–368.
Hijny S. 1960. Ökologische Charakteristik der Wasser- und Sumpflanzen in den slowakischen Tiefebenen (Donau- und Theißgebiet) [Ecological characteristics of aquatic and marsh plants in the Slovakian lowlands (Danube and Tisza basin)]. Vydavatelstvo Slovenskej akademie vied, Bratislava. 487 pp.
Hilbig W. 1971a. Kalkschuttgesellschaften in Thüringen – Hercynia – 8: 85 - 95. https://www.zobodat.at/pdf/Hercynia_8_0085-0095.pdf
Hilbig W. 1971b. Übersicht über die Pflanzengesellschaften des südlichen Teiles der DDR – Hercynia – 8: 256 - 285. https://www.zobodat.at/pdf/Hercynia_8_0256-0285.pdf
Hilbig W. 1971c. Übersicht über die Pflanzengesellschaften des südlichen Teiles der DDR – Hercynia – 8: 4 - 33. https://www.zobodat.at/pdf/Hercynia_8_0004-0033.pdf
Hilbig W., Heinrich W., Niemann E. 1972. Übersicht über die Pflanzengesellschaften des südlichen Teiles der DDR IV. Die nitrophilen Saumgesellschaften – Hercynia – 9: 229 - 270. https://www.zobodat.at/pdf/Hercynia_9_0229-0270.pdf
Hilbig W., Knapp H. D., Reichhoff L. 1982. Übersicht über die Pflanzengesellschaften des südlichen Teiles der DDR XIV. Die thermophilen mesophilen und acidophilen Saumgesellschaften. Hercynia 19:212-248. https://www.zobodat.at/pdf/Hercynia_19_0212-0248.pdf
Hilbig W., Reichhoff L. 1977. Übersicht über die Pflanzengesellschaften des südlichen Teiles der DDR XIII. Hercynia 14: 21-46. https://www.zobodat.at/pdf/Hercynia_14_0021-0046.pdf
Hinterlang D. 1992. Vegetationsökologische Aspekte der Weichwasser-Quellgesellschaften zentral-europäischer Mittelgebirge unter besonderer Berücksichtigung der Synsystematik [Vegetation-ecological aspects of soft water spring communities of central European low mountain ranges with special consideration of synsystematics]. Ber. RTG, Hannover, 4:105-121.
Hocquette M. 1927. Étude sur la végétation et la flore du littoral de la Mer du Nord de Nieuport à Sangatte. Arch. Bot. 1/4:1–178.
Hofmann G, Pommer U (2013) Die Waldvegetation Nordostdeutschlands.Eberswalder Forstliche Schriftenreihe 54:1-598
Hofmann G. 1969. Zur pflanzensoziologischen Gliederung der Kiefernforsten des nordostdeutschen Tieflandes [On the phytosociological structure of the pine forests of the north-east German lowlands] Feddes Repertorium 80/4-):401-412 Berlin
Hofmeister H. 1975. Ackerunkrautgesellschaften des ostbraunschweigischen Hügellandes. Mitteilungen der Floristisch-soziologischen Arbeitsgemeinschaft (alte Serie) NF18: 25 - 39. 
Hofmeister H. 1981. Ackerunkraut-Gesellschaften des Mittelleine-Innerste-Berglandes (NW-Deutschland). Tuexenia - Mitteilungen der Floristisch-soziologischen Arbeitsgemeinschaft  NS 1:49-62. https://www.zobodat.at/pdf/Tuexenia_NS_1_0049-0062.pdf
Hohenester A. 1960. Grasheiden und Föhrenwälder auf Diluvial- und Dolomitsanden im nördlichen Bayern – Berichte der Bayerischen Botanischen Gesellschaft zur Erforschung der Flora – 33: 30 - 85. https://www.zobodat.at/pdf/Berichte-Bayerischen-Bot-Ges-Erforschung-Flora_33_0030-0085.pdf
"Holzner W., Forstner W., Hilbig W. 1978. Nitrophile Saumgesellschaften in Niederösterreich und dem Burgenland. Verhandlungen der Zoologisch-Botanischen Gesellschaft in Wien. Frueher: Verh.des Zoologisch-Botanischen Vereins in Wien. seit 2014 ""Acta ZooBot Austria"" 116-117: 99-110  https://www.zobodat.at/pdf/VZBG_116-117_0099-0110.pdf"
Horvat A.O 1972. Die Vegetation des Mecsekgebirges und seiner Umgebung [The vegetation of the Mecsek Mountains and its surroundings]. Akademiai Kiado, Budapest, 376 p.
Horvat A.O. 1976. Potentillo-Quercion s.l.- Waldstudien [Potentillo-Quercion s.l.- Forest studies]. Verhandlungen der Zoologisch-Botanischen Gesellschaft in Wien 115:55-67
Horvat I., Glavac V., Ellenberg H. 1974 Vegetation Südosteuropas [Vegetation of South-Eastern Europe] Publisher Gustav Fischer  Jena Stuttgart New York 768 pp.
Horvat I., Pawlowski B., Walas J. 1937. Studia fitosocjologiczne nad wysokogórską roślinnością gór Riła w Bułgarii. — Phytosoziologische Studien über die Hochgebirgsvegetation der Rita Pianina in Bulgarien [Phytosociological studies on the high mountain vegetation of Rita Pianina in Bulgaria]. Bulletin international de l'academie polonaise des sciences et des lettres. No. 8-10 p. 159-190. Cracovie
Horváth A., Kevey B., Lendvai G., Simon G., Sonnevend I. 2017. Steppe woodlands with Tatarian maple (Aceri tatarici-Quercetum pubescentis-roboris Zólyomi 1957) in the Northern Mezőföld and adjacent areas Hungary. Bot Közlem 104:109–130 [in Hungarian]
Hrivnák R. 2002. Aquatic plant communities in the catchment area of the Ipeľ river in Slovakia and Hungary Part I Classes Lemnetea and Charetea fragilis. Thaiszia Journal of Botany - J Bot Košice 12:25-50
Hueck K. 1925. Vegetationsstudien auf brandenburgischen Hochmooren [Vegetation studies on Brandenburg raised bogs]. Beitr. Naturdenkmalpflege 13:1–230.
Hueck K. 1931. Erläuterungen zur Vegetationskundlichen Karte des Endmoränengebietes von Chorin (Uckermark) [Explanatory notes on the vegetation map of the terminal moraine area of Chorin (Uckermark)]. Beitr. Naturdenkmalpfl., 14:105-214.
Hundt R. 1954. Grünlandgesellschaften an der unteren Mulde und mittleren Elbe [Grassland communities on the lower Mulde and middle Elbe]. Wiss. Zeitschr. Univ. Halle, Math.-Nat., 3:883-928. 
Hundt R. 1958. Beiträge zur Wiesenvegetation Mitteleuropas. I . die Auenwiesen an der Elbe, Saale und Mulde [Contributions to the meadow vegetation of Central Europe. I . The floodplain meadows along the Elbe, Saale and Mulde rivers]. Nova Acta Leop., N.F., 20:1-206.
Hundt R. 1964. Die Bergwiesen des Harzes Thüringer Waldes und Erzgebirges. [The Mountain Meadows of the Harz Thuringian Forest and Ore Mountains] Gustav Fischer Publisher Jena 284 pp.
Hájek M., Tzonev R., Hájková P., Ganeva A., Apostolova I. 2005. Plant communities of the subalpine mires and springs in the Vitosha Mt..Phytologica Balcanica 11(2):193-205, Sofia
Hájková P., Hájek M., Apostolova I. 2006. Diversity of wetland vegetation in the Bulgarian high mountains, main gradients and context-dependence of the pH role.  Plant Ecology 184:111-130. DOI 10.1007/s11258-005-9056-5
Härdtle W.  (2004): Bodensaure Eichen- und Eichenmischwälder Europas [European acidophilous oak and mixed oak forests]. Tuexenia Göttingen 24:57-72. 
Härdtle W. 1984. Vegetationskundliche Untersuchungen in Salzwiesen der Ostholsteinischen Ostseeküste. [Vegetation studies in salt marshes of the East Holstein Baltic Sea coast]. Mitteilungen der AG Geobotanik in Schlesw-Holst und Hamburg Kiel Vol 48 415 pp.
Härdtle W. 1989. Potentiell Natürliche Vegetation - Ein Beitrag zur Kartierungsmethode am Beispiel der Topographischen Karte 1623 Owschlag. [Potentially Natural Vegetation - A contribution to mapping methods using the example of Topographic Map 1623 Owschlag] Mitteilungen der AG Geobotanik in Schlesw-Holst und Hamburg Kiel Vol 40, 73 pp.
Härdtle W. 1995a. Vegetation und Standort der Laubwaldgesellschaften (Querco-Fagetea) im Nördlichen Schleswig-Holstein [Vegetation and location of deciduous forest communities (Querco-Fagetea) in northern Schleswig-Holstein]. Mitteilungen der AG Geobotanik in Schlesw-Holst und Hamburg Kiel Vol 48, 415 pp. 
Härdtle W. 1995b. Zur Systematik und Synökologie artenarmer Buchenwälder (Flatter-Gras-/Sauerklee-Buchenwälder) in Schleswig-Holstein [On the systematics and synecology of species-poor beech forests (Milio-/Oxalido-Fagetum) in Schleswig-Holstein] Tuexenia Göttingen 15:45-51 
Härdtle W. 1997.  [Synopsis of the plant communities of Germany, Querco.Fagetea. Part 1: Quercion roboris, acidophilous oak forests]. Göttingen. Vol. 2, 51 p.
Härdtle W., Ewald J., Hölzel N. 2004. Wälder des Tieflandes und der Mittelgebirge. [Forests of the lowlands and low mountain ranges]. Publisher Eugen Ulmer Stuttgart 250 pp.
Höhn W. 1936. Vegetationsstudien in OberaIberg (Schwyz). Die hygrophilen Pflanzengesellschaften [Vegetation studies in OberaIberg (Schwyz). The hygrophilous plant communities]. Ber. schweiz. bot. Ges. (Festbd. Rübel) 46:365–411
Höpflinger F. 1957. Die Pflanzengesellschaften des Grimminggebietes. – Mitteilungen des naturwissenschaftlichen Vereins für Steiermark – 87: 74 - 113. https://www.zobodat.at/pdf/MittNatVerSt_87_0074-0113.pdf
"Hübl E. 1959. Die Wälder des Leithagebirges. Eine Vegetationskundliche Studie. – Verhandlungen der Zoologisch-Botanischen Gesellschaft in Wien. Frueher: Verh.des Zoologisch-Botanischen Vereins in Wien. seit 2014 ""Acta ZooBot Austria"" – 98-99: 96 - 167. https://www.zobodat.at/pdf/VZBG_98-99_0096-0167.pdf"
Hülbusch K. H. 1980. Pflanzengesellschaften in Osnabrück. Mitteilungen der Floristisch-soziologischen Arbeitsgemeinschaft (alte Serie) NF 22:51-75. https://www.zobodat.at/pdf/Mitt-flori-soz-Arb_NF_22_0051-0075.pdf
Hüppe, J. 1987. Die Ackerunkrautgesellschaften in der Westfälischen Bucht. Abh. Westf. Museums f. Naturkunde 49(1):3-119. https://www.zobodat.at/pdf/Abh-Westf-Mus-Naturkde_49_1_1987_0003-0119.pdf
Indreica A. 2011. On the occurence in Romania of Potentillo albae-Quercetum petraeae Libbert 1933 association. Not Bot Horti Agrobot Cluj-Napoca 39:297-306
Indreica A., Turtureanu P. D., Szabó A., Irimia I. 2017. Romanian Forest Database: a phytosociological archive of woody vegetation. Phytocoenologia Vol. 47 (2017), Issue 4, 389–393. Publ. Gebrüder Borntraeger,Stuttgart, Germany
Issler E. 1924. Les Associations végétales des Vosges méridionales et de la plaine rhénane avoisinante. Première partie . Les forêts. A. Les associations d'arbres feuillus. Diagnoses phytosociologiques [Les Associations végétales des Vosges méridionales et de la plaine rhénane avoisinante. Part one. The forests. A. Associations of deciduous trees. Phytosociological diagnosis]. Bulletin de la Société d'Histoire Naturelle de Colmar, 17:1-67
Issler E. 1926a Les associations végétales de la partie supérieure de la vallée da la Lane [Plant associations in the upper part of the Lane valley]. Theses Besanҫon 120 pp. 
Issler E. 1926b. Les Associations végétales des Vosges méridionales et de la plaine rhénane avoisinante. Première partie . Les forêts (fin). Documents sociologiques [Les Associations végétales des Vosges méridionales et de la plaine rhénane avoisinante. Part one. Forests (end). Sociological documents]. Bulletin de la Société d'Histoire Naturelle de Colmar, 19:1-109.
Issler E. 1942 Vegetationskunde der Vogesen [Vegetation Science of the Vosges.] Pflanzensoziologie Band 5 Gustav Fischer Jena 161 pp.
Izco J., Amigo J., Guitián J. 1985. Composicion, releciones y sistematizacion de los bosques esclerofilos del noroeste Iberico. Not. Fitosoc.22:83-114
Izco J., Amigo J., Guitián J. 1986. Identificacion y descripcion de los bosques montanos del extremo occidental de la Cordillera Cantabrica. Trabajos Compostelanos de Biologia 13:183-202
Izco J., Amigo J., Guitián J. 1990. Los robledales galaico-septentrionales [Galician-Septentrional oak woods]. Acta Botanica Malacitana 15:267-276. Malaga
Jakubowska-Gabara J. 2000. Forest communities that developed as a result of transformations of the Potentillo albae-Quercetum Libb. 1933 association in Poland. Acta Univ Lodz. Fol Bot 15:3–47 [in Polish]
Jakucs P. 1961. Die phytozönologischen Verhältnisse der Flaumeichen – Buschwälder Südostmitteleuropas [The phytozoanological conditions of downy oak - scrub forests of South-East Central Europe]. Publisher of the Hungarian Academy of Sciences Budapest 313 pp. 
Jaquemart, A.L., Deschamps, C. (2025): Ecologie vegetale - Focus sur les associations forestières de Belgique. URL: https://biologievegetale.be/ecologie-vegetale/ecosystemes/phytosociologie/focus-sur-les-associations-forestieres-de-belgique/
Jeckel G. 1975. Die Sandtrockenrasen (Sedo-Scleranthetea) der Allerdünen bei Celle-Boye. Mitteilungen der Floristisch-soziologischen Arbeitsgemeinschaft (alte Serie) NF 18: 103 - 109. https://www.zobodat.at/pdf/Mitt-flori-soz-Arb_NF_18_0103-0109.pdf
Jeckel G. 1977. Flora und Vegetation des NSG „Salzfloragebiet bei Schreyahn“ in NE-Niedersachsen – Mitteilungen der Floristisch-soziologischen Arbeitsgemeinschaft (alte Serie). NF19-20:241-251. https://www.zobodat.at/pdf/Mitt-flori-soz-Arb_NF_19-20_0241-0251.pdf
Jelem H. 1975. Marchauen in Niederösterreich. Mitteilungen der forstlichen Bundes-Versuchsanstalt Wien 113:1 - 93. https://www.zobodat.at/pdf/Mitteilungen-forstlichen-Bundes-Versuchsanstalt_113_1975_0001-0093.pdf
Jeschke L. 1959. Pflanzengesellschaften einiger Seen bei Feldberg in Mecklenburg [Plant communities of some lakes near Feldberg in Mecklenburg]. Feddes Repert. Beih. 138:161-214.
Jeschke L., Müther K. 1978. Die Pflanzengesellschaften der Rheinsberger Seen [The plant communities of the Rheinsberg lakes]. Limnologica, 11:307-353.
Julve P. 1993. Synopsis phytosociologique de la France (communautés de plantes vasculaires) [Phytosociological synopsis of France (vascular plant communities)]. Lejeunia, N.S.140, 160 pp. 
Julve P. 1997. Flore et végétation du P.N.R. de la Haute Vallée de Chevreuse Yvelines). Inventaire floristique et phytosociologique et évaluation patrimoniale botanique du territoire du Parc [Flora and vegetation of the P.N.R. de la Haute Vallée de Chevreuse (Yvelines). Floristic and phytosociological inventory and botanical heritage assessment of the Park territory]. Parc Naturel Régional de la Haute Vallée de Chevreuse. 119 pp. + annexes + maps. [1th version 1994]
Julve P. 2013. Aperçu phytosociologique des végétations du Gapençais et de l'Embrunais [Phytosociological overview of the vegetation of the Gapençais and Embrunais regions]. Bull. Soc. Bot. N. France, 66:125-172
Julve P. 2024. eVeg - une base de données pour les végétations d'Europe [ eVeg - a database for Europe's vegetation]. web interface URL. https.//e-veg.net/
Kappen L., Schulze E.D. 1979. Auenwaldreste des Mains im Garstädter Holz und Eimuß bei Schweinfurt (Unterfranken). Mitteilungen der Floristisch-soziologischen Arbeitsgemeinschaft (alte Serie) NF 21:181-195. https://www.zobodat.at/pdf/Mitt-flori-soz-Arb_NF_21_0181-0195.pdf
Kasprowicz M. 2010. Acidophilous oak forests of the Wielkopolska region (West Poland) against the background of Central Europe. Biodivers. Res Conserv 20:1–212
Keller W., Wohlgemuth T., Kuhn N., M Schütz M., Wildi O. 1998. Waldgesellschaften der Schweiz auf floristischer Grundlage - Statistisch überarbeitete Fassung der «Waldgesellschaften und Waldstandorte der Schweiz» von Heinz Ellenberg und Frank Klötzli 1972) [Forest communities of Switzerland on a floristic basis - Statistically revised version of ‘Waldgesellschaften und Waldstandorte der Schweiz’ by Heinz Ellenberg and Frank Klötzli 1972)]. Mitteilungen der Eidgenössischen Forschungsanstalt für Wald, Schnee und Landschaft Vol. 73 1998 paper 2, 270 pp.
Kevey B. 2008. Forest associations of Hungary. Tilia 14:1-488 [in Hungarian]
Kevey B., Borhidi A. 2005. The acidophilous forests of the Mecsek and their relationship with the Balkan-Pannonian acidophilious forests. Acta Botanica Hungarica 47(3-4):273-368
Klapp E. 1954. Wiesen und Weiden. [Meadows and Pastures] 2nd completely redesigned edition. Publisher Paul Parey Berlin und Hamburg 519 pp.
Klapp E. 1965. Grünlandvegetation und Standort – nach Beispielen aus West- Mittel- und Süddeutschland [Grassland vegetation and location - according to examples from western central and southern Germany] Publisher Paul Parey Berlin and Hamburg 384 pp.
Klemm G. 1969. Die Pflanzengesellschaften des nordöstlichen Unterspreewald-Randgebietes 1. Teil – Verhandlungen des Botanischen Vereins Berlin Brandenburg – 106: 24 - 62. https://www.zobodat.at/pdf/Verh-Bot-Ver-Berlin-Brandenburg_106_0024-0062.pdf
Klemm G. 1970. Die Pflanzengesellschaften des nordöstlichen Unterspreewald-Randgebietes 2. Teil – Verhandlungen des Botanischen Vereins Berlin Brandenburg – 107: 3 - 28.
Kleopov J.D. 1990. Analysis of the flora of deciduous forests of the European part of the USSR. Naukova dumka Kiev, 352 pp. [in Russian]
Kleopov Y.D. 1933. Vegetation cover of the southwestern part of the Donetsk ridge. VÑ–sn Kyiv Botan Gard 15:9-162 [in Ukrainian]
Klika J. 1933. Studien über die xerotherme Vegetation Mitteleuropas. II. Xerotherme Gesellschaften in Böhmen [Studies on the xerothermic vegetation of Central Europe. II. xerothermic communities in Bohemia]. Beih. Bot. Centralbl., Abt. II, 50:707–773.
Klika, J. (1937): Xerotherme und Waldgesellschaften der Westkarpathen (Brezover Berge). In: Beiheft bot. Cbl. 57: 295-343.
Kloss K. E. 1960. Ackerunkrautgesellschaften der Umgebung von Greifswald (Ostmecklenburg) – Mitteilungen der Floristisch-soziologischen Arbeitsgemeinschaft (alte Serie) – NF_8: 148 - 164. https://www.zobodat.at/pdf/Mitt-flori-soz-Arb_NF_8_0148-0164.pdf
Knapp R. (1978): Trockenrasen und Therophyten-Fluren auf Kalk-, Sand-, Grus- und Schwermetall-Böden im mittleren Hessen. Oberhess. Naturwiss. Zeitschrift Gießen 44:71-91
Knapp R. 1944a. Vegetationsaufnahmen von Trockenrasen und Felsfluren Mitteldeutschlands – Vorbemerkungen – 4: 1 - 6. https://www.zobodat.at/pdf/Vegetationsaufnahmen-Ruediger-Knapp_4_0001-0006.pdf; Vol. 1 - Säureliebende Sand- und Felsfluren (Corynephoretalia). Vegetationsaufnahmen Rüdiger Knapp 5: 1 - 17. https://www.zobodat.at/pdf/Vegetationsaufnahmen-Ruediger-Knapp_5_0001-0017.pdf; Vol. 2 - Atlantisch-Submediterrane und Dealpine Trockenrasen (Bromion erecti). Vegetationsaufnahmen Rüdiger Knapp 6: 1 - 56. https://www.zobodat.at/pdf/Vegetationsaufnahmen-Ruediger-Knapp_6_0001-0056.pdf; Vol. 3 - Kontinentale Felsfluren und Trockenrasen (Seslerio-Festucion glaucae, Astragalo-Stipion). Vegetationsaufnahmen Rüdiger Knapp 31: 1 - 60. https://www.zobodat.at/pdf/Vegetationsaufnahmen-Ruediger-Knapp_31_000
Knapp R. 1944b. Vegetationsaufnahmen von Wäldern der Alpenostrand-Gebiete -Einführung.  Vegetationsaufnahmen Rüdiger Knapp 1: 1 - 5.https://www.zobodat.at/pdf/Vegetationsaufnahmen-Ruediger-Knapp_1_0001-0005.pdf; Vol. 1 - Säureliebende Wälder (Betuleto- Pinetea). Vegetationsaufnahmen Rüdiger Knapp 7: 1 - 51. https://www.zobodat.at/pdf/Vegetationsaufnahmen-Ruediger-Knapp_7_0001-0051.pdf; Vol. 2 - Wärmeliebende Eichen-Mischwälder (Quercetalia pubescentis-sessiliflorae). Vegetationsaufnahmen Rüdiger Knapp 8: 1 - 55. https://www.zobodat.at/pdf/Vegetationsaufnahmen-Ruediger-Knapp_8_0001-0055.pdf; Vol. 3 - Subalpine Buchen-Mischwälder (Fagetum silvaticae). Vegetationsaufnahmen Rüdiger Knapp 9: 1 - 37.https://www.zobodat.at/pdf/Vegetationsaufnahmen-Ruediger-Knapp_9_0001-0037.pdf; Vol. 4 - Buchenwälder der niederen Bergländer (Fagetum silvaticae 2) Eschen-Ahorn-Schluchtwälder (Acereto - Fraxinetum). Vegetationsaufnahmen Rüdiger Knapp 10: 1 - 74. https://www.zobodat.at/pdf/Vegetationsaufnahmen-Ruediger-Knapp_10_0001-0074.pdf; Vol. 5 Eichen-Hainbuchen-Mischwälder (Querceto-Carpinetum); Vol. 6 Auen- und Quellwälder (Alno-Padion) – Vegetationsaufnahmen Rüdiger Knapp – 12: 1 - 59, https://www.zobodat.at/pdf/Vegetationsaufnahmen-Ruediger-Knapp_12_0001-0059.pdf 
Knapp R. 1944c. Vegetations - Studien in Serbien – Vegetationsaufnahmen Rüdiger Knapp – 29: 1 - 38. https://www.zobodat.at/pdf/Vegetationsaufnahmen-Ruediger-Knapp_29_0001-0038.pdf
Knapp R. 1944e. Vegetationsaufnahmen Wäldern aus dem Raume der mittleren Saale und dem Kyffhäuser – Vegetationsaufnahmen Rüdiger Knapp – 18: 1 - 22. https://www.zobodat.at/pdf/Vegetationsaufnahmen-Ruediger-Knapp_18_0001-0022.pdf
Knapp R. 1944f. Vegetationsaufnahmen von Wäldern des Unter-Harzes – Vegetationsaufnahmen Rüdiger Knapp – 17: 1 - 13.https://www.zobodat.at/pdf/Vegetationsaufnahmen-Ruediger-Knapp_17_0001-0013.pdf
Knapp R. 1944g. Vegetationsaufnahmen von Wald-Beständen des Thüringer Waldes – Vegetationsaufnahmen Rüdiger Knapp – 30: 1 - 18. https://www.zobodat.at/pdf/Vegetationsaufnahmen-Ruediger-Knapp_30_0001-0018.pdf
Knapp R. 1944h. Über Zwergstrauch-Heiden im Mitteldeutschen Trocken-Gebiet – Vegetationsaufnahmen Rüdiger Knapp – 32: 1 - 6. https://www.zobodat.at/pdf/Vegetationsaufnahmen-Ruediger-Knapp_32_0001-0006.pdf
Knapp R. 1944i. Über die Fundorte der Flaumeiche (Quercus Pubescens Willd.) und der Wimperblättrigen Segge (Carex Pilosa Scop.) bei Jena in Thüringen und ihre Vegetation – Vegetationsaufnahmen Rüdiger Knapp – 21: 1 - 6. https://www.zobodat.at/pdf/Vegetationsaufnahmen-Ruediger-Knapp_21_0001-0006.pdf
Knapp R. 1944l. Über steppen-artige Trockenrasen im Marchfeld und am Neusiedler See – Vegetationsaufnahmen Rüdiger Knapp – 26: 1 - 11. https://www.zobodat.at/pdf/Vegetationsaufnahmen-Ruediger-Knapp_26_0001-0011.pdf
Knapp R. 1944m. Vegetations -Studien im Rheingau und in den angrenzenden Landschaften – Vegetationsaufnahmen Rüdiger Knapp – 28: 1 - 39. https://www.zobodat.at/pdf/Vegetationsaufnahmen-Ruediger-Knapp_28_0001-0039.pdf
Knapp R. 1954. Über subalpine Buchenmischwälder in den nördlichen Ostalpen – Berichte der Bayerischen Botanischen Gesellschaft zur Erforschung der Flora – 30: 71 - 84. https://www.zobodat.at/pdf/Berichte-Bayerischen-Bot-Ges-Erforschung-Flora_30_0071-0084.pdf
Knapp R. 1969. Kalkvegetation in tiefen Lagen der Rhön und ihrem Vorland – Hessische Floristische Briefe – 18: 5 - 14. https://www.zobodat.at/pdf/Hessische-flor-Briefe_18_0005-0014.pdf
Knapp R. 1978. Trockenrasen und Therophyten-Fluren auf Kalk-, Sand-, Grus- und Schwermetall-Böden im mittleren Hessen. Oberhessische naturwissenschaftliche Zeitschrift 44:71-91, Gießen. https://www.zobodat.at/pdf/Ber-Oberhess-Ges-Natur-u-Heilkde_44_1978_0071-0091.pdf
Knapp R., Stoffers A.L. 1962. Über die Vegetation von Gewässern und Ufern im mittleren Hessen [On the vegetation of water bodies and banks in central Hesse]. Ber. Oberhess. Ges. Natur und Heilkd., 32:90-141. 
Knapp R.1944d. Vegetationsaufnahmen von Wäldern des Mitteldeutschen Trocken-Gebietes – Vegetationsaufnahmen Rüdiger Knapp – 19: 1 - 20.https://www.zobodat.at/pdf/Vegetationsaufnahmen-Ruediger-Knapp_19_0001-0020.pdf
Knapp R.1944k. Die Trockenrasen und Felsfluren der Hainburger Berge – Vegetationsaufnahmen Rüdiger Knapp – 25: 1 - 15. https://www.zobodat.at/pdf/Vegetationsaufnahmen-Ruediger-Knapp_25_0001-0015.pdf
Knapp R.1944n. Über die Vegetation auf Serpentin im Gurhofgraben bei Aggsbach (Wachau) – Vegetationsaufnahmen Rüdiger Knapp – 27: 1 - 8. https://www.zobodat.at/pdf/Vegetationsaufnahmen-Ruediger-Knapp_27_0001-0008.pdf
Knollová I., Chytrý M. 2004. Oak-hornbeam forests of the Czech Republic geographical and ecological approaches to vegetation classification. Preslia Praha 76:291-311
Knörzer K.-H. 1960. Die Salbei-Wiesen am Niederrhein – Mitteilungen der Floristisch-soziologischen Arbeitsgemeinschaft (alte Serie) – NF_8: 169 - 180. https://www.zobodat.at/pdf/Mitt-flori-soz-Arb_NF_8_0169-0180.pdf
Koch W. 1926. Die Vegetationseinheiten der Linthebene unter Berücksichtigung der Verhältnisse in der Nordostschweiz [The vegetation units of the Linth Plain taking into account the conditions in north-eastern Switzerland] Jb. Naturwiss. Ges. St. Gallen 61:1-144
Koch W. 1928. Die höhere Vegetation der subalpinen Seen und Moorgebiete des Val Piora [The higher vegetation of the subalpine lakes and moorland areas of Val Piora]. Zeitschr. Hydrol. 4:131-174. Aarau.
Koch W. 1954. Pflanzensoziologische Skizzen aus den Reisfeldgebieten des Piemont (Po-Ebene) [Phytosociological sketches from the rice fields of Piedmont (Po Valley)]. Vegetatio 5-6:487-493.
Kopecký K. 1961. Fytoeckologický a fytocenologický rozbor porostù Phalaris arundinacea L. na náplavech Berounky [Phyto-ecological and phytocenological analysis of Phalaris arundinacea L. stands on the Berounka river embankments]. Academia p. 76-84, Praha.
Korneck , D. (1974): Xerothermvegetation von Rheinland-Pfalz und Nachbargebieten [Xerothermic vegetation of Rhineland-Palatinate and neighboring areas]. Schriftenreihe für Vegetationskunde 7: 1–196.
Korneck D. 1963. Die Pfeifengraswiesen und ihre wichtigsten Kontaktgesellschaften in der nördlichen Oberrheinebene und im schweinfurter Trockengebiet. III . Kontaktgesellschaften [Pipegrass meadows and their most important contact communities in the northern Upper Rhine Plain and in the dry area of Schweinfurt. III . Contact communities]. Beitr. Naturk. Forsch. Südwestdeutschl. 22:19-44.
Korneck D. 1975. Beitrag zur Kenntnis mitteleuropäischer Felsgrus-Gesellschaften (Sedo-Scleranthetalia). Mitteilungen der Floristisch-soziologischen Arbeitsgemeinschaft (alte Serie) – NF18:45 -102. https://www.zobodat.at/pdf/Mitt-flori-soz-Arb_NF_18_0045-0102.pdf
Kotov M.I., Karnaukh E.D. 1940. Vegetation of reserves in the Stalin region. Bot Zhurn Akad Nauk URSR 1:335–352 [in Ukrainian]
Krajina, V. 1933. Die Pflanzengesellschaften des Mlynica-Tales in den Vysoké Tatry (Hohe Tatra).  II. Beih. Bot. Zbl. Dresden, Abt. 2, 51: 1-225
"Kratzert, G., Dengler, J. (1999): Die Trockenrasen der ""Gabower Hänge"" am Oderbruch. Verh. Bot. Ver. Berlin Brandenburg 132:285-329"
Krausch H.-D. 1964. Die Pflanzengesellschaften des Stechlinsee-Gebietes. I. Die Gesellschaften des offenen Wassers [The plant communities of the Stechlinsee area. I. The communities of the open water]. Limnologica 2:145-203.
Krausch, H.-D. (1962): Der Sandnelken-Kiefernwald an seiner Westgrenze in Brandenburg. Mitteilungen der Floristisch-soziologischen Arbeitsgemeinschaft Neue Folge 9:141-144.
Krause S., Schumacher W. 1998. Pflanzensoziologische Gliederung der Waldmeister-Buchenwälder (Galio odorati-Fagetum Sougnez & Thill 1959) in der nordrhein-westfälischen Eifel (Buchenwälder in der nordrhein-westfälischen Eifel, Teil II). Tuexenia 18: 3-19. Göttingen, https://www.zobodat.at/pdf/Tuexenia_NS_18_0003-0019.pdf 
Krause W. 1969. Zur Characeenvegetation der Oberrheinebene [On the Characeae vegetation of the Upper Rhine Plain]. Arch. Hydrobiol., Suppl. 35:202–253.
Krause W. 1981. Characeen als Bioindikatoren für den Gewässerzustand [Characeae as bioindicators for the condition of water bodies]. Limnologica 13:399–418.
Krause W. 1997. Süßwasserflora von Mitteleuropa. Band 18. Charales (Charophyceae) [Freshwater flora of Central Europe. Volume 18 Charales (Charophyceae)]. Gustav Fischer Verlag, Jena/Stuttgart/Lübeck/Ulm. 202 pp.
Krieger H. 1937. Die flechtenreichen Pflanzengesellschaften der Mark Brandenburg [The lichen-rich plant communities of Mark Brandenburg]. Beih Bot Centrbl 57:1-76
"Krisai R., Peer T. 1980. Vegetationskundlich-ökologische Untersuchungen an drei Ostalpenmooren. Verhandlungen der Zoologisch-Botanischen Gesellschaft in Wien. Frueher: Verh.des Zoologisch-Botanischen Vereins in Wien. seit 2014 ""Acta ZooBot Austria""  118-119 38-73. https://www.zobodat.at/pdf/VZBG_118-119_0038-0073.pdf"
Krisch H. 1967. Die Grünland- und Salzpflanzengesellschaften der W erraaue bei Bad Salzungen Teil II: Die salzbeeinflußten Pflanzengesellschaften – Hercynia – 5: 49 - 95. https://www.zobodat.at/pdf/Hercynia_5_0049-0095.pdf
Krisch H. 1967. Die Grünland- und Salzpflanzengesellschaften der Werraaue bei Bad Salzungen Teil 1: Die Grünlandgesellschaften – Hercynia – 4: 375 - 413. https://www.zobodat.at/pdf/Hercynia_4_0375-0413.pdf
Kuhn K. 1937. Die Pflanzengesellschaften im Neckargebiet der Schwäbischen Alb. — Dissert. Univ. Tübingen. Öhringen. 340 S.
Kuoch R.  1961. Pflanzensoziologischer Bericht über den Gütschwald [Phytosociological report on the Gütschwald forest]. Unpubl. In: Ellenberg H., Klötzli F. 1972. Waldgesellschaften und Waldstandorte der Schweiz [Forest communities and forest sites in Switzerland]. Ed.. Dr. W. Bosshard, Direktor der Eidgenössischen Anstalt für das Forstliche Versuchswesen 48(4):494-930
Kuoch R.  1962. Pflanzensoziologische Ausführungen zum Aufforstungsprojekt «Schwarzwasser 1962» und eine allgemeine Übersicht über die Vegetationsverhältnisse im Flyschgebiet der Voralpen [Phytosociological comments on the ‘Schwarzwasser 1962’ reforestation project and a general overview of the vegetation conditions in the Flysch region of the Prealps]. Unpubl. In: Ellenberg H., Klötzli F. 1972. Waldgesellschaften und Waldstandorte der Schweiz [Forest communities and forest sites in Switzerland]. Ed.. Dr. W. Bosshard, Direktor der Eidgenössischen Anstalt für das Forstliche Versuchswesen 48(4):494-930
Kuoch R.  1970. Die Vegetation auf Stillberg (Dischmatal), Kt. Graubünden [The vegetation on Stillberg (Dischma valley), Canton Graubünden]. Mitt. Eidgenöss. Forsch.anst. Wald Schnee Landsch. 46(4):329–342.
Kuoch R. 1954. Wälder der Schweizer Alpen im Verbreitungsgebiet der Weisstanne [Forests of the Swiss Alps in the distribution area of the silver fir]. Mitt.  Eidgenöss. Forsch.anst. Wald Schnee Landsch. 30:133–260
Kuoch R. 1957. Die natürliche Vegetation des «Bergwaldes» der Gemeinde Reinach [The natural vegetation of the ‘mountain forest’ in the municipality of Reinach]. Unpubl. In: Ellenberg H., Klötzli F. 1972. Waldgesellschaften und Waldstandorte der Schweiz [Forest communities and forest sites in Switzerland]. Ed.. Dr. W. Bosshard, Direktor der Eidgenössischen Anstalt für das Forstliche Versuchswesen. 48(4):494-930
Kuoch R.,  Amiet R. 1970. Die Verjüngung im Bereich der oberen Waldgrenze der Alpen [Rejuvenation in the area of the upper timberline of the Alps]. Mitt. Eidgenöss. Forsch.anst. Wald Schnee Landsch. 46(4):159–328.
Kurth A. 1946. Untersuchungen über Aufbau und Qualität von Buchendickungen [Studies on the structure and quality of beech thickenings]. Mitt. Eidgenöss. Forsch.anst. Wald Schnee Landsch. 24(2):581–658
"Kutschera L. 1951. Vegetationsaufbau und Standorte der Pflanzengesellschaft des ""Knolligen Sternmiere-reichen Schwarzerlen-Eschenwaldes"" (Alneto-Fraxinetum stellarietosum bulbosae) in Kärnten – Carinthia II – 141_61: 93 - 105.. https://www.zobodat.at/pdf/CAR_141_61_0093-0105.pdf"
Kuyper T.W., Leeuwenberg H.F.M., Hübl E. 1978. Vegetationskundliche Studie an Feucht-, Moor- und Streuweiesen im Burgenland und östlichen Niederösterreich. Linzer biol. Beitr. 10(2): 231-321
Kuzmenko A.A. 2012. Communities of thermophilous oak forests in the moraine and glacier landscapes of the north-west of the Bryansk region. Bulletin of Bryansk State University 4:116–119 [in Russian]
Kárpati I. (1962): Überblick der Zonologischen und ökologischen Verhältnisse der Auenwälder des Westbalkans. Mitt-ostalpin-dinaris-pflanzensoz-Arbeitsg 2:101-121, https://www.zobodat.at/pdf/Mitt-ostalpin-dinaris-pflanzensoz-arbeitsg_2_1962_0101-0106.pdf 
Kästner M., Flössner W. 1933. Die Pflanzengesellschaften des westsächsischen Berg- und Hügellandes (Flussgebiet der Freiberger und Zwickauer Mulde). II. Teil. Die Pflanzengesellschaften der erzgebir-gischen Moore [The plant communities of the mountain and hill country of western Saxony (Freiberger and Zwickauer Mulde river basin). Part II. The plant communities of the Erzgebirge fens]. Veröff. Landesvereins Sächs. Heimatsch 208 pp.
Köck U.-V. 1983. Zur Vegetation der stehenden Gewässer der Dübener Heide. Hercynia 20:148-177. https://www.zobodat.at/pdf/Hercynia_20_0148-0177.pdf
Lakusic R., Redzi S. 1991. Vegetacija refugijalno-reliktnih ekosistema sliva rijeke Une (Vegetation of refugial and relict ecosystems of the River Una basin) [in Serbo-Croatian]. – Bilt. Druš. Ekol. BH Ser. B 6: 25–73
Landi, M.; Angiolini, C. (2010): Osmundo-Alnion woods in Tuscany (Italy): A phytogeographical analysis from a west European perspective. Plant Biosyst. 144:93–110.
Lang G. 1967. Die Ufervegetation des westlichen Bodensees [The shore vegetation of western Lake Constance]. Arch. Hydrobiol., 32:437-574. 
Lasen C. (1983): La Vegetazione di Erera-Brendol-Campotorondo. Studia Geobotanica 3:127-169
Lausi D. 1964 Vorläufiger Überblick über die Vegetation der Triester Karstdolinen, Acta Botanica Croatica Vol. extraord. 7 p., https://hrcak.srce.hr/file/226072
Lausi D., Gerdol R., Piccoli F. 1982 Syntaxonomy of the Ostrya carpinifolia woods in the Southern Alps (N-Italy) based on numerical methods. Studia Botanica 2: 41-58, https://scispace.com/pdf/syntaxonomy-of-the-ostrya-carpinifolia-woods-in-the-southern-ngvzeo288r.pdf
Lemée G. 1938. Recherches écologiques sur la végétation du Perche (Chapitre 6. les landes et les tourbières à Sphaignes) [Ecological research on the vegetation of the Perche (Chapter 6. Moorlands and sphagnum peat bogs)]. Rev. Gén. Bot. 50:494-500
Libbert W. 1931. Die Pflanzengesellschaften im Überschwemmungsgebiet der unteren Warthe in ihrer Abhängigkeit vom Wasserstand. Naturwiss. Ver. Neumark (Landsberg/Warthe), 3:25-40. 
Libbert W. 1933. Die Vegetationseinheiten der neumärkischen Staubeckenlandschaft unter Berücksichtigung der angrenzenden Landschaften [The vegetation units of the Neumark reservoir landscape in consideration of the neighbouring landscapes]. Verh Bot Ver Prov Brandenburg 75:229-348
Libbert W. 1940. Die Pflanzengesellschaften der Halbinsel Darß (Vorpommern) [The plant communities of the Darß peninsula (Western Pomerania)]. Feddes Repert., Beih. 114, 95 pp. 
Libbert W. 1945. Über das Vorkommen des Cardaminetum amarae in der Neumark. Sonderdruck aus dem Archiv für Hydrobiologie  XLL:196-204. https://rcin.org.pl/Content/127245/PDF/WA488_159907_19746_s2278.pdf
Liebert H.-P. 1988. Umwelteinfluss auf Wachstum und Entwicklung von Wasserpflanzen sowie deren Rolle bei der Reinhaltung unserer Gewässer [Environmental influence on the growth and development of aquatic plants and their role in keeping our waters clean] Bibliografische Mitteilungen der Universität Jena 35, 186 pp.
Linhard H. 1964. Die natürliche Vegetation im Mündungsgebiet der Isar und ihre Standortsverhältnisse – Bericht des Naturwissenschaftlichen Vereins Landshut – 24_1964: 7 - 80. https://www.zobodat.at/pdf/Ber-Naturwiss-Ver-Landshut_24_1964_0007-0080.pdf
Linkola K. 1924. Waldtypenstudien in den Schweizer Alpen [Forest type studies in the Swiss Alps]. Veröff. Geobot. Inst. Eidgenöss. Tech. Hochsch., Stift. Rübel Zür. 1:139–224
Lohmeyer  W. 1950a. Die Pflanzengesellschaften der Eilenriede bei Hannover – Berichte der Naturhistorischen Gesellschaft Hannover – 99-101: 77 - 145. https://www.zobodat.at/pdf/Ber-Nathist-Ges-Hannover_99-101_0077-0145.pdf
Lohmeyer W- 1957. Der Hainmieren-Schwarzerlenwald [Stellario-Alnetum glutinosae (Kästner 1938)] [The grove alder forest [Stellario-Alnetum glutinosae (Kästner 1938)] Mitt flor-soz Arbgem N F 6/7:247-257, Stolzenau/W
Lohmeyer W. 1950. Oenanthe aquatica-Rorippa amphibia ass. Mitt. Flor. Soz. Arbeitsgem., N.F., 2 ., 20 pp. 
Lohmeyer W. 1950b. Das Polygoneto Brittingeri-Chenopodietum rubri und das Xanthieto riparii-Chenopodietum rubri, zwei flußbegleitende Bidention-Gesellschaften - Arbeiten aus der Zentralstelle für Vegetationskartierung – Mitteilungen der Floristisch-soziologischen Arbeitsgemeinschaft (alte Serie) – NF_2: 12 - 20. https://www.zobodat.at/pdf/Mitt-flori-soz-Arb_NF_2_0012-0020.pdf
Lohmeyer W. 1953. Beitrag zur Kenntnis der Pflanzengesellschaften in der Umgebung von Höxter a. d. Weser - Arbeiten aus der Zentralstelle für Vegetationskartierung – Mitteilungen der Floristisch-soziologischen Arbeitsgemeinschaft (alte Serie) – NF_4: 59 - 76. https://www.zobodat.at/pdf/Mitt-flori-soz-Arb_NF_4_0059-0076.pdf
Lohmeyer W. 1955. Über das Cariceto-Fagetum im westlichen Deutschland - Arbeiten aus der Zentralstelle für Vegetationskartierung – Mitteilungen der Floristisch-soziologischen Arbeitsgemeinschaft (alte Serie) – NF_5: 138 - 144. https://www.zobodat.at/pdf/Mitt-flori-soz-Arb_NF_5_0138-0144.pdf
Lohmeyer W. 1957. Der Hainmieren-Schwarzerlenwald - Stellario-Alnetum glutinosae (Kästner 1938) : Arbeiten aus der Bundesanstalt für Vegetationskartierung – Mitteilungen der Floristisch-soziologischen Arbeitsgemeinschaft (alte Serie) – NF_6-7: 247 - 257. https://www.zobodat.at/pdf/Mitt-flori-soz-Arb_NF_6-7_0247-0257.pdf
Lohmeyer W. 1960. Zur Kenntnis der Erlenwälder in den nordwestlichen Randgebieten der Eifel - Arbeiten aus der Bundesanstalt für Vegetationskartierung – Mitteilungen der Floristisch-soziologischen Arbeitsgemeinschaft (alte Serie) – NF_8: 209 - 221. https://www.zobodat.at/pdf/Mitt-flori-soz-Arb_NF_8_0209-0221.pdf
Lohmeyer W. 1962. Zur Gliederung der Zwiebelzahnwurz (Cardamine bulbifera) - Buchenwälder im nördl. Rheinischen Schiefergebirge – Mitteilungen der Floristisch-soziologischen Arbeitsgemeinschaft 9: 187 - 193. https://www.zobodat.at/pdf/Mitt-flori-soz-Arb_NF_9_1962_0187-0193.pdf
Loidi J. 1982. Datos sobre la vegetación de Guipúzcoa (Pais Vasco). Lazaroa 4:63-90
Loidi J., Amigo J., Bueno A., Herrera M., Rodríguez-Guitián M.A. 2022. Proposal (30) to conserve the name Polysticho setiferi-Fraxinetum excelsioris (Tüxen et Oberdorfer 1958) Rivas-Martínez ex Díaz et Fernández Prieto 1994 with a conserved type. Vegetation Classification and Survey 3:187–189, doi: 10.3897/VCS.86799
Loidi J., Díaz González T.E., Herrera M. 1997 El paisaje vegetal del centro-norte de España. Guía de la excursión. Itinera Geobot. 9: 5-160, https://floramontiberica.wordpress.com/wp-content/uploads/2013/01/itinerageobotanica_09_1995.pdf
Loidi J., Fernandez Prieto J. A. 1986. Datos sobre la biogeografía y la vegetación del sector castellano-cantábrico [Data on the biogeography and vegetation of the Castilian-Cantabrian sector]. Doc. Phytosociol. 10:323-362.
Loidi J., Herrera M. 1990. The Quercus pubescens and Quercus faginea Forests in the Basque Country (Spain. Distribution and Typology in Relation to Climatic Factors. Vegetatio 90:81-92
Loidi J., Herrera M., Olano J.M., Silvan F. 1994. Maquis vegetation in the eastern Cantabrian coastal fringe. Journal of Vegetation Science 5:533-540, https://sgeobota.com/PDF/Loidi/Maquis.pdf
Loidi J., Prieto J.A.F., Herrera M., Bueno A. 2014. La vegetacion de la Burgalesa de Espinosa de los Monteros. Ed.: Universidad del Pais Vasco, GuineanA 20:1-142
Lopez G. 1976. Contribucion al conocimiemento fitosociologico de la serrania de Cuenca [Contribution to the phytosociological knowledge of the Cuenca mountain range.] I. Anal. Inst. Bot. Cavanilles 38:5-87
Lorite J., Valle F., Salazar C. 2003. Síntesis de la vegetación edafohigrófila del Parque Natural y Nacional de Sierra Nevada. Monografías de Flora y Vegetación Béticas, 13:47-110. In: Garilleti R., Calleja J.A., Lara F. 2012 Vegetación ribereña de los ríos y ramblas de la España meridional (península y archipiélagos). Ed.: Ministerio de Agricultura, Alimentación y Medio Ambiente Madrid, 645 p.
Lorite J.,Salazar C.,Peñast J.,Valle F. 2008. Phytosociological review on the forests of Quercus pyrenaica Willd. Acta Botanica Gallica, Paris: 155(2):219-233, DOI: 10.1080/12538078.2008.10516105
Losa Quintana J.M., Molero Mesa J., Casares M, Pérez Raya F. 1986. El paisaje vegetal de Sierra Nevada. La cuenca alta del río Genil. Servicio de Publicaciones de la Universidad de Granada.
Lutz J. L. 1950. Über den Gesellschaftsanschluß oberpfälzischer Kiefernstandorte – Berichte der Bayerischen Botanischen Gesellschaft zur Erforschung der Flora – 28: 64 - 124. https://www.zobodat.at/pdf/Berichte-Bayerischen-Bot-Ges-Erforschung-Flora_28_0064-0124.pdf
Lyubchenko V.M., Olefirenko V.V., Strigoon A.V. 1997. Syntaxonomy of hornbeam forests of the Middle Dnieper Region. Ukr Fitotsenot Zbirn 2:28–38 [in Ukrainian]
Lüdi W. 1921. Die Pflanzengesellschaften des Lauterbrunnentales und ihre Sukzession. Beitr. Geobot. Landesaufn. Schweiz 9, 364 pp.
Lüdi W. 1950. Laubwälder Westschweiz 1943/50 [Deciduous forests in western Switzerland 1943/50]. In. Ellenberg H., Klötzli F. 1972. Waldgesellschaften und Waldstandorte der Schweiz. Ed.. Dr. W. Bosshard, Direktor der Eidgenössischen Anstalt für das Forstliche Versuchswesen. 48(4):494-930
Lüttmann J.1979. Vegetationsverhältnisse des Muschelkalksteinbruches im Bäumerstal sw von Vinsebeck (Kreis Höxter). Natur und Heimat 39:63-67. https://www.zobodat.at/pdf/Natur-und-Heimat_39_0063-0067.pdf
Maas F.M. 1959. Bronnen, bronbeken en bronbossen van Nederland, in het bijzonder die van de Veluwezoom [Springs, spring streams and spring forests of the Netherlands, in particular those of the Veluwezoom]. Meded. Landbouwhogesch. Wageningen, 59, 166 pp.
Magnes M., Willner W., Janisova M., Mayrhofer H., Khouri E.A., Berg C., Kuzemko A., Kirschner P., Guarino R., Rötzer H., Belonovskaya E., Berastegi A.,Biurrun I., Garcia-Mijangos I., Masic E., Dengler J., Dembicz I. 2021. Xeric Grasslands of the inner-alpine dry valleys of Austria - new insights into syntaxonomy, diversity and ecology. Vegetation Classification and Survey 2: 133-157 doi: 10.3897/VCS/2021/68594
Mahn E.-G. 1959. Vegetations- und standortskundliche Untersuchungen an Felsfluren Trocken- und Halbrockenrasen Mitteldeutschlands [Vegetation and site studies of rocky meadows dry and semi-arid grasslands in Central Germany] Diss Uni Halle 215 pp.
Mahn E.-G. 1965. Vegetationsaufbau und Standortsverhältnisse der kontinental beeinflussten Xerothermrasengesellschaften Mitteldeutschlands [Vegetation structure and site conditions of the continental-influenced xerothermic grass communities of Central Germany]  Abhandlungen der Sächsischen Akademie der Wissenschaften zu Leipzig Akademie-Publisher Berlin 138 pp
Malcuit, G. (1929): Les associations végétales de la valée de la Lanterne [Plant associations in the Lanterne valley]. Arch. Bot. Caen, Tome 2, Mem. 6:1-211.
Marceno C., Romano S. 2010. La vegetazione psammofila della Sicilia settentrionale. Informatore Botanico Italiono 42(1).91-98
Marincek L., Carni A. 2007. Illyrian pre-alpine fir and beech forests - The association Homogyno sylvestris-Fagetum Marincek et al. 1993. Haquetia 6/2:111-129
Markovic L. 1973. Die Flutrasengesellschaften in der Umgebung von Zagreb – Mitteilungen der Ostalpin-Dinarischen pflanzensoziologischen Arbeitsgemeinschaft – 13_1973: 198 - 205. https://www.zobodat.at/pdf/Mitt-ostalpin-dinaris-pflanzensoz-arbeitsg_13_1973_0198-0205.pdf
Marstaller R. 1969. Die xerothermen Pflanzengesellschaften waldfreier Sonderstandorte im Buntsandsteingebiet des mittleren Saaletales. Hercynia 6:225-257. https://www.zobodat.at/pdf/Hercynia_6_0225-0257.pdf
"Martens M., Van Wissen H. 2008-2024. Flora van Nederland ""Wilde planten en hun omgeving online"" - Plantengemeenschappen [ Flora of the Netherlands “Wild plants and their environment online” - Plant communities]. https://www.floravannederland.nl/plantengemeenschappen/"
Martynenko V.B., Shirokikh P.S., Muldashev A.A., Solomeshch A.I. 2008. New association of steppic oak forests in the southern Urals. Rastit Ross 13:49-60 [in Russian]
"Martynenko V.B., Yamalov S.M., Zhigunov O.Y., Filinov A.A. 2005. Vegetation of the State Nature Reserve ""Shulgan-Tash."" Gilem Ufa. 272 pp. [in Russian]"
Martínez Parras J.M., Peinado M. 1987. Datos sobre la vegetación riparia del sector gaditano. Universidad de La Laguna, serie informes, 22: 56-66
Matevski V., Čarni A., Avramoski O., Juvan N., Kostadinovski M., Košir P., Marinšek A., Paušič A., Šilc U. 2011. Forest vegetation of the Galičica mountain range in Macedonia. Ljubljana . Založba ZRC, ZRC SAZU. 202 pp.
Matuszkiewicz A. 1958. Zur Systematik der Fagion-Gesellschaften in Polen [On the systematics of the Fagion communities in Poland]. Acta Societatis Botanicorum Poloniae Breslau Vol XXVII-Nr 4, 27(4):675-725 
Matuszkiewicz A., Borowik M. (1958): Zur Systematik der Auenwälder in Polen. Acta Societatis Bota-nicorum Poloniae Vol. XXVI-Nr. 4: 719-756.
Matuszkiewicz W. 1962. Zur Systematik der natürlichen Kiefernwälder des mittel- und osteuropäischen Flachlandes [On the systematics of the natural pine forests of the Central and Eastern European lowlands]. Mitt flor.-soz. Arbeitsgem. Stolzenau/Weser N F 9:145-186 
Matuszkiewicz W. 1963. Zur systematischen Auffassung der oligotrophen Bruchwaldgesellschaften im Osten der Pommerschen Seenplatte – Mitteilungen der Floristisch-soziologischen Arbeitsgemeinschaft (alte Serie) – NF_10: 149 - 155. https://www.zobodat.at/pdf/Mitt-flori-soz-Arb_NF_10_0149-0155.pdf
Matuszkiewicz W., Matuszkiewicz A. (1956): Pflanzensoziologische Untersuchungen im Forstrevier „Ruda“ bei Pulawy (Polen). Acta Societatis Botanicorum Poloniae Vol. XXV-Nr. 2: 331-400.
Matuszkiewicz W., Traczyk H., Traczyk T. (1958): Zur Systematik der Bruchwaldgesellschaften (Alne-talia glutinosae) in Polen. Acta Societatis Botanicorum Poloniae Vol. XXVII-Nr. 1: 21-44.
Matuszkiewicz, J.M., Matuszkiewicz W. (1993): Krajobrazy Ro´slinne i regiony geobotaniczne Polski. Prace Geograficzne 158, Wroclaw, Warszawa, Krakow: 115 S.
Matuszkiewicz, W., Matuszkiewicz A. (1985): Zur Syntaxonomie der Eichen-Hainbuchenwälder in Polen. Mitteil. d. Florist.-Soziol. Arbeitsgemeinschaft Tüxenia NS 5:473-489
Maurer W. 1966. Flora und Vegetation des Serpentingebietes bei Kirchdorf in Steiermark – Mitteilungen der Abteilung für Zoologie und Botanik am Landesmuseum Joanneum Graz – H25_1966: 13 - 76. https://www.zobodat.at/pdf/MittZoolBotJoan_H25_1966_0013-0076.pdf
"Mayer H., Feldner R.,  Gröbl W. 1967. Montane Fichtenwälder auf Hauptdolomit im Naturschutzgebiet ""Ammergauer Berge"" – Jahrbuch des Vereins zum Schutze der Alpenpflanzen und -Tiere – 32_1967: 20 - 43. https://www.zobodat.at/pdf/Jb-Verein-Schutz-Alpenpfl-Tiere_32_1967_0020-0043.pdf"
Meisel K. 1960. Bodenschätzung und Acker-Unkrautgesellschaften - Arbeiten aus der Bundesanstalt für Vegetationskartierung – Mitteilungen der Floristisch-soziologischen Arbeitsgemeinschaft (alte Serie) – NF_8: 350 - 356. https://www.zobodat.at/pdf/Mitt-flori-soz-Arb_NF_8_0350-0356.pdf
Melzer A. 1976. Makrophytische Wasserpflanzen als Indikatoren des Gewässerzustandes oberbayerischer Seen [Macrophytic aquatic plants as indicators of the water status of Upper Bavarian lakes]. Diss. Bot. 34:1–195.
Mercadal G., Vilar L. 2013 Caracterització de les freixenedes al·luvials inundables del nord-est de Catalunya (Carici remotae-Fraxinetum oxycarpae Pedrotti 1970 corr. Pedrotti 1992). Orsis 27:53-94, https://www.researchgate.net/publication/258999267_Caracteritzacio_de_les_freixenedes_alluvials_inundables_del_nord-est_de_Catalunya_Carici_remotae-Fraxinetum_oxycarpae_Pedrotti_1970_corr_Pedrotti_1992
Meusel H. 1952. Über die Elyneten der Allgäuer Alpen – Berichte der Bayerischen Botanischen Gesellschaft zur Erforschung der Flora – 29: 47 - 55. https://www.zobodat.at/pdf/Berichte-Bayerischen-Bot-Ges-Erforschung-Flora_29_0047-0055.pdf
Michalko J. 1986 Geobotanická Mapa CSSR. Slovenská socialistická republika . mapová část [Geobotanical Map of CSSR. Slovak Socialist Republic . map part]. Vydavatel´stvo Slovenskej Akadémie Vied Bratislava 263 pp.
Miljan A. 1933. Vegetationsuntersuchungen an Naturwiesen und Seen im otepääschen Moränengebiet Estlands [Vegetation studies on natural meadows and lakes in the otepää moraine area of Estonia]. Acta Commentat. 25:1-139.
Mirkin B.M., Martynenko V.B., Alibaev F.K., Baisheva E.Z., Gorichev Y.P., Davidichev A.N., Muldashev A.A., Shirokikh P.S., Yamalov S.M. 2008. Flora and vegetation of the South Ural state nature reserve. Gilem Ufa, 528 pp. [in Russian]
Mirkin B.M., Martynenko V.B., Bayesheva E.Z., Muldashev A.A., Sultangareyeva L.A., Urbanwichius G.P., Urbanavichene I.N., Shirokikh P.S., Yakupov I.I., Yamalov S.M. 2010. Flora and vegetation of the National Park “Bashkiria.” Gilem Ufa. 512 pp. [in Russian]
Miyawaki A., Tüxen J. 1960. Über Lemnetea Gesellschaften in Europa und Japan [About Lemnetea communities in Europe and Japan]. Mitt. Flor. Soz. Arbeitsgem., N.F., 8:127-144
Molero J., Rovira M. 1988. Nuevas comunidades fruticosas de los ports de beseit (S.W. de Cataluna) y territorio circundante (Espana). Anales de Biologica 15 (Biologica Vegetal 4) Murcia: 15/4:143-152 
Molina J.A., Morena S. 2003. Dyversity of the helophytic vegetation in Spain. Acta Botan. Gallica 150(2)167-193
Molinier R., Tallon G. 1950. La vegetation de la Crau Brasse-Provence [La vegetation de la Crau Brasse-Provence]. Revue generale de Botanique. 111 pp., Paris
Montacchini F. 1972. Lineamenti della vegetazione dei boschi naturali in Valle di Susa [Features of natural forest vegetation in the Susa Valley]. Allionia 18:195–252.
Moor M. 1940. Pflanzensoziologische Beobachtungen in den Wäldern des Chasseralgebietes [Plant sociological observations in the forests of the Chasseral region]. Ber. Schweiz. bot. Ges. 50. 545–566
Moor M. 1942. Die Pflanzengesellschaften der Freiberge [The plant communities of the Franches-Montagnes]. Ber. Schweiz. bot. Ges. 52:363–422.
Moor M. 1945. Das Fagetum im nordwestlichen Tafeljura [The Fagetum in the north-western Tabular Jura]. Verh. Nat.forsch. Ges. Basel 56:187–203
Moor M. 1952. Die Fagion-Gesellschaften im Schweizer Jura. Beitr. geobot. Landesaufn. Schweiz 31, 201pp-
Moor M. 1954. Fichtenwälder im Schweizer Jura [Spruce forests in the Swiss Jura]. Vegetatio 5/6:542–552
Moor M. 1958. Pflanzengesellschaften schweizerischer Flussauen [Plant communities of Swiss floodplains]. Mitt. Eidgenöss. Forsch.anst. Wald Schnee Landsch. 34(4):221–360
Moor M. 1971. Adenostylo-Fagetum, Höhenvikariant des Linden-Buchenwaldes – Bauhinia – 4: 161 - 185. https://www.zobodat.at/pdf/Bauhinia_4_0161-0185.pdf
Moor M., Schwarz U. 1957. Die kartographische Darstellung der Vegetation des Creux du Van-Gebietes [The cartographic representation of the vegetation of the Creux du Van region]. Beitr. Geobot. Landesaufn. Schweiz, 37:20-67.
Moravec J., Neuhäusl R. 1976. Geobotanická mapa České Socialistické Republiky mapa rekonstruované přirozené vegetace [Geobotanical map of the Czech Socialist Republic map of reconstructed natural vegetation]. Publisher Praha Academia, 5 maps
Morozova O.V. 1999. The forests of the Bryansk Forest Nature Reserve and the Nerusso-Desnyansky Polesie (syntaxonomic characteristic). Bryansk, 98 pp. [in Russian]
Mucina L, Grabherr G., Wallnhöfer S. 1993. Die Pflanzengesellschaften Österreichs Teil III [The Plant Communities of Austria Part III] Gustav Fischer Verlag Jena 353 p.
Míchalková D. 2006. Diverzita prirodzených rastlinných spoločenstiev vrchu Rohatín v Strážovských vrchoch [Diversity of the natural plant communities of Rohatín Mt. in the Strážovské vrchy Mts]. Bull. Slov. Bot. Spoločn., Suppl. č. 2 (14): 59 - 90
Müller T. 1961a. Alysso-Sedetum und Alysso-Sedion.Ergebnisse pflanzensoziologischen Untersuchungen in Südwestdeutschland [Alysso-Sedetum and Alysso-Sedion.results of phytosociological studies in south-west Germany]. Beitr. Naturk. Forsch. Südwestdeutschl., 20:111-122.
Müller T. 1961b. Ergebnisse pflanzensoziologischer Untersuchungen in Südwestdeutschland [Results of phytosociological studies in south-west Germany]. Beitr. Naturk. Forsch. Südwestdeutschl. 20:111-122
Müller T. 1962a. Die Fluthahnenfussgesellschaften unserer Fliessgewässer [The watercourse communities of our rivers]. Veröff. Land. Natursch. Landschaftspfl. Bad.-Württ., 30:152-163.
Müller T. 1962b. Die Saumgesellschaften der Klasse Trifolio-Geranietea sanguinei [The fringing communities of the class Trifolio-Geranietea sanguinei]. Mitt. Florist.-Soziol. Arbeitsgem., N. F. 9:95–140. https://www.tuexenia.de/publications/mittflorsoz/Mitt_FlorSoz_1962_9_95-140.pdf
Müller T. 1967. Die geographische Gliederung des Galio-Carpinetum und des Stellario-Carpinetum in Südwestdeutschland – Beiträge zur naturkundlichen Forschung in Südwestdeutschland – 26: 47 - 65. https://www.zobodat.at/pdf/Beitr-natukdl-Forsch-Suedwestdtschl_26_0047-0065.pdf
Müller T. 1975. Natürliche Fichtengesellschaften der Schwäbischen Alb [Natural spruce communities of the Swabian Alb]. Beitr. naturk. Forsch. Südw.-Dtl. 34:233-249 Karlsruhe
Müller T., Görs S. 1960. Pflanzengesellschaften stehender Gewässer in Baden-Württemberg [Plant communities of standing waters in Baden-Württemberg]. Beitr. Naturkundl. Forsch. Südwestdeutschl., 19:60-100. 
Navarro C (1981) Contribución al estudio de la flora y vegetación del Duranguesado y la Busturia (Vizcaya) [Contribution to the study of the flora and vegetation of Duranguesado and Busturia (Vizcaya)]. PhD thesis, Universidad Complutense, Madrid, ES, 397 pp.
Nazarenko N.M., Kuzemko A.A. 2011. Syntaxa of vegetation of deciduous forests of the northern steppe of Ukraine. Naukovi– Dopovidi– NUBIP. Elektronn Zhurn 2:1-24 [in Ukrainian]
Neuhäusl R., Neuhäuslová-Novotná Z 1967. Syntaxonomische Revision der azidophilen Eichen- und Eichenmischwälder im westlichen Teil der Tschechoslowakei [Syntaxonomic revision of the acidophilous oak and mixed oak forests in the western part of Czechoslovakia] ACADEMIA nakladatelství Československé akademie věd, Springer Netherlands, 2:1-41
Niculescu M., Panzaru R.L., Nicolin A.L., Imbrea I.M., Goia I.G. 2008. Plant communities of the Potentilletalia caulescentis Br.-Bl. 1926 (Syn. Asplenietalia rutae-murariae Oberd. et al. 1967) order in the Capatanii mountains. Universitatea de Ştiinţe Agricole şi Medicină Veterinară Iaşi, Craiova (Romania), 6 p., https://www.uaiasi.ro/revagrois/PDF/2008_1_72.pdf
Niemeyer T., Ries C., Hädtle W. 2010. Die Waldgesellschaften Luxemburgs - Vegetation, Standort, Vorkommen und Gefährdung [The forest communities of Luxembourg - vegetation, location, occurrence and endangerment]. Travaux scientifiques du MusÃ©e national d'histoire naturelle Luxembourg. Ferrantia 57, 133 p.
Ninot J.M., Quadrada R.V., Carrillo E. 2007 Vegetació del massís de la Fembra Morta (Anoia, Catalunya Central). Universitat de Barcelona, 126 p.,  https://www.researchgate.net/publication/241776138_Vegetacio_del_massis_de_la_fembra_morta_Anoia_Catalunya_Central
Noirfalise  A. 1968. Le Carpinion dans l'Ouest de l'Europe [The Carpinion in Western Europe]. Feddes Repertorium, 79(1/2):69-85
Noirfalise A., Sougnez N. 1961. Les forêts riveraines de Belgique [The riparian forests of Belgium]. Bulletin du Jardin botanique de l'État à Bruxelles, 31(2):199-287
Nowinski M. 1930a. Roślinnosć i znaczenie dla rolnictwa torfowisk niskich z okolic ujścia Wisłoka do Sanu, w południowo-wschodniej części dawnej puszczy Sandomierskiej (Zespoły roślinne Puszczy Sandomierskiej) [Vegetation and agricultural significance of the low peatlands in the vicinity of the estuary of the Wisłok into the San, in the south-eastern part of the former Sandomierska Forest (Plant communities of the Sandomierska Forest)]. Prace Roln. Leśn. 3:1–90.
Nowinski M. 1930b. Les associations végétales de la grande forêt de Sandomierz [Plant associations in the Great Sandomierz Forest] II. Kosmos, serie A, 54:595-674.
Oberdorfer E. (Ed.) 1992. Süddeutsche Vegetationsgesellschaften. Wälder und Gebüsche [South German Vegetation Communities. Woods and bushes] Part IV  in 2 volumes. Gustav-Fischer-Publisher Jena Stuttgart New York. Vol. 1 (Text) 282 pp., Vol. 2 (tables) 580 pp.
Oberdorfer E. (Ed.) 1993. Süddeutsche Vegetationsgesellschaften. Sand- und Trockenrasen, Heide- und Borstgrasgesellschaften, alpine magerrasen, Saum-Gesellschaften, Schlag- und Hochstaudenfluren  [South German Vegetation Communities. Sandy and dry grasslands, heath and bristlegrass communities, alpine nutrient-poor grasslands, fringe communities, fritillary and tall herb communities] Part II 3rd ed.Gustav-Fischer-Publisher Jena Stuttgart New York, 355 pp.
Oberdorfer E. (Ed.) 1993. Süddeutsche Vegetationsgesellschaften. Wirtschaftswiesen und Unkrautgesellschaften  [South German Vegetation Communities. Farm meadows and weed communities] Part III 3rd ed.Gustav-Fischer-Publisher Jena Stuttgart New York, 455 pp.
Oberdorfer E. (Ed.) 1998. Süddeutsche Vegetationsgesellschaften. Fels- und Mauergesellschaften, alpine Fluren, Wasser-, Verlandungs- und Moorgesellschaften [South German Vegetation Communities. Rock and wall communities, alpine meadows, comminities of water, wetland and bog] Part I 4th ed. Gustav-Fischer-Publisher Jena Stuttgart New York, 314 pp.
Oberdorfer E. 1936. Zur spät- und nacheiszeitlichen Vegetationsgeschichte des Oberelsasses und der Vogesen [On the late and post-glacial vegetation history of the Upper Alsace and the Vosges Mountains]. Zeitschr. Bot. (Jena), 30:513-572. 
Oberdorfer E. 1938. Ein Beitrag zur Vegetationskunde des Nordschwarzwaldes [A contribution to the vegetation science of the northern Black Forest]. Beitr. Naturk. Forsch. Südwestdeutschl., 3:1-270
Oberdorfer E. 1949. Die Pflanzengesellschaften der Wutachschlucht [The plant communities of the Wutach Gorge]. Beitr. Naturk. Forsch. Südwestdeutschl., 9:29-98. 
Oberdorfer E. 1957. Süddeutsche Pflanzengesellschaften [South German plant communities]. Pflanzensoziologie, 10, Gustav Fischer. Jena. 567 pp. 
Oberdorfer E. 2001. Pflanzensoziologische Exkursionsflora für Deutschland und angrenzende Gebiete [Sociology of Plants for Excursions in Germany and Adjacent Areas] 8th ed Ulmer Publisher Stuttgart 1051 pp
Oberdorfer E., Görs S., Korneck D., Lohmeyer W., Müller T., Philippi G., Seibert P. 1967. Systematische Übersicht der westdeutschen Phanerogamen- und Gefässkryptogamen-Gesellschaften. Ein Diskussionentwurf [Systematic overview of the West German phanerogamous and vascular cryptogamous communities. A discussion draft]. Schrift. für Vegetationskunde, 2:6-62. 
Onyshchenko V.A. 2009. Forests of order Fagetalia sylvaticae in Ukraine.  Kyiv. Alterpress,  212 pp
Onyshchenko V.A. 2010. A revised classification of Ukrainian forests of the order Fagetalia sylvaticae. Tuexenia 30:31–45. Göttingen
"Onyshchenko V.A., Dyakova O.V., Karpenko Y.O. 2007. Forests vegetation of Teplynska Dacha and Mayatska Dacha forests (national nature park ""Svyaty Hory""). Chornomor Bot Zhurn 2:88–99 [in Ukrainian]"
Osvald H. 1923. Die Vegetation des Hochmoores Komosse [The vegetation of the Komosse raised bog]. Svensk. Växtsoc. Sällsk. Handl. Uppsala I:1-436
Pallas, J. (2000): Zur Synsystematik und Verbreitung der europäischen bodensauren Eichenmischwälder (Quercetalia roboris Tüxen 1931). Abh-Westf-Mus-Naturkde 62(3)3-125
Pallmann H., Haffer P. 1933. Pflanzensoziologische und bodenkundliche Untersuchungen im Ober-Engadin [Plant sociological and pedological studies in the Upper Engadine]. Ber. Schweiz. bot. Ges. 42:357–466
Panchenko S. 2015. Light oak forests in the northeastern part of Ukraine peculiarities of their dynamics and questions of protection. Visnyk . L´viv Uni Ser Biol 70:47-58 [in Ukrainian]
Papchenkov V.G., Prokin A.A., Slynko Y.V., Tsvetkov A.I., Krylov A.V. 2008. Ecosystems of small rivers - Biodiversity, Ecology Protection. Lectures and materials of reports of the All-Russian School-Conference.  I.D. Papanin Institute of Biology of Inland Waters. 18-21 November 2008. Publishing house OOO ‘Yaroslavsky Printed Yard’.  Borok (Russia), 368 pp.
Passarge H. 1955. Die Ufervegetation des Briesener Sees [The shore vegetation of Lake Briesen]. Mitt. Flor. Soz. Arbeitsgem., N.F. 5:91-98. 
Passarge H. 1957. Über Wasserpflanzen- und Kleinröhrichtgesellschaften des Oberspreewaldes [On aquatic plant and small reed communities of the Upper Spreewald]. Abhandl. Ber. Naturk. Mus. Görlitz, 35:143-152
Passarge H. 1959. Zur Gliederung der Polygono-Chenopodion-Gesellschaften im nordostdeutschen Flachland . – Phyton, Annales Rei Botanicae, Horn – 8_1_2: 10 - 34. https://www.zobodat.at/pdf/PHY_8_1_2_0010-0034.pdf
Passarge H. 1960 Waldgesellschaften NW-Mecklenburgs [Forest communities of North-West Mecklenburg]. Arch. Forstwesen Berlin 9499, 541pp.
Passarge H. 1962: Waldgesellschaften des Eichenwaldgebietes von SW-Mecklenburg und der Altmark. Archiv Forstwesen 11: 199-241 
Passarge H. 1964. Vegetationsgesellschaften des nordostdeutschen Flachlandes I [Vegetation communities of the northeast German lowlands I] Pflanzensoziologie 13 Jena 324 pp.
Passarge H. 1965. Über einige interessante Stromtalgesellschaften der Elbe unterhalb von Magdeburg [About some interesting river valley communities of the Elbe downstream of Magdeburg]. Mus. Kulturgesch. Magdeburg Abh. Ber. Naturk. Vorgesch. 11: 83-93.
Passarge H. 1978a. Übersicht über mitteleuropäische Gefässpflanzengesellschaften [Overview of Central European vascular plant communities]. Feddes Repert. 89:133–195.
Passarge H. 1978b. Zur Syntaxonomie mitteleuropäischen Lemnetea-Gesellschaften [On the syntaxonomy of Central European Lemnetea communities]. Folia Geobot. Phytotax. 13:1-17
Passarge H. 1982. Hydrophyten Vegetationsaufnahmen [Hydrophyte vegetation releveés]. Tuexenia, 2:13-21.
Passarge H. 1982. Hydrophyten-Vegetationsauf nahmen. Tuexenia - Mitteilungen der Floristisch-soziologischen Arbeitsgemeinschaft NS 2:13-21. https://www.zobodat.at/pdf/Tuexenia_NS_2_0013-0021.pdf
Passarge H. 1992. Mitteleuropäische Potamogetonetea I. Phytocoenologia 20:489–527.
Passarge H. 1996. Pflanzengesellschaften Nordostdeutschlands. I. Hydro- und Therophytosa [Central European Potamogetonetea I. Hydro- and Therophytosa]. Cramer, Berlin/Stuttgart. 298 pp.
Passarge H. 1999. Pflanzengesellschaften Nordostdeutschlands 2. II. Helocyperosa und Caespitosa [Plant communities of north-east Germany 2. II. Helocyperosa and Caespitosa]. Cramer, Berlin/Stuttgart. 451 pp.
Passarge H., Hofmann G. 1968. Vegetationsgesellschaften des nordostdeutschen Flachlandes II  [Vegetation communities of the northeast German lowlands II] Pflanzensoziologie 16 Jena 298 pp. + Annex
Paul H. 1910. Die Moorpflanzen Bayerns [The bog plants of Bavaria]. Ber. bayer. bot. Ges.,12:136-228,  München 
Paul H., Lutz J. 1941. Zur soziologisch-ökologischen Charakterisierung von Zwischenmooren [On the sociological-ecological characterisation of transitional mires]. Ber. Bayer. Bot. Ges. 25:5-32, München
Pedrotti, F., Ballelli, S., Biondi, E., Cortini Pedrotti, C., Orsomando, E. (1979): Guida all’escursione della società italianadi fitosociologia (Camerino, 11–14 giugno 1979). Camerino. 43 p. 
Peinado M., Alcaraz F., Martínez Parras J.M. 1992 Vegetation of southeastern Spain. Flora et Vegetatio Mundi, 10:1-487. In: Garilleti R., Calleja J.A., Lara F. 2012 Vegetación ribereña de los ríos y ramblas de la España meridional (península y archipiélagos). Ed.: Ministerio de Agricultura, Alimentación y Medio Ambiente Madrid, 645 p.
Penas Merino A., Diaz Gonzalez T.E., Diaz Gonzalez M.E., Herrero Cembranos L., Puente Garcia E. 1988. Aportaciones al conocimiento de los piornales (Cytisetea scopario-striati) en la Provincia de Leon. Homenaje a Pedro Montserrat 687-694. 
Penas Merino A., Diaz Gonzalez T.E., Diaz Gonzalez M.E., Lopez Pacheco J., Herrero Cembranos L., Puente Garcia E. 1987. Datos sobre los cardales y tobales (Onopordetea acanthii) en la provincia de León. Lazaroa 10:65-79 
Peppler-Lisbach C., Petersen J. 2001. Synopsis der Pflanzengesellschaften Deutschlands Heft 8 Calluno-Ulicetea (G3) Teil 1: Nardetalia strictae Borstgrasrasen. Ed.: Floristisch-soziologische Arbeitsgemeinschaft und die Reinhold-Tüxen-Gesellschaft Göttingen, 121 p.
Perez Badia M.R. 1997 Flora y Vegetación de la comarca de La Marina Alta (Alicante). Instituto de Cultura «Juan Gil-Albert». Diputación Provincial de Alicante. In: Garilleti R., Calleja J.A., Lara F. 2012 Vegetación ribereña de los ríos y ramblas de la España meridional (península y archipiélagos). Ed.: Ministerio de Agricultura, Alimentación y Medio Ambiente Madrid, 645 p.
"Pezzi G., Bordò L. Ferrari C. (2005) Carta della vegetazione del SIC “Monte Vigese” (IT4050013,
Appennino settentrionale, Bologna). Braun-Blanquetia 40: 3-24. In: Fariselli R., Pezzi G., Buldrini F., Viciani D. 2024. La vegetazione dell’Emilia-Romagna. 2th ed. AMSActa - Institutional Research Repository by AlmaDL University of Bologna Digital Library. 724 p.  https://amsacta.unibo.it/id/eprint/7547/1/Vegetazione%20Emilia-Romagna%202%5E%20ed.pdf"
Philippi G. 1961. Carex pilosa eine für das Elsaß neue Blütenpflanze (1961) – Mitteilungen des Badischen Landesvereins für Naturkunde und Naturschutz e.V. Freiburg i. Br. – NF_8: 197 - 198. https://www.zobodat.at/pdf/Mitt-Bad-Landesver-Natkde-Natschutz-Freiburg_NF_8_0197-0198.pdf
Philippi G. 1965. Die Moosgesellschaften der Wutachschlucht [The moss communities of the Wutach Gorge]. Mitt. Bad. Landesverb Naturkunde und Naturschutz 4:625-668. Freiburg im Breisgau
Philippi G. 1973. Zur Kenntnis einiger Röhrichtgesellschaften des Oberrheingebietes [On the knowledge of some reed communities of the Upper Rhine region]. Beitr. Naturk. Forsch. Südwestdeutschl. 32:53-95.
Philippi G. 1980. Die Vegetation des Altrheins Kleiner Bodensee bei Karlsruhe. Beiträge zur naturkundlichen Forschung in Südwestdeutschland 39:71-114. https://www.zobodat.at/pdf/Beitr-natukdl-Forsch-Suedwestdtschl_39_0071-0114.pdf
"Piccoli F., Gerdol R., Ferrari C. (1983) Carta della vegetazione del Bosco della Mesola (Ferrara). Atti Ist.
Bot. Lab. Critt. Univ. Pavia 7(2): 3-23. In: Fariselli R., Pezzi G., Buldrini F., Viciani D. 2024. La vegetazione dell’Emilia-Romagna. 2th ed. AMSActa - Institutional Research Repository by AlmaDL University of Bologna Digital Library. 724 p.  https://amsacta.unibo.it/id/eprint/7547/1/Vegetazione%20Emilia-Romagna%202%5E%20ed.pdf"
Pietsch W. 1963. Vegetationskundliche Studien über die Zwergbinsen- und Strandlingsgesellschaften in der Nieder- und Oberlausitz. Abhandlungen und Berichte des Naturkundemuseums Görlitz 38(2):II/1-II/80 + Annex. https://www.zobodat.at/pdf/Abh-naturforsch-Ges-Goerlitz_38_0001-0087.pdf
Pietsch W. 1965. Utricularietea intermedio-minoris class. nov., ein Beitrag zur Klassifizierung der europäischen Wasserschlauch-Gesellschaften [Utricularietea intermedio-minoris class. nov., a contribution to the classification of European watermilfoil communities]. Ber. Arbeitsgem. Sächs. Bot., N. F. 5(6):227–231.
Pietsch W. 1968. Die Verlandungsvegetation des Sorgenteiches bei Ruhland in der Oberlausitzer Niederung und ihre pflanzengeographische Bedeutung.  Berichte der Arbeitsgemeinschaft sächsischer Botaniker NF VIII:55-91 + Annex. https://www.hs-nb.de/storages/hs-neubrandenburg/institute/iugr/Zeitschriften/PDF-Scans/Sachsen/Berichte_der_Arbeitsgemeinschaft_Saechsischer_Botaniker/1966-1967__Neue_Folge__Band_8.pdf
Pietsch W. 1977. Beitrag zur Soziologie und Ökologie der europäischen Littorelletea- und Utricularietea-Gesellschaften [Contribution to the sociology and ecology of European Littorelletea and Utricularietea communities]. Feddes Repert. 88:141–245.
Pietsch W., Müller-Stoll W.R. 1974. Übersicht über die im brandenburgischen Gebiet vorkommenden Zwergbinsen-Gesellschaften (Isoeto-Nanojuncetea). Verhandlungen des Botanischen Vereins Berlin Brandenburg 109-111:56-95. https://www.zobodat.at/pdf/Verh-Bot-Ver-Berlin-Brandenburg_109-111_0056-0095.pdf
Pignatti E. 1970. Über die subnivale Vegetationsstufe in Osttirol – Mitteilungen der Ostalpin-Dinarischen pflanzensoziologischen Arbeitsgemeinschaft – 11_1970: 167 - 174. https://www.zobodat.at/pdf/Mitt-ostalpin-dinaris-pflanzensoz-arbeitsg_11_1970_0167-0174.pdf
Pignatti S. 1953. Introduzione allo studio fitosociologico della pianura veneta orientale con particolare riguardo alla vegetazione litoreana [Introduction to the phytosociological study of the eastern Veneto plain with a special focus on the vegetation of the littoral]. Archivio Botanico, 29, 3 ser., 13(2):65-98.
"Pirola A., Rossetti A. 1974. Polygono-Xanthietum italici ass. nova vegetazione di greto del corso medio
del Reno (Bologna). Not. Fitosoc. 8: 15-27. https://www.scienzadellavegetazione.it/wp-content/uploads/2023/07/Not_Fitosoc_08.pdf"
Pirone G., Ciaschetti G., Di Martino L., Cianfaglione K., Giallonardo T., Frattaroli A.R. 2014. The endangered or extinct vegetal communities along the Abruzzo coast. Plant Sociology 51, Suppl. 1 pp. 65-72
Podbielkowski Z. 1967. Zarastanie rowóv melioracyjnych na torfowiskach okolic Warszawy [Overgrowth of drainage ditches in the peatlands around Warsaw]. Monogr. Bot. 23:1-171.
Poldini L. 1982 Ostrya Carpinifolia-reiche  Wälder und Gebüsche von Julisch-Venetien (NO-Italien) und Nachbargebieten. Studia Geobotanica 2:69-122, https://scispace.com/pdf/ostrya-carpinifolia-reiche-walder-und-gebusche-von-julisch-4ofkfbmu27.pdf
Posokhov P.P. 1965. Features of the composition of the oak forests of Odessa region. Ukr Bot Zhurn 22:60–67 [in Ukrainian]
Pott R. 1980. Die Wasser- und Sumpfvegetation eutropher Gewässer in der Westfälischen Bucht - Pflanzensoziologische und hydrochemische Untersuchungen. Abhandlungen aus dem Westfälischen Provinzial-Museum für Naturkunde  42(2):1-156. https://www.zobodat.at/pdf/Abh-Westf-Mus-Naturkde_42_2_1980_0001-0156.pdf
Pott R. 1981. Ökologie und Indikatorwert von Wasserpflanzengesellschaften [Ecology and indicator value of aquatic plant communities].Mitt. Landesanst. Ökol., Landschaftsentw. u. Forstpl. NRW , Sonderheft Landestagungen 1980. p. 57-64. Recklinghausen
Pott R. 1982. Littorelletea-Gesellschaften in der Westfälischen Bucht. Tuexenia - Mitteilungen der Floristisch-soziologischen Arbeitsgemeinschaft NS 2:31-45. https://www.zobodat.at/pdf/Tuexenia_NS_2_0031-0045.pdf
Pott R. 1983. Die Vegetationsabfolgen unterschiedlicher Gewässertypen Nordwestdeutschlands und ihre Abhängigkeit vom Nährstoffgehalt des Wassers [The vegetation sequences of different types of water bodies in north-west Germany and their dependence on the nutrient content of the water]. - Phytocoenologica 11(3):407-430. Stuttgart und Braunschweig
Pottgiesser T., Sommerhäuser M. 2004. Fließgewässertypologie Deutschlands Die Gewässertypen und ihre Steckbriefe als Beitrag zur Umsetzung der EU-Wasserrahmenrichtlinie [Germany's stream typology The water body types and their profiles as a contribution to the implementation of the EU Water Framework Directive]. In. Steinberg C Calmano W Wilken R-D Klapper H (Hrsg) Handbook of Limnology 19th Delivery 7/04 VIII-21 p. 1-16 + Annex
Preising E. 1950. Nordwestdeutsche Borstgras-Gesellschaften [North-west German sedge communities]. Mitt. flor.-soz. Arbeitsgem., N.F., 2:33-41. Stolzenau. 
Preising E. 1950. Nordwestdeutsche Borstgras-Gesellschaften. Arbeiten aus der Zentralstelle für Vegetationskartierung – Mitteilungen der Floristisch-soziologischen Arbeitsgemeinschaft (alte Serie)  NF 2:33-42. https://www.zobodat.at/pdf/Mitt-flori-soz-Arb_NF_2_0033-0042.pdf
Preising E. 1953. Süddeutsche Borstgras- u Zwergstrauchheiden (Nardo-Callunetea) [South German bristly grass and dwarf shrub heaths (Nardo-Callunetea)] Mitt. Flor-soz Arbeitsgem NF Stolzenau 4:112-123 
Preising E. 1953. Süddeutsche Borstgras- und Zwergstrauch-Heiden (Nardo-Callunetea) - Arbeiten aus der Zentralstelle für Vegetationskartierung – Mitteilungen der Floristisch-soziologischen Arbeitsgemeinschaft (alte Serie) – NF_4: 112 - 123. https://www.zobodat.at/pdf/Mitt-flori-soz-Arb_NF_4_0112-0123.pdf
Preising E., Vahle H.-C., Brandes H., Hofmeister H., Tüxen J., Weber H.E. 1990a. Die Pflanzengesellschaften Niedersachsens – Bestandsentwicklung Gefährdung und Schutzprobleme Salzpflanzengesellschaften der Meeresküsten und des Binnenlandes [The plant communities of Lower Saxony - population development endangerment and conservation problems Salt plant communities of the sea coasts and inland areas]. Naturschutz und Landschaftspflege Niedersachsens Hannover Vol. 20/7, 166 pp.
Preising E., Vahle H.-C., Brandes H., Hofmeister H., Tüxen J., Weber H.E. 1990b. Die Pflanzengesellschaften Niedersachsens – Bestandsentwicklung Gefährdung und Schutzprobleme Wasser- und Sumpfpflanzengesellschaften des Süßwassers [The plant communities of Lower Saxony - population development endangerment and conservation problems Freshwater aquatic and marsh plant communities] Naturschutz und Landschaftspflege Niedersachsens  Hannover Vol. 20/8, 161pp.
Preising E., Vahle H.-C., Brandes H., Hofmeister H., Tüxen J., Weber H.E. 1997. Die Pflanzengesellschaften Niedersachsens – Bestandsentwicklung Gefährdung und Schutzprobleme Rasen- Fels- und Geröllgesellschaften [The plant communities of Lower Saxony - population development endangerment and conservation problems Grass rock and boulder communities] Naturschutz und Landschaftspflege Niedersachsens  Hannover Vol. 20/5, 146 pp.
Pujol D., Bellenfant S., Beslin O., Paradis A.‐H., Causse G., Olivereau F. 2023. Guide des végétations de la région Centre‐Val de Loire. Version 2023 [Guide to the vegetation of the Centre-Val de Loire region. Version 2023.]. Conservatoire botanique national du Bassin parisien/Muséum national d’Histoire naturelle, 367 pp.
Puncer I., Zupancic M. 1979: Two new associations of Durmast Oak in Slovenia (Melampyro vulgati-Quercetum petraeae ass. nova s. lat.). – Scopolia, Journal of the Slovenian Museum of Natural History, Ljubljana – 2: 1 - 47. https://www.zobodat.at/pdf/Scopolia_2_0001-0047.pdf
Pérez Raya F., Molero Mesa J., López Nieto J.M., El Aallali A., Hita Fernández J.A., Mesa Millán F. 2002. Cartografía y Evaluación de la Vegetación de los espacios naturales de Sierra de María-Los Vélez y Sierra del Oso. Ed.: Consejería de Medio ambiente/Universidad de Granada. Granada 156 p. https://portalrediam.cica.es/recursosVisor/pdfs/aplicacionVegetacion/VE10/Z61_memoria.pdf
Pérez-Latorre A., Galán De Mera A., Navas P., Navas D., Gil Y., Cabezudo  B. (1999). Datos sobre la flora y vegetación del Parque Natural de Los Alcornocales (Cádiz-Málaga, España). Acta Bot. Malac. 24: 133-184.
Quesada J., Valle F., Salazar C. 2011. Aportaciones al conocimiento de la vegetación acuática flotante, sumergida o enraizada de la Provincia de Jaén (S Espana). Lagascalia 31:131-159
Quinto Canas R., Cano-Orti A., Musarella C.M., del Rao S., Raposo M., Fuentes J.C.P., Gomes C.P. 2021. Quercus rotundifolia Lam. - Woodlands of the Southwestern Iberian Peninsula. Land 2021 10 268. https.//doi.org/10.3390/land10030268
Quinto-Canas R., Vila-Viçosa C.,  Meireles C., Paiva-Ferreira R., Martínez-Lombardo M., Cano A., Pinto-Gomes C. 2010. A contribute to the knowledge of the climatophilous cork—oak woodlands from Iberian southwest, Acta Botanica Gallica: Botany Letters, 157(4): 627-637, DOI: 10.1080/12538078.2010.10516236
Rameau J.-C. 1974. Essai de synthèse sur les groupements forestiers calcicoles de la Bourgogne et du sud de la Lorraine [Summary of calcicolous forest groups in Burgundy and southern Lorraine]. Ann. Sci. Univers. Besancon 3ème serie. 14:343-530. 
Raus T. 1980. Die Vegetation Ostthessaliens (Griechenland). III. Querco-Fagetea und azonale Gehölzgesellschaften [The vegetation of eastern Thessaly (Greece). III Querco-Fagetea and azonal woody communities]. Bot Jahrb Syst 101:313–361.
Regel C. 1933. Die Vegetationsverhältnisse einiger Gebirge im östlichen Teile des Mittelmeergebietes. Fedde, Rep. Beih. LXXI. 2 pp.
Regel C. 1943. Etudes sur la phytosociologie et la phytogéographie du Canton de Genève [Studies on the phytosociology and phytogeography of the Canton of Geneva]. Bull. Soc. Bot. Genève, 2° Ser. 34:18–43
Rehder H. 1961. Kastanienwälder, Kt. Tessin [Chestnut forests, Canton Ticino]. unpubl., In: Ellenberg H., Klötzli F. 1972. Waldgesellschaften und Waldstandorte der Schweiz. Ed.. Dr. W. Bosshard, Direktor der Eidgenössischen Anstalt für das Forstliche Versuchswesen. 48(4):494-930
Rehder H. 1962. Der Girstel – ein natürlicher Pfeifengras-Föhrenwald-Komplex am Albis bei Zürich. Ber. Geobot. Inst. Eidgenöss. Tech. Hochsch., Stift. Rübel 33:17–64
Reichert H. 1973. Das Ochsenbruch bei Börfink – Mitteilungen der POLLICHIA – 20: 33 - 63. https://www.zobodat.at/pdf/Mitt-Pollichia_20_0033-0063.pdf
"Reichhoff L., Schnelle E. 1977. Die Pflanzengesellschaften des Naturschutzgebietes ""Steckby-Lödderitzer Forst''. Hercynia 14:422-436. https://www.zobodat.at/pdf/Hercynia_14_0422-0436.pdf"
Renaux B., Boeuf R., Royer J.-M. 2010. Trois associations végétales nouvelles des forêts du domaine médio-européen français . Deschampsio cespitosae-Fagetum sylvaticae, Sorbo ariae-Quercetum petraeae et Carici brizoidis-Fraxinetum excelsioris [Three new plant associations in the forests of the French medio-European domain. Deschampsio cespitosae-Fagetum sylvaticae, Sorbo ariae-Quercetum petraeae and Carici brizoidis-Fraxinetum excelsioris]. Rev. For. Fr. 62:281–292.
Reszö Soó (1969): Die Wälder und Wiesen West- und Südtransdanubiens – Mitteilungen der Ostalpin-Dinarischen pflanzensoziologischen Arbeitsgemeinschaft – 9_1969: 199 - 212. https://www.zobodat.at/pdf/Mitt-ostalpin-dinaris-pflanzensoz-arbeitsg_9_1969_0199-0212.pdf
Richard J.-l. 1961. Les forêts acidophiles du Jura [ The acidophilous forests of the Jura]. Beitr. geobot. Landesaufn. Schweiz 38, 164 pp.
Richter W. 1966. Die natürliche Begrünung der erzgebirgischen Bergwerkshalden – Hercynia – 3: 114 - 146. https://www.zobodat.at/pdf/Hercynia_3_0114-0146.pdf
Riemenschneider M. 1956. Vergleichende Vegetationsstudien über die Heidewiesen im Isafbereich – Berichte der Bayerischen Botanischen Gesellschaft zur Erforschung der Flora – 31: 75 - 120. https://www.zobodat.at/pdf/Berichte-Bayerischen-Bot-Ges-Erforschung-Flora_31_0075-0120.pdf
Rivas Goday S. 1956. Aportaciones a la fitocociologia nota 2 [Contributions to phyto-sociology footnote 2]. Anal. Inst. Bot. A. J. Cavanilles 14:435-500 Madrid
Rivas Goday S. 1964. Vegetacion y florula de la Cuenca extremena del Guadiana [Vegetation and flora of the extreme basin of the Guadiana]. Publicatione de la excma. Diputacion Provincial de Badajoz. Madrid, 777 pp.
Rivas Goday S., Borja Carbonell J. 1961. Estudio de la vegetaciòn de Gudatr y Javalambre [Study of the vegetation of Gudatr and Javalambre]. Anales Inst. Bot. Cavanilles 19:1-550
Rivas Martínez S. 1982. Etages bioclimatiques, secteurs chorologiques et séries de végétation de l’Espagne méditerranéenne. In: In: Ecologia mediterranea, tome 8 n°1-2, 1982. Définition et localisation des écosystèmes méditerranéens terrestres / Definition and localization of terrestrian Mediterranean biota. Saint-Maximin (France) 16-20/11/81. pp. 275-288; doi : https://doi.org/10.3406/ecmed.1982.1954
Rivas Martínez S., Loidi Arregui J.J., Costa M., Díaz González T.E., Penas Merino A. (ed.) 1999.  Iter Ibericum A.D. Mim - Excursus geobotanicus per Hispaniam et Lusitaniam, ante XLII Symposium Societatis Internationalis Scientiae Vegetationis Bilbao mense Iulio celebrandum dicti Anni. Itinera Geobotanica 13:5-347
Rivas-Martinez S. 1987. «Mapa de series geoseries y geopermaseries de la vegetación de España (Memoria del mapa de la vegetación potencial de España)». PARTE I [‘Map of geoseries and geopermaseries of the vegetation of Spain (Memory of the map of the potential vegetation of Spain)’. PART I.]. Itinera Geobot. 17:5-435. León.
Rivas-Martínez S. 1965. Esquema de la vegetación potencial y su correspondencia con los suelos de la España peninsular. Anales Inst. Bot. Cavanilles (1964), 22 : 343-404. https://www.rjb.csic.es/jardinbotanico/ficheros/documentos/pdf/anales/1965/Anales_22(1)_341_405.pdf#page=45
Rivas-Martínez S. 1979. Brezales y jarales de Europa occidental (Revision Fitosociologica de las clases Calluno-Ulicetea y Cisto-Lavanduletea). Lazaroa 1 : 5-127.
Rivas-Martínez S., 2002. Vascular plant communities of Spain and Portugal (addenda to the syntaxonomical checklist of 2001, part I). Itiner. Geobot. 15:5-432.
Rivas-Martínez S., Costa  M., Castroviejo S., Valdés E. 1980. Vegetación de Doñana (Huelva, España). Lazaroa 2:5-189, https://core.ac.uk/download/70997356.pdf
Rivas-Martínez S., Díaz González  T.E, Fernández Prieto  J.A.,Loidi Arregui  J. , Penas Merino  A. 1984.- La vegetación de la alta montaña cantábrica: Los Picos de Europa. Ed. Leonesas. León 301 p. + map
Rizovski R., Dzekov S. 1990. Sumskata vegetacija na planinata Bistra (Die Walder des Gebirgsmassives Bistra) [The forests of the Bistra massif]. Makedonska Akad. na naukite i umetnostite,  72 pp., Skopje
Rochow M. von 1951. Die Pflanzengesellschaften des Kaiserstuhls [The plant communities of the Kaiserstuhl ] Pflanzensoziol Jena Vol. 8, 140 pp. 
Rodi D. 1974. Trockenrasengesellschaften des nordwestlichen Tertiärhügellandes. Berichte der Bayerischen Botanischen Gesellschaft zur Erforschung der Flora  45: 151 - 172. https://www.zobodat.at/pdf/Berichte-Bayerischen-Bot-Ges-Erforschung-Flora_45_0151-0172.pdf
Rodríguez Guitián M.A., Amigo Vázquez J., Real C., Romero Franco R. 2009 Revisión de la sintaxonomía de los hayedos del occidente de la Cordillera Cantábrica (NO Ibérico) mediante análisis multivariante. Lazaroa 30: 191-218,  
Rodríguez Rojo M.P., Rojo Úbeda J., Pérez Badia R. 2009. La diversidad vegetal de La Manchuela Conquense: una comarca manchega con influencias setabenses y celtibérico-alcarreñas.  Lazaroa 30:35-47
Roisin P. 1969. Le domaine phytogéographique atlantique d'Europe [Europe's Atlantic phytogeographical domain]. Ed. Gembloux . J. Duculot. Les Presses agronomiques de Gembloux, A.S.B.L., Série Mémoires, 7:1-262
Rolecek J. 2005. Vegetation types of dry-mesic oak forests in Slovakia. Preslia Praha 77:241-261
Roll H. 1938. Die Pflanzengesellschaften ostholsteinischer Fließgewässer [The plant communities of eastern Holstein watercourses]. Arch. Hydrobiol. 34:159–305.
Roll, H. (1940). Holsteinische Tümpel und ihre Pflanzengesellschaften. Limnologisch-soziologische Studien. Arch. Hydrobiol. Suppl. 10 : 572-630. 3 tab. Stuttgart.
Rosello R. 1994 Catálogo florístico y vegetación de la comarca natural del Alto Mijares (Castellón). Diputació de Castelló. In: Garilleti R., Calleja J.A., Lara F. 2012 Vegetación ribereña de los ríos y ramblas de la España meridional (península y archipiélagos). Ed.: Ministerio de Agricultura, Alimentación y Medio Ambiente Madrid, 645 p.
"Runge F. 1975. Die Pflanzengesellschaften des Naturschutzgebietes ""Auf der Sommerseite"" bei Oberkirchen/Hochsauerland. Natur und Heimat  35:90-94. https://www.zobodat.at/pdf/Natur-und-Heimat_35_0090-0094.pdf"
Rübel E. 1912. Pflanzengeographische Monographie des Berninagebietes [Plant geographic monograph of the Bernina region]. Bot. Jahrb. Syst. Pflanzengesch. Pflanzengeogr. 47:1–615
Rübel, E. 1920. Die Entwicklung der Pflanzensoziologie [The development of plant sociology]. Vierteljahresschrift der Naturforschenden Gesellschaft in Zürich. 65:574 - 604
Rühl A. 1960. Über die Waldvegetation der Kalkgebiete nordwestdeutscher Mittelgebirge – Decheniana – BH_8: 1 - 50. https://www.zobodat.at/pdf/Decheniana_BH_8_0001-0050.pdf
Rühl A. 1964. Vegetationskundliche Untersuchungen über die Bachauenwälder des Nordwestdeutschen Berglandes – Decheniana – 116: 29 - 44. https://www.zobodat.at/pdf/Decheniana_116_0029-0044.pdf
Salinas M.J., Blanca G. 1996 Vegetación forestal riparia de la provincia de Almería (SE España). Monografías de Flora y Vegetación Béticas, 9: 57-95. In: Garilleti R., Calleja J.A., Lara F. 2012 Vegetación ribereña de los ríos y ramblas de la España meridional (península y archipiélagos). Ed.: Ministerio de Agricultura, Alimentación y Medio Ambiente Madrid, 645 p.
Sandra V., Öllerer K., Burescu P. 2008. Fitocenozele din Romania. Ars Docendi Bucureşti, 576 p. https://www.ibiol.ro/publicatii/imagini/pdf/Fitocenozele%20din%20Romania%20-%20Sanda-Ollerer-Burescu%20-%202008%20-%20CD.pdf
Sauer E. 1955. Die Wälder des Mittelterrassengebietes östlich von Köln – Decheniana – BH_1: 1 - 186. https://www.zobodat.at/pdf/Decheniana_BH_1_0001-0186.pdf
Sauer F. 1937. Die Makrophytenvegetation ostholsteinischer Seen und Teiche [The macrophyte vegetation of eastern Holstein lakes and ponds]. Arch. Hydrobiol., Suppl. 6:431-592.
Sauer F. 1947. Einige Wasserpflanzengesellschaften an Tümpeln und Gräben in Nordfrankreich (Pas de calais) [Some aquatic plant communities in ponds and ditches in northern France (Pas de Calais)]. Arch. Hydrobiol., Suppl., 41(1-2):5-13
Scamoni A. 1935. Vegetationsstudien im Sarnow. Inaugural-Dissertation. Philosophische Fakultät der Friedrich-Wilhelm-Universität Berlin [Vegetation studies in the Sarnow. Inaugural dissertation. Faculty of Philosophy of the Friedrich-Wilhelm-University Berlin]. J. Forst- und Jagtwesen Vol. 11+12. Publ. Gustav Springer Berlin. 67 pp. 
Scamoni, A. (1935): Vegetationsstudien im Sarnow. Inaugural-Dissertation. Philosophische Fakultät der Friedrich-Wilhelm-Universität Berlin. J. Forst- und Jagdwesen Bd.. 11+12. Springer Berlin: 67 S. 
Schaminée J., Haveman R., Hennekens S., Horsthuis M., Janssen J., Ronde I. de, Smits N., Sýkora K., 2022. Veldgids Plantengemeenschappen van Nederland [Field guide to plant communities of the Netherlands], Publ.: KNNV, 3th. Ed., 464 p.
Schaminée J., Sykora K., Smits N., Horsthuis M. 2010. Veldgids Plantengemeenschappen van Nederland [Field guide to plant communities of the Netherlands], Publ.: KNNV, Veldgids nr 25, 440 p.
Schaminée JHJ. 1993. Die pflanzensoziologische Stellung der subalpinen Heiden atlantischer Mittelgebirge in Europa, mit besonderer Berücksichtigung des französischen Massif Central. Ber. d. Reinh.-Tüxen-Ges. 5:149-165. Hannover 
Scharfetter G. 1994. Ökologische Einnischung und höhenzonale Verbreitung der Assoziationen des Caricion curvulae im Gebiet des Seckauer Zinken. Mitt, naturwiss. Ver. Steiermark, Graz 124:159-171
Schlatte G. 1965. Das Aicher Moor, das bedeutendste inneralpine Betula humilis-Vorkommen. – Mitteilungen des naturwissenschaftlichen Vereins für Steiermark – 95: 185 - 210. https://www.zobodat.at/pdf/MittNatVerSt_95_0185-0210.pdf
Schmider P., Burnand J. 1988. Waldgesellschaften im Fürstentum Liechtenstein [Forest communities in the Principality of Liechtenstein]. Schriftenreihe der Regierung des Fürstentums Liechtenstein. Band 10. Vaduz (Liechtenstein), 191 pp. https://www.llv.li/serviceportal2/amtsstellen/amt-fuer-umwelt/publikationen/naturkindliche-forschung/b10-waldgesellschaften-2.pdf
Schmidt P. A., Hempel W., Denner M., Döring N., Gnüchtel B., Walter B., Wendel D. 2002. Potentielle natürliche Vegetation Sachsens mit Karte 1.200000 [Potential Natural Vegetation of Saxony with Map 1.200000]. Ed. Saxon State Office for Environment and Geology Dresden 230 pp.  
"Schnelle E. 1979. Die Pflanzengesellschaften des Naturschutzgebietes ,,Steckby-Lödderitzer Forst"". Hercynia 16:141-150. https://www.zobodat.at/pdf/Hercynia_16_0141-0150.pdf"
"Schnelle E. 1981. Die Pflanzengesellschaften des Naturschutzgebietes""Steckby-Lödderitzer Forst"" Hercynia 18:387-398. https://www.zobodat.at/pdf/Hercynia_18_0387-0398.pdf"
Schnyder A. 1930. Floristische und Vegetationsstudien im Alviergebiet. II. Teil. [Floristic and vegetation studies in the Alvier region. Part II.] Vierteljahrsschr. Nat.forsch. Ges. Zür. Beibl. 75:96–188
Schoof-van Pelt M., Westhoff V. 1969. Strandlingsgesellschaften seichter Gewässer in Irland (Littorelletea) - Arbeiten aus dem Botanischen Institut der Universität Nijmengen, Niederlande – Mitteilungen der Floristisch-soziologischen Arbeitsgemeinschaft (alte Serie) – NF_14: 211 - 223. https://www.zobodat.at/pdf/Mitt-flori-soz-Arb_NF_14_0211-0223.pdf
Schubert R 2001. Prodromus der Pflanzengesellschaften Sachsen-Anhalts. Mitteilungen zur floristischen Kartierung Sachsen-Anhalt Sonderheft 2, 685 p. https://ojs.ub.uni-frankfurt.de/mfk/index.php/mfk/article/view/425/409
Schubert R. 1960. Die zwergstrauchreichen azidiphilen Pflanzengesellschaften Mitteldeutschlands [The dwarf-shrub-rich acidophilous plant communities of Central Germany] VEB Gustav Fischer Jena 235 pp.
Schubert R. 1972a. Übersicht über die Pflanzengesellschaften des südlichen Teiles der DDR III.Wälder – Hercynia – 9: 1 - 34. https://www.zobodat.at/pdf/Hercynia_9_0001-0034.pdf
Schubert R. 1972b. Übersicht über die Pflanzengesellschaften · des südlichen Teiles der DDR III. Wälder – Hercynia – 9: 106 - 136. https://www.zobodat.at/pdf/Hercynia_9_0106-0136.pdf
Schubert R. 1972c. Übersicht über die Pflanzengesellschaften des südlichen Teiles der DDR III. Wälder – Hercynia – 9: 197 - 228. https://www.zobodat.at/pdf/Hercynia_9_0197-0228.pdf
Schubert R. 1973. Übersicht über die Pflanzengesellschaften des südlichen Teiles der DDR VI. Azidiphile Zwergstrauchheiden – Hercynia – 10: 101 - 110. https://www.zobodat.at/pdf/Hercynia_10_0101-0110.pdf
Schubert R. 1974. Übersicht über die Pflanzengesellschaften des südlichen Teils der DDR. X. Silbergrasreiche Pionnierfluren auf nährstoffarme Sand- und Grüsböden [Overview of the plant communities of the southern part of the GDR. X. Silvergrass-rich pioneer meadows on nutrient-poor sandy and grassy soils]. Hercynia, N.F., 11:29-298. 
Schubert R. 1974a. Übersicht über die Pflanzengesellschaften des südlichen Teiles der DDR IX. Mauerpfefferreiche Pionierfluren – Hercynia – 11: 201 - 214. https://www.zobodat.at/pdf/Hercynia_11_0201-0214.pdf
Schubert R. 1974b. Übersicht über die Pflanzengesellschaften des südlichen Teiles der DDR VIII. Basiphile Trocken- und Halbtrockenrasen – Hercynia – 11: 22 - 46. https://www.zobodat.at/pdf/Hercynia_11_0022-0046.pdf
Schubert R. 1974c. Übersicht über die Pflanzengesellschaften des südlichen Teiles der DDR X. Silbergrasreiche Pionierfluren auf nährstoffarmen Sand- und Grusböden – Hercynia – 11: 291 - 298. https://www.zobodat.at/pdf/Hercynia_11_0291-0298.pdf
Schubert R. 1991. Lehrbuch der Ökologie [Textbook of Ecology] Publisher Fischer Jena 657 pp
Schubert R., Klement O. 1961:  Die Flechtenvegetation des Brocken-Blockmeeres. Archiv f. Naturschutz u. Landschaftsforschung 1:18-38
Schubert R., Klotz W., Hilbig S. 1995. Bestimmungsbuch der Pflanzengesellschaften Mittel- und Nordostdeutschlands [Identification book of the plant communities of Central and North-Eastern Germany] Gustav Fischer Jena 403 pp.
Schulz M. 1941. Die Vegetation des Draussengebietes [The vegetation of the Draussen area]. Schr. Phys.-Ökonom. Ges. Königsberg, 72:1–118. 
Schumacher A. 1937. Floristisch-soziologische Beobachtungen in Hochmooren des südlichen Schwarzwaldes (Moore der Messtischblätter Feldberg, St. Blasien) [Floristic-sociological observations in raised bogs of the southern Black Forest (bogs of the Feldberg and St. Blasien survey maps)]. Beitr. naturk. Forsch. SW-Deutsch., Karlsruhe, 2(2):221-283.
Schwabe A. 1972. Vegetationsuntersuchungen in den Salzwiesen der Nordseeinsel Trischen [Vegetation studies in the salt marshes of the North Sea island of Trischen]. Abhandlungen aus dem Landesmuseum für Naturkunde zu  Münster in Westfalen, Münster. - 34(4)1972, S. 9-22
Schwarz G. 1941. Die natürlichen Pflanzengesellschaften des unteren Neckarlandes – Beiträge zur naturkundlichen Forschung in Südwestdeutschland – 6: 5 - 114. https://www.zobodat.at/pdf/Beitr-natukdl-Forsch-Suedwestdtschl_6_0005-0114.pdf
Schwickerath M. 1933. Die Vegetation des Landkreises Aachen und ihre Stellung im nördlichen Westdeutschland [The vegetation of the district of Aachen and its position in northern West Germany]. Beitr. Heimatk., 13:1-135. Aachen. 
Schwickerath M. 1944. Das Hohe Venn und seine Randgebiete. Pflanzensoziologie, Eine Reihe vegetationskundlicher Gebietmonographien [The High Fens and its peripheral areas. Plant sociology, a series of vegetation monographs. 6:145-148
Schwickerath M. 1958. Die wärmeliebenden Eichenwälder des Rheinstromgebiets und ihre Beziehungen zu den verwandten Wäldern Österreichs. – Schriften des Vereins zur Verbreitung naturwissenschaftlicher Kenntnisse Wien – 98: 85 - 112. https://www.zobodat.at/pdf/SVVNWK_98_0085-0112.pdf
Schönfelder P. 1967. Das Galeopsietum angustifoliae Büker 1942 — eine Kalkschuttpioniergesellschaft Nordbayerns – Mitteilungen der Floristisch-soziologischen Arbeitsgemeinschaft (alte Serie) – NF_11-12_1967: 5 - 10. https://www.zobodat.at/pdf/Mitt-flori-soz-Arb_NF_11-12_1967_0005-0010.pdf
Sciandrello S., Angiolini C., Bacchetta G., Cutini M., Dumoulin J., Fois M., Gabellini A., Gennai M., Gianguzzi L., Landi M., et al. 2022. Alnus glutinosa Riparian Woodlands of Italy and Corsica. Phytosociological Classification and Floristic Diversity. Land 12, 88 pp
Scoppola A., Filesi L. 1995. I boschi di latifoglie della Riserva Naturale Regionale Monte Rufeno (VT) [The broadleaf forests of the Monte Rufeno Regional Nature Reserve (VT)]. Ann. Bot. (Roma) suppl. 10:241–278.
Sebald O. H. 1975. Zur Kenntnis der Quellfluren und Waldsümpfe des Schwäbisch-Fränkischen Waldes. Beiträge zur naturkundlichen Forschung in Südwestdeutschland 34: 295 - 327. https://www.zobodat.at/pdf/Beitr-natukdl-Forsch-Suedwestdtschl_34_0295-0327.pdf
Semenishchenkov Y.A. 2009. Phytocenotic diversity of the Sudost’-Desna interfluve. RIO BSU Bryansk, 400 pp.
Semenishchenkov Y.A. 2012. Controversial questions of syntaxonomy of the xeromesophytic deciduous forests of the South-Western Nechernozemie region of Russia. Izv Samar Nauch Tsentra Ross Akad Nauk 14:1117-1120 [in Russian]
Semenishchenkov Y.A., Panchenko S.M. 2012. Ecological and floristic differentiation of coenoflora of xeromesophytic forests of the order Quercetalia pubescenti-petraeae Klika 1933 in the middle Desna basin (Russia and Ukraine). In. Flora and vegetation of the central Chernozem region – 2012. conference proceedings Kursk April 6 2012. Kursk pp 142–150 [in Russian]
Semenishchenkov Y.A., Poluyanov A.V. 2014. Steppic broad-leaved forests of the alliance Aceri tatarici-Quercion Zolyomi 1957 on the central-Russian upland. Rastit Ross 24:101-123 [in Russian]
Semenishchenkov Y.A., Teleganova V.V. 2013. Syntaxonomy and ecology of xeromesophytic oak forests of the Oka Valley within the Kaluga region. Uchen Zapis Orlov Gosudar Univ 3:132-138 [in Russian]
Shevchyk V.L., Solomakha V.A., Voityuk Y.O. 1996. Syntaxonomy of vegetation and a list of flora of the Kaniv nature reserve. Ukr Fitotsenot Zbirn Ser B 4:1–119 [in Ukrainian]
Simak M. 1951. Untersuchungen über den natürlichen Baumartenwechsel in schweizerischen Plenterwäldern [Studies on the natural tree species change in Swiss plenter forests]. Mitt. Eidgenöss. Forsch.anst. Wald Schnee Landsch. 27:406–468
Sissingh G. 1950. Onkruid-associaties in Nederland. Een sociologisch-systematische beschrijving van de klasse Rudereto-Secalinetea. Dissertatie Landbouwhogeschool Wageningen [Weed associations in the Netherlands. A sociological-systematic description of the class Rudereto-Secalinetea. Dissertation Agricultural University Wageningen.]. Verslagen van Landbouwkundige Onderzoekingen, 56, 15:1-224. [= Comm. SIGMA, 106, 224 pp.] 
Slavníč, Z., 1956. Vodena i barska vegetacija Vojvodine - Die Wasser- und Sumpfvegetation der Vojvodina [The water and marsh vegetation of Vojvodina]. Zbornik Matice. Srpke., N.S., 10:5-72.
Slobodda S. (1987): Pflanzengesellschaften und ihre Umwelt. 2. Aufl., Urania-Verlag. Leipzig-Jena-Berlin.
Slobodda S. 1982. Pflanzengesellschaften als Kriterium zur ökologischen Kennzeichnung des Standortsmosaiks [Plant communities as a criterion for the ecological characterisation of the site mosaic] Archiv Naturschutz und Landschaftspflege 22(2):79-101
Smaglyuk  O.Y.,  Solomakha  V.A. 2015 Floristic  classification  of  mesophilous  broad-leaved forests of Carpinion betuli Issl. 1931 em Oberd. 1953 union in the basin of lower Sula. Bulletin of Cherkasy University 19:98-109, https://bio-ejournal.cdu.edu.ua/article/view/133/130
Sokolova T.A. 2011. Problems of classification of arena oak forests in the north part of Rostov region. Akt Probl Guman Estestv Nauk 3:32–38 [in Russian]
Solanas J.L., Crespo M.B.  1998.- Posición sintaxonómica de los salviares setabenses. Lazaroa 19: 119-129
Solanas, J.L. 1996. Flora, vegetación y fitogeografía de la Marina Baixa. Tesis Doctoral. Universidad de Alicante
Solomakha I.V., Senchylo O.O., Vorobyov Y.O. 1996. Forest vegetation of the “Zhukiv Khutir” section. Ukr Fitotsenot Zbirn Ser A 3:63–78 [in Ukrainian]
Solomeshch A.I., Grigoriev I.N., Khaziakhmetov R.M. 1989. Syntaxonomy of the forest of the southern Urals. III. Order Quercetalia pubescentis. Manuscript. VINITI Moskva. No 6233-B89. [in Russian]
Solomeshch A.I., Grigoriev I.N., Muldashev A.A., Alimbekova L.M. 1994. Vegetation cover of the Shaitan-tau mountain ridge. In. Oak forests on the Shaytan-tau ridge and its protection issues. Ufimskii Nauchnii Tsentr’ Rossiiskoi Akademii Nauk Ufa, pp. 27-96 [in Russian]
Soó R. 1927. Geobotanische Monographie von Kolozsvár (Klausenburg) [Geobotanische Monographie von Kolozsvár (Cluj-Napoca)]. A studium könyvkiadó R. T. Bizománya, Debreceni Tisza István Tudományos társaság honismertetö bizottságának kiadványai, 4(15–16):1–151.Budapest.
Soó R. 1928. Adatok a Balatonvidék flórájának és vegetációjának ismeretéhez [Data on the flora and vegetation of Lake Balaton] I. Magy. Biol. Inst. Munkái 2:132-136.
Soó R. 1938. Wasser-, Sumpf- und Wiesenpflanzengesellschaften des Sandgebietes Nyirseg [Aquatic, marsh and meadow plant communities of the Nyirseg sandy area]. Botanikai Közlemenyeck., 35:249-273 Budapest (Hungary)
Soó R. 1947a. Conspectus des groupements végétaux dans les Bassins Carpathiques I. Les associations halophiles [Overview of plant groups in the Carpathian Basins I. Halophilic associations]. Institut Botanique de l’Université à Debrecen, 66 pp., Debrecen.
Soó R. 1947b. Revue systematique des associations vegetales des environs de Kolozsvar (respectivement de la Mezőség et de la région de la Szamos, en Transylvanie) [Systematic review of plant associations in the vicinity of Kolozsvar (Mezőség and Szamos regions, Transylvania)]. Acta Geobot. Hung. 6(1):1-50
Soó R. 1964a. Die regionalen Fagion-Verbände und Gesellschaften Südosteuropas [The Regional Fagion Associations and Societies of South-Eastern Europe]. Publisher of the Hungarian Academy of Sciences Budapest 104 pp + Annexes
Soó R. 1964b. A magyar flóra és vegetáció rendszertani-növényföldrajzi kézikönyve I [Systematic-geobotanical synopsis of the flora and vegetation of Hungary I]. Budapest: Akadémiai Kiadó. 589 pp.
Stajić S., Cvjeticanin R., Cokesa V., Miletic Z.,  Novakovic-Vukovic M., Eremija S., Rakonjak LJ.  2021. Plant species richness and diversity in natural beech and oak dominated forests of Kosmaj protected area (Serbia). Applied ecology and environmental research 19(4):2617-2628. Budapest, Hungary, DOI: http://dx.doi.org/10.15666/aeer/1904_26172628, 
Stallner C. 1974. Pflanzengesellschaften am Ramshecker Wasserfall mit ihren Bodenprofilen. Natur und Heimat 34: 59 - 66. https://www.zobodat.at/pdf/Natur-und-Heimat_34_0059-0066.pdf
Stamm E. 1938. Die Eichen-Hainbuchen-Wälder der Nordschweiz [The oak-hornbeam forests of northern Switzerland]. Beitr. geobot. Landesaufn. Schweiz 22, 164 pp.
Stanisci A., Acosta A., Ercole S., Blasi C. 2004 Plant communities on coastal dunes in Lazio (Italy). Annali di Botanica n.s. IV: 115-128
Staudinger M., Korner I. 2016. Überblick und Charakterisierung der Grünlandgesellschaften des Ruster Hügellandes (Nord-Burgenland). Biodiversität und Naturschutz in Ostösterreich - BCBEA 2(1): 18–57
Steffen H. 1931. Vegetationskunde von Ostpreussen [Vegetation science of East Prussia]. Pflanzensoziologie 1, 406 pp.
Streel M. 1959. Etude phytosociologique de la Fagne wallonne et de la Fagne de Clefay (structure et évolution des associations végétales à sphaignes dans les Hautes-Fagnes de Belgique) [Phytosociological study of the Fagne wallonne and the Fagne de Clefay (structure and evolution of Sphagnum plant associations in the Belgian High Fens)]. Acad. r. de Belgique, 108 p.
Strimmer A. 1974. Die Steppenvegetation des mittleren Vinschgaues (Südtirol: Italien). – Berichte des naturwissenschaftlichen-medizinischen Verein Innsbruck – 61: 7 - 42. https://www.zobodat.at/pdf/BERI_61_0007-0042.pdf
Stupar V., Milanović D., Brujić J., Čarni A. 2015. Formalized classification and nomenclatural revision of thermophilous deciduous forests (Quercetalia pubescentis) of Bosnia and Herzegovina. Tuexenia 35: 85-130. Göttingen. doi: 10.14471/2015.35.016, 
Stöhr O. 2003. Vegetationskundliche Untersuchungen an Streuwiesen im Vorfeld des Untersberges bei Großgmain (Salzburg, Österreich) und Marzoll (Bayern, BRD). Stapfia 81:1-231, https://www.zobodat.at/pdf/STAPFIA_0081_0001-0231.pdf
Succow M. 1974. Vorschlag einer systematischen Neugliederung der mineralbodenwasserbeeinflussten wachsenden Moorvegetation Mitteleuropas unter Ausklammerung des Gebirgsraumes [Proposal of a systematic reclassification of the mineral soil water-influenced growing mire vegetation of Central Europe excluding the mountain area]. Feddes Repertorium Berlin 85(1):113-257 
Succow M. 1988. Landschaftsökologische Moorkunde [Landscape ecology of peatlands] Gustav Fischer Publisher Jena 126 pp.
Succow M., Joosten H. 2001. Landschaftsökologische Moorkunde. [Landscape ecology of peatlands]. 2th Ed Schweizerbart´sche Publishersbuchhandlung Stuttgart. 622 pp
Sárbu I. 1979. Contributii la fitocenologia padurilor din bazinul chineju (jud. Galati) [Contributions to the phytocenology of forests in the Chineju Basin (Galati County)]. Plant Journal 22:173-176+annex.  https://plant-journal.uaic.ro/docs/1979/22.pdf
"Taffetani F., Biondi E. 1993 Boschi a Quercus cerris L. e Carpinus orientalis Miller nel versante adriatico
italiano. Ann. Bot. (Roma) 51 suppl. 10(1): 229-240"
Taffetani F., Catorci A., Ciaschetti G., Cutini M., Di Martino L., Frattaroli A.R., Paura B., Pirone G. Rismondo M., Zitti S. 2012 The Quercus cerris woods of the alliance Carpinion orientalis Horvat 1958 in Italy. Plant Biosystems 1:1–36,  https://www.researchgate.net/publication/234058059_The_Quercus_cerris_woods_of_the_alliance_Carpinion_orientalis_Horvat_1958_in_Italy
Thomaseder J. 1967. Die Vegetation des Peitlerkofels in Südtirol. – Veröffentlichungen des Tiroler Landesmuseums Ferdinandeum – 47: 67 - 120. https://www.zobodat.at/pdf/VeroeffFerd_47_0067-0120.pdf
Thébaud G. 2011. Contribution au prodome des végétation de France. les Oxycocco-Sphagnetea Braun-Blanq. & Tüxen ex V. Westh., Dijk, Pschier & Sissingh 1946 (tourbières acides eurosibériennes) [Contribution to the prodome of the vegetations of France. the Oxycocco-Sphagnetea Braun-Blanq. & Tüxen ex V. Westh, Dijk, Pschier & Sissingh 1946 (Eurosiberian acid mires)]. J. Bot. Soc. Bot. France 56.69-97
Thévenin S. 2021. Chênaie pubescente Quercion pubescenti-sessiliflorae Br.-Bl. 1932 de Champagne et de l’Est de l’Île-de-France [Pubescent oak forest Quercion pubescenti-sessiliflorae Br.-Bl. 1932 of Champagne and the east of Ile-de-France]. Revue forestière française  62 (3-4):271-280. 
Tomaszewicz H. 1969. The water and swamp vegetation of closed meanders of river Bug in Warsaw region Acta Soc. Bot. Pol., 38:217–245. (in Polish)
Tomaszewicz H. 1979. Roslinnosc wodna i szuwarowa Polski. Rozpr. Uniw. Warszawsk. 160:1-325.
Treiber R. (1998/1999): Pflanzengesellschaften und Nutzungsgeschichte eines Streuwiesen-Niedermoor-Komplexes im Drumlinfeld des Rhein-Bodensee-Gletschers (Bayern) und ein syntaxonomischer Vergleich mit bodensauren Pfeifengras-Wiesen des Westallgäuer Hügellandes (Baden-Württemberg). Ber. Naturf. Ges. Freiburg i. Br. , 88/89:147-184
Treiber R. 1999. Pflanzengesellschaften und Nutzungsgeschichte eines Streu wiesen-Niedermoor-Komplexes im Drumlinfeld des Rhein-Bodensee-Gletschers (Bayern) und ein syntaxonomischer Vergleich mit bodensauren Pfeifengras-Wiesen des Westallgäuer Hügellandes (Baden-Württemberg). Ber. Naturf. Ges. Freiburg i. Br. , 88/89:147-184, Freiburg
Trepp W. 1947. Der Lindenmischwald (Tilieto-Asperuletum taurinae) des schweizerischen voralpinen Föhn- und Seenbezirkes und seine pflanzensoziologische und forstliche Bedeutung [The mixed lime forest (Tilieto-Asperuletum taurinae) of the Swiss pre-alpine foehn and lake district and its phytosociological and forestry significance]. Beitr. geobot. Landesaufn. Schweiz 27, 128 pp.
Trepp W. 1978. Felsenmiere-Felsspaltengesellschaft Minuartietum rupestris Ass. nova - Eine Felsspaltengesellschaft aus dem schweizerischen Nationalpark im Unterengadin. Comun. Soc. stud. veget. Alp. orient. dinar. Ljubljana 14:395-402 
Trinajstic I. 1973. Über die systematische Stellung der Grauerlenwälder in Nordkroatien [On the systematic position of grey alder forests in northern Croatia]. J. Mitteilungen der Ostalpin-Dinarischen pflanzensoziologischen Arbeitsgemeinschaft 13:111-115
Trinajstic I. 1999. Syntaxonomische Übersicht der Schwarzföhrenwälder (Pinus nigra Arnold s.l.) Kroatiens [Syntaxonomic overview of the black pine forests (Pinus nigra Arnold s.l.) of Croatia]. Wiss. Mitt. Niederösterr. Landesmuseum 12:137-149. St. Pölten
Tzonev R,  Dimitrov M, Gussev C, VulchevV, Nikolov I. (2018) Classification of the relict forest communities of Palla’s Black Pine (Pinus nigra subsp. pallasiana) in Bulgaria. Haquetia 17(2):125-161 
Tzonev R., Dimitrov M., Chytry M., Roussakova V., Dimova D., Gussev C., Pavlov D., Vulchev V., Vitkova A., Gogoushev G., Petrich I., Nikolov T., Borisova D., Vratza A., Ganeva A. 2006. Beech forest communities in Bulgaria. Phytocoenologia 36(2):1-31, Sofia    DOI: 10.1127/0340-269X/2006/0036-0247 
Täuber T., Petersen J. 2000. Synopsis der Pflanzengesellschaften Deutschlands, Heft 7, Isoeto-Nanojuncetea (D1) - Zwergbinsen-Gesellschaften. Pub.: Mitteilungen der Floristisch-Soziologischen Arbeitsgemeinschaft Göttingen, 91 p. https://www.tuexenia.de/wp-content/uploads/Isoeto-Nanojuncetea-Heft-7.pdf  
Tüxen R. 1937. Die Pflanzengesellschaften Nordwestdeutschlands [The plant communities of Northwest Germany] Mitt. flor-soz. Arbgem. Niedersachsen Hannover 3:1-170 
Tüxen R. 1947. Der pflanzensoziologische Garten in Hannover und seine bisherige Entwicklung [The phytosociological garden in Hanover and its development to date]. Natur. Hist. Gesellschaft Hannover., 94/98:113-288. 
Tüxen R. 1953. Sagittaria sagittifolia-Sparganium simplex-Ass. Mitt. Florist.-Soziol. Arbeitsgem., N. F. 4:14
Tüxen R. 1954. Über die räumliche, durch Relief und Gestein bedingte Ordnung der natürlichen Waldgesellschaften am nördlichen Rande des Harzes. Vegetation V/VI:454-478, Den Haag
Tüxen R. 1958. Pflanzengesellschaften oligotropher Heidetümpel Nordwestdeutschlands [Plant communities of oligotrophic heathland ponds in Northwest Germany] Publishing by Geobot. Inst. Rübel i. Zürich Bern 33 pp. 
Tüxen R. 1974. Das Lahrer Moor - Pflanzensoziologische Beschreibung eines emsländischen Naturschutzgebietes. Mitteilungen der Floristisch-soziologischen Arbeitsgemeinschaft (alte Serie) NF 17: 39 - 68. https://www.zobodat.at/pdf/Mitt-flori-soz-Arb_NF_17_0039-0068.pdf
Tüxen R., Böckelmann W. 1957. Scharhörn, die Vegetation einer jungen ostfriesischen Vogelinsel - Arbeiten aus der Bundesanstalt für Vegetationskartierung – Mitteilungen der Floristisch-soziologischen Arbeitsgemeinschaft (alte Serie) – NF_6-7: 183 - 204. https://www.zobodat.at/pdf/Mitt-flori-soz-Arb_NF_6-7_0183-0204.pdf
Tüxen R., Dierschke H. 1968. Das Bullerbachtal in Sennestadt, eine pflanzensoziologische Lehranlage - Arbeiten aus der Arbeitsstelle für Theoretische und Angewandte Pflanzensoziologie, Todenmann (32) – Mitteilungen der Floristisch-soziologischen Arbeitsgemeinschaft (alte Serie) – NF_13: 227 - 243. https://www.zobodat.at/pdf/Mitt-flori-soz-Arb_NF_13_0227-0243.pdf
Tüxen R., Oberdorfer E. 1958. Die Pflanzenwelt Spaniens - Eurosibirische Phanerogamen-Gesellschaften Spaniens mit Ausblicken auf die Mediterran-Region dieses Landes [Eurosibirian phanerogamous communities of Spain with views of the Mediterranean region of this country]. Veröff. Geobot. Inst. Rübel Zürich, 32:1-328.
Tüxen R., Ohba T. 1975. Zur Kenntnis von Bach- und Quell-Erlenwäldern (Stellario nemori-AInetum glutinosae und Ribo sylvestris-Alnetum glutinosae). Beiträge zur naturkundlichen Forschung in Südwestdeutschland 34: 387 - 401. 
Tüxen R., Westhoff V. 1963. Saginetea maritimae eine Gesellschaftsgruppe im wechselhalinen Grenzbereich der europäischen Meeresküsten [Saginetea maritimae a social group in the alternate haline boundary region of the European seacoasts]. Mitt. flor-soz. Arbgemeinsch. Stolzenau/Weser 1963 N F 10:116-129 
Tüxen, R. (1928): Über die Vegetation der nordwestdeutschen Binnendünen [About the vegetation of the northwest German inland dunes]. Jahrb. Geogr. Ges. Hannover f.d. Jahr 1928. Hannover
Tüxen, R. (1930): Über einige nordwest-deutsche Waldassoziationen von regionaler Verbreitung [About some northwest German forest associations of regional distribution].  Jahrb. Geogr. Ges. Hannover 1929. Hannover: 63 pp.
Ubaldi D. (1981) La vegetazione di Monte Sole (Bologna), con carta 1:10.000. In: Fariselli R., Pezzi G., Buldrini F., Viciani D. 2024. La vegetazione dell’Emilia-Romagna. 2th ed. AMSActa - Institutional Research Repository by AlmaDL University of Bologna Digital Library. 724 p.  https://amsacta.unibo.it/id/eprint/7547/1/Vegetazione%20Emilia-Romagna%202%5E%20ed.pdf
Ubaldi D. 1995. Tipificazione di syntaxa forestali appenninici e siciliani [Typification of Apennine and Sicilian forest syntaxa]. Ann. Bot. (Roma) suppl. 10:113-127
Ubaldi D., Speranza M. 1982. L´inquadramento sintassonomico dei boschi a Quercus cerris e Ostrya carpinifolia del flysch nell´Appennino marchigiano settentrionale [The syntaxonomic classification of Quercus cerris and Ostrya carpinifolia flysch forests in the northern Apennines of the Marche region]. Stud. Geobot. 2:123-140.
Ubaldi D., Zanotti A.L., Puppi G. 1993 Les paysages forestiers de l’Emilie-Romagne et leur significationbioclimatique. Coll. Phytosoc. 21: 269-286, in: Fariselli R., Pezzi G., Buldrini F., Viciani D. 2024. La vegetazione dell’Emilia-Romagna. 2th ed. AMSActa - Institutional Research Repository by AlmaDL University of Bologna Digital Library. 724 p.  https://amsacta.unibo.it/id/eprint/7547/1/Vegetazione%20Emilia-Romagna%202%5E%20ed.pdf
Ubrizsý G. 1948. Contributions à la connaissance de la végétation de la montagne à l’Antalóc (en Karpathe-Ukraine) [Contributions to knowledge of mountain vegetation in Antalóc (Karpathe-Ukraine)]. Borbásia, 8:31–36. (in Hungarian, with French summary)
Ubrizsý G. 1961. Unkrautvegetation der Reiskulturen in Ungarn [Weed vegetation of rice crops in Hungary]. Acta. Bot. Acad. Sci. Hung., 7:175-220. 
Ullmann I. 1972. Das Zeubelrieder Moor - Pflanzensoziologische und vegetationskundliche Untersuchungen des Naturschutzgebietes – Abhandlungen des Naturwissenschaftlichen Vereins Würzburg – 13: 5 - 88. https://www.zobodat.at/pdf/Abh-Natwiss-Ver-Wuerzburg_13_0005-0088.pdf
Ungureanu L., Titica G., Baban E., Nistreanu V., Bogdea L., Bulat D., Bulat D. 2017. Habitatele speciilor rare de plante și de animale din raioanele Soroca și Ștefan Vodă, Republica Moldova. Ed.:  Institutului de Zoologie al AȘM și Grădinii Botanice (Institut) a AȘM, pp.88, https://www.undp.org/sites/g/files/zskgke326/files/migration/md/book-v13-RO.pdf
Usinger H., Wigger A. 1961.Vegetationskundliche Beobachtungen im Lechlager. 1959 [Vegetational observations in the Lechlager 1959]. Jahrbuch Deutscher Jugendbund für Naturbeobachtungen 1960/61 p. 57-78. Hamburg
Vagge I.,  Biondi E. 2008. La vegetazione a Juniperus thurifera L. sulle Alpi occidentali [The vegetation of Juniperus thurifera L. in the Western Alps]. Fitosociologia vol. 45(1):201-212
Varol Ö., Karaer  F., Terzioglu S., Kutbay  H.G. 2003. Phytosociological investigations of Pinus pinea L., forests in the North-East Anatolia region (Trabzon and Artvin - Turkey). Pak. J. Bot., 35:587-595.
Varol Ö., Tatli A. 2002. Phytosociological investigations of a Pinus pinea L. forest in the Eastern Mediterranean Region (K. Maras¸ – Turkey). Plant Ecology 158:223–228
Varol Ö., Tel A.Z. 2010. Ecological Features of  the Pinus pinea Forests in the North-West Region of Turkey (Yalova). Ekoloji 19, 76:95-101
"Veronico G., Sciandrello S., Medagli P., Tomaselli V. 2017. Vegetation survey and plant landscape mapping of the SCI IT9140002 “Litorale
Brindisino” (Puglia, Southern Italy). Plant Sociology 54(1):89-106, DOI 10.7338/pls2017541/04"
Vicedo Maestre M.A. 1997 La sierra de Crevillente: flora y vegetación. Generalitat Valenciana. Valencia. In: Garilleti R., Calleja J.A., Lara F. 2012 Vegetación ribereña de los ríos y ramblas de la España meridional (península y archipiélagos). Ed.: Ministerio de Agricultura, Alimentación y Medio Ambiente Madrid, 645 p. 
Vieira C., Honrado J.J.,  Séneca A., Barreto Caldas F. 2001. Comunidades higrófilas herbáceas (classes Potametea, Phragmito-Magnocaricetea, Isoeto-Littorelletea, Scheuchzerio-Caricetea, Oxycocco-Sphagnetea e Montio-Cardaminetea) no Parque Nacional da Peneda-Gerês (Noroeste de Portugal Continental). Quercetea 3:1-19, https://ptflora.up.pt/img/publicacoes/49/QUERCETEA_higrofilas.pdf 
Vigo J., Terradas J. 1969 Sobre la vegetación de la zona de acantilados triásicos del Baix Llobregat. Acta Geobotanica Barcinonensia (Barcelona), 4:1-31,  
"Vila-Viçosa C., Vázquez F.M. , Mendes P., S. Del Rio  S., Musarella  C., Cano-Ortiz A., Meireles C. 2015. Syntaxonomic update on the relict groves of Mirbeck's oak (Quercus canariensis Willd. and Q. marianica C. Vicioso) in
southern Iberia, Plant Biosystems 149:1-15, http://dx.doi.org/10.1080/11263504.2015.1040484"
Vilches de la Serna B., Sánchez-Mata D., Gavilán R.G. 2016. Marcescent Quercus pyrenaica Forest on the Iberian Peninsula. In: Elgene Owen Box (ed.) Vegetation Structure and Function at Multiple Spatial, Temporal and Conceptual Scales..p.257-283 
Villaret P. 1956. Etude floristique de la Vallée d’Anzeindaz [Floristic study of the Anzeindaz Valley]. Diss. Univ. Lausanne. 264 pp.
Vives J. 1964 Vegetacion de la Alta Cuenca del Cardener. Acta Geobotanica Barcinonensia Vol. 1, Barcelona, 229 p., https://bibdigital.rjb.csic.es/medias/45/e4/94/c2/45e494c2-ee50-4de9-9278-334ab8ca5eb1/files/P0961_1.pdf
Vlieger J. 1938. Aperçu sur les unités phytosociologiques supérieures des Pays-Bas [Overview of the higher phytosociological units in the Pays-Bas]. Comm. SIGMA, 57:335-353
Volk O.H. 1937. Über einige Trockenrasengesellschaften des Würzburger Wellenkalkgebietes [About some dry grassland communities of the Würzburg Wavy Limestone area] Beih. Bot. Cbl. 57:577-598 Sect. B
Volk O.H. 1939. Soziologische und Ökologische Untersuchungen an der Auenvegetation im Churer Rheintal und Domleschg [Sociological and ecological studies of alluvial vegetation in the Chur Rhine Valley and Domleschg]. Jahrb. Naturf. Ges. Graubünden, 76:29-79. [= Comm. SIGMA, 72, 51 p.] 
Vollmar F. 1947. Die Pflanzengesellschaften des Murnauer Moores [The plant communities of the Murnau moor]. Ber. Bayer. Bot. Ges. 27:13-97.
Vorobyov Y.O., Smoliar N.O., Smagliuk O.Y., Solomakha І.V. 2017. New association of xeromesophytic oak forests of Aceri tatarici-Quercion roboris alliance (class Quercetea pubescentis) in the basin of lower Sula. Chornomor Bot Zhurn 13:295–305 [in Ukrainian]
Wagner H. 1941. Die Trockenrasengesellschaften am Alpenostrand. Eine pflanzensoziologische Studie [The dry grassland communities on the eastern edge of the Alps. A phytosociological study]. Denkschr. Akad. Wiss. Wien, Math.-Naturwiss. Kl., p. 104:1–81
Walentowski H., Bergmeier E., Evers J., Hetsch W., Indreica, A., Kroiher F., Reif A., Simon A.,  Teodosiu M. 2015. Vegetation und Standorte in Waldlandschaften Rumäniens [Plants and habitats of Wooded Landscapes in Romania] Exkursionsführer der AFSV-Jahrestagung 2015 in Sibiu [Excursion guide for the AFSV 2015 Annual Meeting in Sibiu]. Publisher Kesse,l Remagen-Oberwinter, 117 p.
Walentowski H., Ewald  J., Fischer A., Kölling C., Türk W. 2004. Handbuch der natürlichen Waldgesellschaften Bayerns. [Handbook of the natural forest communities of Bavaria]. Ed.: Bayrische Landesanstalt für Wald und Forstwirtschaft. Publ.: Geobotanica Freising, 441 p.
Wallnöfer S. 2003. Thermophile Eichenwaldgesellschaften im Osten Österreichs. Verh. Zool.-Bot. Ges. Österreich 140:1-16. https://www.zobodat.at/pdf/VZBG_140_0001-0016.pdf
Wattendorff J. 1959. Die Pflanzengesellschaften eines kleineren Gebietes des unteren Lippetales unter Berücksichtigung der Grundwasserverhältnisse – Abhandlungen aus dem Westfälischen Provinzial-Museum für Naturkunde – 21_3_1959: 1 - 24. https://www.zobodat.at/pdf/Abh-Westf-Mus-Naturkde_21_3_1959_0001-0024.pdf
Wattez J.R. 1968. Contribution à l'étude de la végétation des marais arrière littoraux de la plaine alluviale picarde [Contribution to the study of the vegetation of the coastal back marshes of the Picardy alluvial plain]. Thèse, Univ. Lille, 378 pp. 
Weber H. E. 1976. Die Vegetation der Hase von der Quelle bis Quakenbrück – Osnabrücker Naturwissenschaftliche Mitteilungen – 4: 131 - 190. https://www.zobodat.at/pdf/Osnabruecker-Naturwiss-Mitt_4_0131-0190.pdf
Weber H. E.1982. Vegetation eines Schlatts im Landkreis Cloppenburg. Drosera 1982:117-134. https://www.zobodat.at/pdf/Drosera_1982_0117-0134.pdf
Weber, H.E. (1999): Synopsis der Pflanzengesellschaften Deutschlands. Heft 6. Salicetea arenariae ( H2B ) - Dünenweiden - Gebüsche [Synopsis of the plant communities of Germany. Salicetea arenariae ( H2B ) - Dune willows - Shrubs]. Floristisch - soziologische Arbeitsgemeinschaft und die Reinhold - Tüxen - Gesellschaft Göttingen: 45 pp.
Wedeck H. 1971. Über das Papaveretum argemonis (LlBB. 32) KRUSEM. et VLIEG. 39 in der Niederrheinischen Bucht – Decheniana – 123: 19 - 25. https://www.zobodat.at/pdf/Decheniana_123_0019-0025.pdf
Wedeck H. 1972. Unkrautgesellschaften der Hackfruchtkulturen in Osthessen – Philippia. Abhandlungen und Berichte aus dem Naturkundemuseum im Ottoneum zu Kassel – 1: 194 - 212. https://www.zobodat.at/pdf/Philippia_1_0194-0212.pdf
Weibel R. 1964. La végétation des terrains d’alluvion de la Boucle du Rhône de Cartigny [Vegetation in the alluvial deposits of the Cartigny Rhone Loop]. Travaux de la Société Botanique de Genève 7:31–61
Weisser P. 1970. Die Vegetationsverhältnisse des Neusiedlersees. Pflanzensoziologische und Ökologische Studien. – Wissenschaftliche Arbeiten aus dem Burgenland – 045: 1 - 83. https://www.zobodat.at/pdf/Wiss-Arbeiten-Burgenland_045_0001-0083.pdf
"Wendelberger G. 1953. Über einige hochalpine Pioniergesellschaften aus der Glockner- und Muntanitzgruppe in den Hohen Tauern – Verhandlungen der Zoologisch-Botanischen Gesellschaft in Wien. Frueher: Verh.des Zoologisch-Botanischen Vereins in Wien. seit 2014 ""Acta ZooBot Austria"" – 93: 100 - 109. https://www.zobodat.at/pdf/VZBG_93_0100-0109.pdf"
Wendelberger G. 1962. Die Pflanzengesellschaften des Dachstein-Plateaus. Mitt. Naturwiss. Verein Steiermark, Graz, 92:120-178
Wendelberger-Zelinka E. 1952. Die Vegetation der Donauauen bei Wallsee [The vegetation of the Danube floodplains near Wallsee]. Wels. 196 pp. 
Westhoff V. 1943. Plantensociologisch onderzoek in het bijzonder op de Waddeneilanden [Plant sociological research in particular on the Wadden Islands]. In. Handel. XXIXe Nederl. Natuur. Geneeskd. Congr., Amsterdam april 1943, pp. 27-40. 
Westhoff V., Den Held A.J. 1969. Plantengemeenschappen in Nederland [Plant communities in the Netherland]. Publ.: N.V.W.J. Thieme & Cie, Zutphen, 324 p. 
Westhoff V., Dijk J.W., Passchier H., Sissingh G. 1946. Overzicht der plantengemeenschappen in Nederland [Overview of plant communities in the Netherlands] (2e druk). Uitg. KNNV, NJN Breughel, Amsterdam, 118 pp. 
Wiedmann W. 1954. Die Trockenrasen zwischen Würm- und Ammersee. Berichte der Bayerischen Botanischen Gesellschaft zur Erforschung der Flora 30:126-162. https://www.zobodat.at/pdf/Berichte-Bayerischen-Bot-Ges-Erforschung-Flora_30_0126-0162.pdf
Willner W. 2002. Syntaxonomische Revision der südmitteleuropäischen Buchenwälder [Syntaxonomic Revision of the South-Central European Beech Forests]. Phytocoenologia 32(3):337-453, Berlin, Stuttgart 
Willner W., Grabherr G. (Eds.) 2007. Die Wälder und Gebüsche Österreichs [The Forests and Shrublands of Austria] Elsevier Spektrum Akademic Publisher Heidelberg München Text Vol. 302 pp. + Table Vol. 290 pp.
Winteler R. 1927. Studien über Soziologie und Verbreitung der Wälder, Sträucher und Zwergsträucher des Sernftales [Studies on the sociology and distribution of the forests, shrubs and dwarf shrubs of the Sernf valley]. Vierteljahrsschr. Nat.forsch. Ges. Zür. 72:1–185
Wirz-Luchsinger H. 1958. Beiträge zur Kenntnis der Flora und der Vegetation des hinteren Linthtales und Tödigebietes [Contributions to the knowledge of the flora and vegetation of the rear Linth valley and Tödi region]. Mitt. Nat.forsch. Ges. Kanton. Glarus 10:81–291
Wolf A. 1979. Vegetationszonierung im Brackwasserbereich der Elbe. Kieler Notizen zur Pflanzenkunde 11:13-20. https://www.zobodat.at/pdf/Kieler-Notizen-zur-Pflanzenkunde_11_0013-0020.pdf
Wolfram C. 1996. Die Vegetation des Bottsandes [The vegetation of the Bottsand] Mitt der AG Geobotanik in Schlesw.-Holst. und Hamburg Kiel Vol. 51, 11 pp.
Wolter M., Dierschke H. 1975. Laubwald-Gesellschaften der nördlichen Wesermünder Geest – Mitteilungen der Floristisch-soziologischen Arbeitsgemeinschaft (alte Serie)  NF 18: 203 - 217. https://www.zobodat.at/pdf/Mitt-flori-soz-Arb_NF_18_0203-0217.pdf
Zanotti A.L., Ubaldi D., Corbetta F., Pirone G. 1995. Boschi submontani della Appennino Lucano centro-meridionale [Submontane forests of the central-southern Lucanian Apennines]. Ann. Bot. (Roma) suppl. 10:49-67.
Zechmeister H.G., Steiner G.M. 1995. Quellfluren und Quellmoore der Waldviertels, Österreich [Spring meadows and spring moors of the Waldviertel, Austria]. Tuexenia 15:161-197. Göttingen 
Zimmitti A., Mangiafico R., Pitruzzello P. 2015. Requalification of coastal plant landscape of South-Eastern Sicily, Italy: the case of Marina di Priolo. Biodiversity Journal 6 (1):165–170
Zobrist L. 1935. Pflanzensoziologische und bodenkundliche Untersuchungen des Schoenetum nigricantis im nordschweizerischen Mitellande [Phytosociological and pedological investigations of the Schoenetum nigricantis in the northern Swiss Mitelland]. Beitr. Geobot. Landesaufn. Schweiz, 18:1-144
Zoller H. 1974. Flora und Vegetation der Innalluvionen zwischen Scuol und Martina (Unterengadin) [Flora and vegetation of the Innalluvions between Scuol and Martina (Lower Engadine)]. Ergeb. wiss. Unters. schweiz. Natl.park 12, 4. Lfg. 209 pp.
Zoller H., Geissler P., Athanasiadis N. 1977. Beiträge zur Kenntnis der Wälder, Moos- und Flechtenassoziationen in den Gebirgen Nordgriechenlands [Contributions to the knowledge of forests, moss and lichen associations in the mountains of Northern Greece]. Bauhinia 6:215–255 + tables.
Zollitsch B. 1967. Soziologische und ökologische Untersuchungen auf Kalkschiefern in hochalpinen Gebieten – Berichte der Bayerischen Botanischen Gesellschaft zur Erforschung der Flora – 40: 67 - 100. https://www.zobodat.at/pdf/Berichte-Bayerischen-Bot-Ges-Erforschung-Flora_40_0067-0100.pdf
Zukrigl K. 1973. Montane und subalpine Waldgesellschaften am Alpenostrand – Mitteilungen der forstlichen Bundes-Versuchsanstalt Wien – 101_1973: 1 - 386. https://www.zobodat.at/pdf/Mitteilungen-forstlichen-Bundes-Versuchsanstalt_101_1973_0001-0386.pdf
Zukrigl K., Nather J., Eckhart G. 1963. Standortskundiiche und waldbauliche Untersuchungen in Urwaldresten der niederösterreichischen Kalkalpen – Mitteilungen der forstlichen Bundes-Versuchsanstalt Wien – 62_1963: 1 - 244. https://www.zobodat.at/pdf/Mitteilungen-forstlichen-Bundes-Versuchsanstalt_62_1963_0001-0244.pdf
Zólyomi B. 1957. Der Tatarenahorn-Eichen-Lösswald der zonalen Waldsteppe [The Tatar maple-oak-loess forest of the zonal forest steppe].  Acta bot. Acad. sci. hung., 3:401–424
Zólyomi B., Horváth A., Kevey B., Lendvai G. 2013. Steppe woodlands with Tatarian maple (Aceri tatarici-Quercetum pubescentis-roboris) on the great Hungarian plain and its neighbourhood. An unfinished synthesis with supplementary notes. Acta Bot Hung 55:167–189
Zöttl H. 1951. Die Vegetationsentwicklung auf Felsschutt in der alpinen und subalpinen Stufe des Wettersteingebirges. Jahrbuch d. Vereins zum Schutz der Bergwelt 16:10-74
Zündorf H.-J. 1980. Vegetationskundliebe Untersuchungen im oberen Werratal bei Themar. Hercynia 17:4-42. https://www.zobodat.at/pdf/Hercynia_17_0004-0042.pdf
Álvarez L Udidos L Bobillo S. Beato A. Rodrígez S. Iglesias G. Santos L. 2008. Vegetación del entorno del Balneario de Valdelateja Valle de Sedano (Burgos). [Vegetation of the surroundings of the Valdelateja Spa Valle de Sedano (Burgos)]. An. R. Acad. Nac. Farm. 74:541-581. https://www.floramontiberica.org/Pub/Ladero_al_2008_Vegetacion_Valdelateja.pdf
